-- phpMyAdmin SQL Dump
-- version 5.2.1
-- https://www.phpmyadmin.net/
--
-- Host: localhost:3306
-- Generation Time: Feb 03, 2025 at 10:20 PM
-- Server version: 10.6.20-MariaDB
-- PHP Version: 8.3.15

SET SQL_MODE = "NO_AUTO_VALUE_ON_ZERO";
START TRANSACTION;
SET time_zone = "+00:00";


/*!40101 SET @OLD_CHARACTER_SET_CLIENT=@@CHARACTER_SET_CLIENT */;
/*!40101 SET @OLD_CHARACTER_SET_RESULTS=@@CHARACTER_SET_RESULTS */;
/*!40101 SET @OLD_COLLATION_CONNECTION=@@COLLATION_CONNECTION */;
/*!40101 SET NAMES utf8mb4 */;

--
-- Database: `ghadiria_sub`
--

-- --------------------------------------------------------

--
-- Table structure for table `audience_types`
--

CREATE TABLE `audience_types` (
  `id` bigint(20) UNSIGNED NOT NULL,
  `title` varchar(255) CHARACTER SET utf8mb4 COLLATE utf8mb4_unicode_ci DEFAULT NULL,
  `description` text CHARACTER SET utf8mb4 COLLATE utf8mb4_unicode_ci DEFAULT NULL,
  `status_id` int(11) DEFAULT NULL,
  `deleted_at` timestamp NULL DEFAULT NULL,
  `created_at` timestamp NULL DEFAULT NULL,
  `updated_at` timestamp NULL DEFAULT NULL
) ENGINE=MyISAM DEFAULT CHARSET=utf8mb3 COLLATE=utf8mb3_persian_ci;

--
-- Dumping data for table `audience_types`
--

INSERT INTO `audience_types` (`id`, `title`, `description`, `status_id`, `deleted_at`, `created_at`, `updated_at`) VALUES
(1, 'ุนููู', '', 1, NULL, NULL, NULL),
(2, 'ุขูุงุงู', '', 1, NULL, NULL, NULL),
(3, 'ุจุงููุงู', '', 1, NULL, NULL, NULL),
(4, 'ููุฌูุงูุงู', '', 1, NULL, NULL, NULL),
(5, 'ุฌูุงูุงู', '', 1, NULL, NULL, NULL);

-- --------------------------------------------------------

--
-- Table structure for table `base_cities`
--

CREATE TABLE `base_cities` (
  `id` bigint(20) UNSIGNED NOT NULL,
  `name_fa` varchar(50) DEFAULT NULL COMMENT 'ูุงู',
  `province_id` int(11) DEFAULT NULL COMMENT 'ุดูุงุณู ุงุณุชุงู',
  `status_id` int(11) NOT NULL DEFAULT 1 COMMENT 'ุดูุงุณู ูุถุนุช ูุนุงู/ุบุฑ ูุนุงู',
  `deleted_at` timestamp NULL DEFAULT NULL,
  `created_at` timestamp NULL DEFAULT NULL,
  `updated_at` timestamp NULL DEFAULT NULL
) ENGINE=MyISAM DEFAULT CHARSET=utf8mb3 COLLATE=utf8mb3_persian_ci;

--
-- Dumping data for table `base_cities`
--

INSERT INTO `base_cities` (`id`, `name_fa`, `province_id`, `status_id`, `deleted_at`, `created_at`, `updated_at`) VALUES
(1, 'ุขุจุงุฏุงู', 13, 1, NULL, NULL, NULL),
(2, 'ุขุจุงุฏู', 17, 1, NULL, NULL, NULL),
(3, 'ุขุจุฏุงูุงู', 6, 1, NULL, NULL, NULL),
(4, 'ุขุจฺฉ', 18, 1, NULL, NULL, NULL),
(5, 'ุขุฐุฑุดูุฑ', 1, 1, NULL, NULL, NULL),
(6, 'ุขุฑุงุฏุงู', 15, 1, NULL, NULL, NULL),
(7, 'ุขุฑุงู ูุจุฏฺฏู', 4, 1, NULL, NULL, NULL),
(8, 'ุขุฒุงุฏุดูุฑ', 24, 1, NULL, NULL, NULL),
(9, 'ุขุณุชุงุฑุง', 25, 1, NULL, NULL, NULL),
(10, 'ุขุณุชุงูู ุงุดุฑูู', 25, 1, NULL, NULL, NULL),
(11, 'ุขุดุชุงู', 28, 1, NULL, NULL, NULL),
(12, 'ุขุบุงุฌุงุฑ', 13, 1, NULL, NULL, NULL),
(13, 'ุขู ููุง', 24, 1, NULL, NULL, NULL),
(14, 'ุขูู', 27, 1, NULL, NULL, NULL),
(15, 'ุขูุฌ', 18, 1, NULL, NULL, NULL),
(16, 'ุงุจุฑฺฉูู', 31, 1, NULL, NULL, NULL),
(17, 'ุงุจูููุณ', 29, 1, NULL, NULL, NULL),
(18, 'ุงุจูุฑ', 14, 1, NULL, NULL, NULL),
(19, 'ุงุฑุงฺฉ', 28, 1, NULL, NULL, NULL),
(20, 'ุงุฑุฏุจู', 3, 1, NULL, NULL, NULL),
(21, 'ุงุฑุฏุณุชุงู', 4, 1, NULL, NULL, NULL),
(22, 'ุงุฑุฏฺฉุงู', 31, 1, NULL, NULL, NULL),
(23, 'ุงุฑุฏู', 9, 1, NULL, NULL, NULL),
(24, 'ุงุฑุฒูู', 21, 1, NULL, NULL, NULL),
(25, 'ุงุฑุณูุฌุงู', 17, 1, NULL, NULL, NULL),
(26, 'ุงุฑููู', 2, 1, NULL, NULL, NULL),
(27, 'ุงุฒูุง', 26, 1, NULL, NULL, NULL),
(28, 'ุงุณุชูุจุงู', 17, 1, NULL, NULL, NULL),
(29, 'ุงุณุฏุขุจุงุฏ', 30, 1, NULL, NULL, NULL),
(30, 'ุงุณูุฑุงู', 12, 1, NULL, NULL, NULL),
(31, 'ุงุณฺฉู', 1, 1, NULL, NULL, NULL),
(32, 'ุงุณูุงู ุขุจุงุฏุบุฑุจ', 22, 1, NULL, NULL, NULL),
(33, 'ุงุณูุงูุดูุฑ', 8, 1, NULL, NULL, NULL),
(34, 'ุงุดุชูุงุฑุฏ', 5, 1, NULL, NULL, NULL),
(35, 'ุงุดฺฉุฐุฑ', 31, 1, NULL, NULL, NULL),
(36, 'ุงุดููู', 2, 1, NULL, NULL, NULL),
(37, 'ุงุตููุงู', 4, 1, NULL, NULL, NULL),
(38, 'ุงุตูุงูุฏูุฒ', 3, 1, NULL, NULL, NULL),
(39, 'ุงููุฏ', 17, 1, NULL, NULL, NULL),
(40, 'ุงูุจุฑุฒ', 18, 1, NULL, NULL, NULL),
(41, 'ุงูฺฏูุฏุฑุฒ', 26, 1, NULL, NULL, NULL),
(42, 'ุงููุด', 25, 1, NULL, NULL, NULL),
(43, 'ุงูุฏู', 13, 1, NULL, NULL, NULL),
(44, 'ุงูุงุฑ', 21, 1, NULL, NULL, NULL),
(45, 'ุงูุฏฺฉุง', 13, 1, NULL, NULL, NULL),
(46, 'ุงูุฏูุดฺฉ', 13, 1, NULL, NULL, NULL),
(47, 'ุงูุฒ', 17, 1, NULL, NULL, NULL),
(48, 'ุงูุฑ', 1, 1, NULL, NULL, NULL),
(49, 'ุงููุงุฒ', 13, 1, NULL, NULL, NULL),
(50, 'ุงุฌุฑูุฏ', 14, 1, NULL, NULL, NULL),
(51, 'ุงุฐู', 13, 1, NULL, NULL, NULL),
(52, 'ุงุฑุงูุดูุฑ', 16, 1, NULL, NULL, NULL),
(53, 'ุงูุงู', 6, 1, NULL, NULL, NULL),
(54, 'ุงูุงู', 6, 1, NULL, NULL, NULL),
(55, 'ุจุงุจู', 27, 1, NULL, NULL, NULL),
(56, 'ุจุงุจูุณุฑ', 27, 1, NULL, NULL, NULL),
(57, 'ุจุงุฎุฑุฒ', 11, 1, NULL, NULL, NULL),
(58, 'ุจุงุดุช', 23, 1, NULL, NULL, NULL),
(59, 'ุจุงุบ ููฺฉ', 13, 1, NULL, NULL, NULL),
(60, 'ุจุงูุช', 21, 1, NULL, NULL, NULL),
(61, 'ุจุงูู', 31, 1, NULL, NULL, NULL),
(62, 'ุจุงูู', 20, 1, NULL, NULL, NULL),
(63, 'ุจุงู', 13, 1, NULL, NULL, NULL),
(64, 'ุจุฌุณุชุงู', 11, 1, NULL, NULL, NULL),
(65, 'ุจุฌููุฑุฏ', 12, 1, NULL, NULL, NULL),
(66, 'ุจุฎุชฺฏุงู', 17, 1, NULL, NULL, NULL),
(67, 'ุจุฏุฑู', 6, 1, NULL, NULL, NULL),
(68, 'ุจุฑุฎูุงุฑ', 4, 1, NULL, NULL, NULL),
(69, 'ุจุฑุฏุณฺฉู', 11, 1, NULL, NULL, NULL),
(70, 'ุจุฑุฏุณุฑ', 21, 1, NULL, NULL, NULL),
(71, 'ุจุฑูุฌุฑุฏ', 26, 1, NULL, NULL, NULL),
(72, 'ุจุฑูุฌู', 9, 1, NULL, NULL, NULL),
(73, 'ุจุณุชุงู ุขุจุงุฏ', 1, 1, NULL, NULL, NULL),
(74, 'ุจุณุชฺฉ', 29, 1, NULL, NULL, NULL),
(75, 'ุจุดุงฺฏุฑุฏ', 29, 1, NULL, NULL, NULL),
(76, 'ุจุดุฑูู', 10, 1, NULL, NULL, NULL),
(77, 'ุจู', 21, 1, NULL, NULL, NULL),
(78, 'ุจููพูุฑ', 16, 1, NULL, NULL, NULL),
(79, 'ุจู', 9, 1, NULL, NULL, NULL),
(80, 'ุจูุงุจ', 1, 1, NULL, NULL, NULL),
(81, 'ุจูุฏุฑุงูุฒู', 25, 1, NULL, NULL, NULL),
(82, 'ุจูุฏุฑุนุจุงุณ', 29, 1, NULL, NULL, NULL),
(83, 'ุจูุฏุฑฺฏุฒ', 24, 1, NULL, NULL, NULL),
(84, 'ุจูุฏุฑููฺฏู', 29, 1, NULL, NULL, NULL),
(85, 'ุจูุฏุฑูุงูุดูุฑ', 13, 1, NULL, NULL, NULL),
(86, 'ุจู ู ู ูุงูุฏุดุช', 4, 1, NULL, NULL, NULL),
(87, 'ุจูุงูุงุช', 17, 1, NULL, NULL, NULL),
(88, 'ุจูุดูุฑ', 7, 1, NULL, NULL, NULL),
(89, 'ุจูฺฉุงู', 2, 1, NULL, NULL, NULL),
(90, 'ุจูุฑุงุญูุฏ', 23, 1, NULL, NULL, NULL),
(91, 'ุจูู ุฒูุฑุง', 18, 1, NULL, NULL, NULL),
(92, 'ุจูุงุจุงุฏ', 31, 1, NULL, NULL, NULL),
(93, 'ุจูุงุฑ', 30, 1, NULL, NULL, NULL),
(94, 'ุจูุงุฑุณุชุงู', 8, 1, NULL, NULL, NULL),
(95, 'ุจูุจูุงู', 13, 1, NULL, NULL, NULL),
(96, 'ุจูุดูุฑ', 27, 1, NULL, NULL, NULL),
(97, 'ุจูู', 23, 1, NULL, NULL, NULL),
(98, 'ุจุฌุงุฑ', 20, 1, NULL, NULL, NULL),
(99, 'ุจุฑุฌูุฏ', 10, 1, NULL, NULL, NULL),
(100, 'ุจุถุง', 17, 1, NULL, NULL, NULL),
(101, 'ุจูู ุณูุงุฑ', 3, 1, NULL, NULL, NULL),
(102, 'ุจูุงููุฏ', 11, 1, NULL, NULL, NULL),
(103, 'ูพุงุฑุณ ุขุจุงุฏ', 3, 1, NULL, NULL, NULL),
(104, 'ูพุงุฑุณุงู', 29, 1, NULL, NULL, NULL),
(105, 'ูพุงุณุงุฑฺฏุงุฏ', 17, 1, NULL, NULL, NULL),
(106, 'ูพุงฺฉุฏุดุช', 8, 1, NULL, NULL, NULL),
(107, 'ูพุงูู', 22, 1, NULL, NULL, NULL),
(108, 'ูพุฑุฏุณ', 8, 1, NULL, NULL, NULL),
(109, 'ูพูุฏุฎุชุฑ', 26, 1, NULL, NULL, NULL),
(110, 'ูพูุฏุดุช', 2, 1, NULL, NULL, NULL),
(111, 'ูพุฑุงูุดูุฑ', 2, 1, NULL, NULL, NULL),
(112, 'ูพุดูุง', 8, 1, NULL, NULL, NULL),
(113, 'ุชุงฺฉุณุชุงู', 18, 1, NULL, NULL, NULL),
(114, 'ุชุงุจุงุฏ', 11, 1, NULL, NULL, NULL),
(115, 'ุชุจุฑุฒ', 1, 1, NULL, NULL, NULL),
(116, 'ุชุฑุจุช ุฌุงู', 11, 1, NULL, NULL, NULL),
(117, 'ุชุฑุจุช ุญุฏุฑู', 11, 1, NULL, NULL, NULL),
(118, 'ุชุฑฺฉูู', 24, 1, NULL, NULL, NULL),
(119, 'ุชูุช', 31, 1, NULL, NULL, NULL),
(120, 'ุชูุชุงู', 16, 1, NULL, NULL, NULL),
(121, 'ุชูุฑุด', 28, 1, NULL, NULL, NULL),
(122, 'ุชฺฉุงุจ', 2, 1, NULL, NULL, NULL),
(123, 'ุชูฺฉุงุจู', 27, 1, NULL, NULL, NULL),
(124, 'ุชูฺฏุณุชุงู', 7, 1, NULL, NULL, NULL),
(125, 'ุชูุณุฑฺฉุงู', 30, 1, NULL, NULL, NULL),
(126, 'ุชูุฑุงู', 8, 1, NULL, NULL, NULL),
(127, 'ุชุฑุงู ูฺฉุฑูู', 4, 1, NULL, NULL, NULL),
(128, 'ุซูุงุซ ุจุงุจุงุฌุงู', 22, 1, NULL, NULL, NULL),
(129, 'ุฌุงุฌุฑู', 12, 1, NULL, NULL, NULL),
(130, 'ุฌุงุณฺฉ', 29, 1, NULL, NULL, NULL),
(131, 'ุฌุบุชุง', 11, 1, NULL, NULL, NULL),
(132, 'ุฌููุง', 1, 1, NULL, NULL, NULL),
(133, 'ุฌู', 7, 1, NULL, NULL, NULL),
(134, 'ุฌูุงูุฑูุฏ', 22, 1, NULL, NULL, NULL),
(135, 'ุฌูุจุงุฑ', 27, 1, NULL, NULL, NULL),
(136, 'ุฌูู', 11, 1, NULL, NULL, NULL),
(137, 'ุฌูุฑู', 17, 1, NULL, NULL, NULL),
(138, 'ุฌุฑูุช', 21, 1, NULL, NULL, NULL),
(139, 'ฺุงุฏฺฏุงู', 4, 1, NULL, NULL, NULL),
(140, 'ฺุงุฑุงููุงู', 1, 1, NULL, NULL, NULL),
(141, 'ฺุงูุฏุฑุงู', 2, 1, NULL, NULL, NULL),
(142, 'ฺุงููุณ', 27, 1, NULL, NULL, NULL),
(143, 'ฺุงู ุจูุงุฑ', 16, 1, NULL, NULL, NULL),
(144, 'ฺุงูพุงุฑู', 2, 1, NULL, NULL, NULL),
(145, 'ฺุฑุงู', 23, 1, NULL, NULL, NULL),
(146, 'ฺุฑุฏุงูู', 6, 1, NULL, NULL, NULL),
(147, 'ฺฺฏู', 26, 1, NULL, NULL, NULL),
(148, 'ฺูุงุฑุงู', 11, 1, NULL, NULL, NULL),
(149, 'ุญุงุฌ ุงุจุงุฏ', 29, 1, NULL, NULL, NULL),
(150, 'ุญูุฏู', 13, 1, NULL, NULL, NULL),
(151, 'ุฎุงุชู', 31, 1, NULL, NULL, NULL),
(152, 'ุฎุงุด', 16, 1, NULL, NULL, NULL),
(153, 'ุฎุงููุฑุฒุง', 9, 1, NULL, NULL, NULL),
(154, 'ุฎุฏุงุขูุฑู', 1, 1, NULL, NULL, NULL),
(155, 'ุฎุฏุงุจูุฏู', 14, 1, NULL, NULL, NULL),
(156, 'ุฎุฑุงูู', 17, 1, NULL, NULL, NULL),
(157, 'ุฎุฑู ุขุจุงุฏ', 26, 1, NULL, NULL, NULL),
(158, 'ุฎุฑู ุจุฏ', 17, 1, NULL, NULL, NULL),
(159, 'ุฎุฑูุฏุฑู', 14, 1, NULL, NULL, NULL),
(160, 'ุฎุฑูุดูุฑ', 13, 1, NULL, NULL, NULL),
(161, 'ุฎูุฑ', 17, 1, NULL, NULL, NULL),
(162, 'ุฎูุฎุงู', 3, 1, NULL, NULL, NULL),
(163, 'ุฎูู ุขุจุงุฏ', 11, 1, NULL, NULL, NULL),
(164, 'ุฎูุฑ', 29, 1, NULL, NULL, NULL),
(165, 'ุฎูู', 28, 1, NULL, NULL, NULL),
(166, 'ุฎูู ุดูุฑ', 4, 1, NULL, NULL, NULL),
(167, 'ุฎูุฌ', 17, 1, NULL, NULL, NULL),
(168, 'ุฎูุฏุงุจ', 28, 1, NULL, NULL, NULL),
(169, 'ุฎูุงู', 11, 1, NULL, NULL, NULL),
(170, 'ุฎูุงูุณุงุฑ', 4, 1, NULL, NULL, NULL),
(171, 'ุฎูุฑ ู ุจุงุจุงูฺฉ', 4, 1, NULL, NULL, NULL),
(172, 'ุฎูุณู', 10, 1, NULL, NULL, NULL),
(173, 'ุฎูุดุงุจ', 11, 1, NULL, NULL, NULL),
(174, 'ุฎู', 2, 1, NULL, NULL, NULL),
(175, 'ุฏุงุฑุงุจ', 17, 1, NULL, NULL, NULL),
(176, 'ุฏุงูุงูู', 22, 1, NULL, NULL, NULL),
(177, 'ุฏุงูุบุงู', 15, 1, NULL, NULL, NULL),
(178, 'ุฏุงูุฑุฒู', 11, 1, NULL, NULL, NULL),
(179, 'ุฏุฑฺฏุฒ', 11, 1, NULL, NULL, NULL),
(180, 'ุฏุฑฺฏุฒู', 30, 1, NULL, NULL, NULL),
(181, 'ุฏุฑูุงู', 10, 1, NULL, NULL, NULL),
(182, 'ุฏุฑู ุดูุฑ', 6, 1, NULL, NULL, NULL),
(183, 'ุฏุฒููู', 13, 1, NULL, NULL, NULL),
(184, 'ุฏุดุช ุขุฒุงุฏฺฏุงู', 13, 1, NULL, NULL, NULL),
(185, 'ุฏุดุชุณุชุงู', 7, 1, NULL, NULL, NULL),
(186, 'ุฏุดุช', 7, 1, NULL, NULL, NULL),
(187, 'ุฏุดุชุงุฑ', 16, 1, NULL, NULL, NULL),
(188, 'ุฏููุงู', 26, 1, NULL, NULL, NULL),
(189, 'ุฏูฺฏุงู', 16, 1, NULL, NULL, NULL),
(190, 'ุฏูุฌุงู', 28, 1, NULL, NULL, NULL),
(191, 'ุฏูุงููุฏ', 8, 1, NULL, NULL, NULL),
(192, 'ุฏูุง', 23, 1, NULL, NULL, NULL),
(193, 'ุฏูุฑูุฏ', 26, 1, NULL, NULL, NULL),
(194, 'ุฏูุงูุงู', 4, 1, NULL, NULL, NULL),
(195, 'ุฏูฺฏูุงู', 20, 1, NULL, NULL, NULL),
(196, 'ุฏููุฑุงู', 6, 1, NULL, NULL, NULL),
(197, 'ุฏุฑ', 7, 1, NULL, NULL, NULL),
(198, 'ุฏูู', 7, 1, NULL, NULL, NULL),
(199, 'ุฏูุงูุฏุฑู', 20, 1, NULL, NULL, NULL),
(200, 'ุฑุงุจุฑ', 21, 1, NULL, NULL, NULL),
(201, 'ุฑุงุฒ ู ุฌุฑฺฏูุงู', 12, 1, NULL, NULL, NULL),
(202, 'ุฑุงุณฺฉ', 16, 1, NULL, NULL, NULL),
(203, 'ุฑุงูุณุฑ', 27, 1, NULL, NULL, NULL),
(204, 'ุฑุงูุดุฑ', 13, 1, NULL, NULL, NULL),
(205, 'ุฑุงููุฑูุฒ', 13, 1, NULL, NULL, NULL),
(206, 'ุฑุงูุงู', 24, 1, NULL, NULL, NULL),
(207, 'ุฑุงูุฑ', 21, 1, NULL, NULL, NULL),
(208, 'ุฑุจุงุท ฺฉุฑู', 8, 1, NULL, NULL, NULL),
(209, 'ุฑุฒู', 30, 1, NULL, NULL, NULL),
(210, 'ุฑุณุชู', 17, 1, NULL, NULL, NULL),
(211, 'ุฑุดุช', 25, 1, NULL, NULL, NULL),
(212, 'ุฑุดุชุฎูุงุฑ', 11, 1, NULL, NULL, NULL),
(213, 'ุฑุถูุงูุดูุฑ', 25, 1, NULL, NULL, NULL),
(214, 'ุฑูุณูุฌุงู', 21, 1, NULL, NULL, NULL),
(215, 'ุฑูุงูุณุฑ', 22, 1, NULL, NULL, NULL),
(216, 'ุฑูุฏุงู', 29, 1, NULL, NULL, NULL),
(217, 'ุฑูุฏุจุงุฑ', 25, 1, NULL, NULL, NULL),
(218, 'ุฑูุฏุจุงุฑุฌููุจ', 21, 1, NULL, NULL, NULL),
(219, 'ุฑูุฏุณุฑ', 25, 1, NULL, NULL, NULL),
(220, 'ุฑููุดฺฉุงู', 26, 1, NULL, NULL, NULL),
(221, 'ุฑ', 8, 1, NULL, NULL, NULL),
(222, 'ุฑฺฏุงู', 21, 1, NULL, NULL, NULL),
(223, 'ุฒุงุจู', 16, 1, NULL, NULL, NULL),
(224, 'ุฒุงูู', 11, 1, NULL, NULL, NULL),
(225, 'ุฒุงูุฏุงู', 16, 1, NULL, NULL, NULL),
(226, 'ุฒุฑูุงู', 17, 1, NULL, NULL, NULL),
(227, 'ุฒุฑูุฏ', 21, 1, NULL, NULL, NULL),
(228, 'ุฒุฑูุฏู', 28, 1, NULL, NULL, NULL),
(229, 'ุฒุฑู ุฏุดุช', 17, 1, NULL, NULL, NULL),
(230, 'ุฒูุฌุงู', 14, 1, NULL, NULL, NULL),
(231, 'ุฒูฺฉ', 16, 1, NULL, NULL, NULL),
(232, 'ุฒุฑฺฉูู', 10, 1, NULL, NULL, NULL),
(233, 'ุณุงุฑ', 27, 1, NULL, NULL, NULL),
(234, 'ุณุงูุงู', 9, 1, NULL, NULL, NULL),
(235, 'ุณุงูุฌุจูุงุบ', 5, 1, NULL, NULL, NULL),
(236, 'ุณุงูู', 28, 1, NULL, NULL, NULL),
(237, 'ุณุจุฒูุงุฑ', 11, 1, NULL, NULL, NULL),
(238, 'ุณูพุฏุงู', 17, 1, NULL, NULL, NULL),
(239, 'ุณุฑุงุจ', 1, 1, NULL, NULL, NULL),
(240, 'ุณุฑุงูุงู', 16, 1, NULL, NULL, NULL),
(241, 'ุณุฑุงุงู', 10, 1, NULL, NULL, NULL),
(242, 'ุณุฑุจุงุฒ', 16, 1, NULL, NULL, NULL),
(243, 'ุณุฑุจุดู', 10, 1, NULL, NULL, NULL),
(244, 'ุณุฑูพู ุฐูุงุจ', 22, 1, NULL, NULL, NULL),
(245, 'ุณุฑฺูุงู', 17, 1, NULL, NULL, NULL),
(246, 'ุณุฑุฎุณ', 11, 1, NULL, NULL, NULL),
(247, 'ุณุฑุฎู', 15, 1, NULL, NULL, NULL),
(248, 'ุณุฑุฏุดุช', 2, 1, NULL, NULL, NULL),
(249, 'ุณุฑุนู', 3, 1, NULL, NULL, NULL),
(250, 'ุณุฑูุขุจุงุฏ', 20, 1, NULL, NULL, NULL),
(251, 'ุณุฑูุณุชุงู', 17, 1, NULL, NULL, NULL),
(252, 'ุณูุฒ', 20, 1, NULL, NULL, NULL),
(253, 'ุณูุณูู', 26, 1, NULL, NULL, NULL),
(254, 'ุณูุทุงูู', 14, 1, NULL, NULL, NULL),
(255, 'ุณููุงุณ', 2, 1, NULL, NULL, NULL),
(256, 'ุณููุงู', 15, 1, NULL, NULL, NULL),
(257, 'ุณูุฑู', 4, 1, NULL, NULL, NULL),
(258, 'ุณููุฑ', 22, 1, NULL, NULL, NULL),
(259, 'ุณููุฏุฌ', 20, 1, NULL, NULL, NULL),
(260, 'ุณูุงุฏฺฉูู', 27, 1, NULL, NULL, NULL),
(261, 'ุณูุงุฏฺฉูู ุดูุงู', 27, 1, NULL, NULL, NULL),
(262, 'ุณุงูฺฉู', 25, 1, NULL, NULL, NULL),
(263, 'ุณุจ ู ุณูุฑุงู', 16, 1, NULL, NULL, NULL),
(264, 'ุณุฑุฌุงู', 21, 1, NULL, NULL, NULL),
(265, 'ุณุฑูุงู', 6, 1, NULL, NULL, NULL),
(266, 'ุณุฑฺฉ', 29, 1, NULL, NULL, NULL),
(267, 'ุณูุฑุบ', 27, 1, NULL, NULL, NULL),
(268, 'ุดุงุฏฺฏุงู', 13, 1, NULL, NULL, NULL),
(269, 'ุดุงุฒูุฏ', 28, 1, NULL, NULL, NULL),
(270, 'ุดุงูุฑูุฏ', 15, 1, NULL, NULL, NULL),
(271, 'ุดุงูู ุฏฺ', 2, 1, NULL, NULL, NULL),
(272, 'ุดุงูู ุดูุฑูููู', 4, 1, NULL, NULL, NULL),
(273, 'ุดุจุณุชุฑ', 1, 1, NULL, NULL, NULL),
(274, 'ุดูุช', 25, 1, NULL, NULL, NULL),
(275, 'ุดูุฑุงูุงุช', 8, 1, NULL, NULL, NULL),
(276, 'ุดูุด', 13, 1, NULL, NULL, NULL),
(277, 'ุดูุดุชุฑ', 13, 1, NULL, NULL, NULL),
(278, 'ุดูุท', 2, 1, NULL, NULL, NULL),
(279, 'ุดูุฑุจุงุจฺฉ', 21, 1, NULL, NULL, NULL),
(280, 'ุดูุฑุถุง', 4, 1, NULL, NULL, NULL),
(281, 'ุดูุฑฺฉุฑุฏ', 9, 1, NULL, NULL, NULL),
(282, 'ุดูุฑุงุฑ', 8, 1, NULL, NULL, NULL),
(283, 'ุดุฑุงุฒ', 17, 1, NULL, NULL, NULL),
(284, 'ุดุฑูุงู', 12, 1, NULL, NULL, NULL),
(285, 'ุตุงูุญ ุขุจุงุฏ', 11, 1, NULL, NULL, NULL),
(286, 'ุตุญูู', 22, 1, NULL, NULL, NULL),
(287, 'ุตููุนู ุณุฑุง', 25, 1, NULL, NULL, NULL),
(288, 'ุทุงุฑู', 14, 1, NULL, NULL, NULL),
(289, 'ุทุงููุงู', 5, 1, NULL, NULL, NULL),
(290, 'ุทุจุณ', 10, 1, NULL, NULL, NULL),
(291, 'ุทูุงูุด', 25, 1, NULL, NULL, NULL),
(292, 'ุนุจุงุณ ุขุจุงุฏ', 27, 1, NULL, NULL, NULL),
(293, 'ุนุฌุจ ุดุฑ', 1, 1, NULL, NULL, NULL),
(294, 'ุนุณููู', 7, 1, NULL, NULL, NULL),
(295, 'ุนู ุขุจุงุฏ ฺฉุชูู', 24, 1, NULL, NULL, NULL),
(296, 'ุนูุจุฑุขุจุงุฏ', 21, 1, NULL, NULL, NULL),
(297, 'ูุงุฑุณุงู', 9, 1, NULL, NULL, NULL),
(298, 'ูุงุฑูุฌ', 12, 1, NULL, NULL, NULL),
(299, 'ูุงุฑุงุจ', 21, 1, NULL, NULL, NULL),
(300, 'ูุงููู', 30, 1, NULL, NULL, NULL),
(301, 'ูุฑุงุดุจูุฏ', 17, 1, NULL, NULL, NULL),
(302, 'ูุฑุงูุงู', 28, 1, NULL, NULL, NULL),
(303, 'ูุฑุฏูุณ', 10, 1, NULL, NULL, NULL),
(304, 'ูุฑุฏุณ', 5, 1, NULL, NULL, NULL),
(305, 'ูุฑุฏู', 4, 1, NULL, NULL, NULL),
(306, 'ูุฑุฏููุดูุฑ', 4, 1, NULL, NULL, NULL),
(307, 'ูุฑุฏููฺฉูุงุฑ', 27, 1, NULL, NULL, NULL),
(308, 'ูุฑูุงู', 11, 1, NULL, NULL, NULL),
(309, 'ูุณุง', 17, 1, NULL, NULL, NULL),
(310, 'ููุงูุฑุฌุงู', 4, 1, NULL, NULL, NULL),
(311, 'ูููุฌ', 16, 1, NULL, NULL, NULL),
(312, 'ูููู', 25, 1, NULL, NULL, NULL),
(313, 'ููุฑุฌ', 21, 1, NULL, NULL, NULL),
(314, 'ูุฑูุฒุขุจุงุฏ', 17, 1, NULL, NULL, NULL),
(315, 'ูุฑูุฒฺฉูู', 8, 1, NULL, NULL, NULL),
(316, 'ูุฑูุฒู', 11, 1, NULL, NULL, NULL),
(317, 'ูุงู ุดูุฑ', 27, 1, NULL, NULL, NULL),
(318, 'ูุงูุงุช', 10, 1, NULL, NULL, NULL),
(319, 'ูุฏุณ', 8, 1, NULL, NULL, NULL),
(320, 'ูุฑฺฺฉ', 8, 1, NULL, NULL, NULL),
(321, 'ูุฑูู', 20, 1, NULL, NULL, NULL),
(322, 'ูุฒูู', 18, 1, NULL, NULL, NULL),
(323, 'ูุดู', 29, 1, NULL, NULL, NULL),
(324, 'ูุตุฑุดุฑู', 22, 1, NULL, NULL, NULL),
(325, 'ูุตุฑููุฏ', 16, 1, NULL, NULL, NULL),
(326, 'ููุนู ฺฏูุฌ', 21, 1, NULL, NULL, NULL),
(327, 'ูู', 19, 1, NULL, NULL, NULL),
(328, 'ููฺุงู', 11, 1, NULL, NULL, NULL),
(329, 'ูุฑูฺฉุงุฑุฒู', 17, 1, NULL, NULL, NULL),
(330, 'ฺฉุงุฑูู', 13, 1, NULL, NULL, NULL),
(331, 'ฺฉุงุฒุฑูู', 17, 1, NULL, NULL, NULL),
(332, 'ฺฉุงุดุงู', 4, 1, NULL, NULL, NULL),
(333, 'ฺฉุงุดูุฑ', 11, 1, NULL, NULL, NULL),
(334, 'ฺฉุงูุงุฑุงู', 20, 1, NULL, NULL, NULL),
(335, 'ฺฉุจูุฏุฑุขููฺฏ', 30, 1, NULL, NULL, NULL),
(336, 'ฺฉุฑุฌ', 5, 1, NULL, NULL, NULL),
(337, 'ฺฉุฑุฏฺฉู', 24, 1, NULL, NULL, NULL),
(338, 'ฺฉุฑูุงู', 21, 1, NULL, NULL, NULL),
(339, 'ฺฉุฑูุงูุดุงู', 22, 1, NULL, NULL, NULL),
(340, 'ฺฉูุงุช', 11, 1, NULL, NULL, NULL),
(341, 'ฺฉูุงุฑุฏุดุช', 27, 1, NULL, NULL, NULL),
(342, 'ฺฉูุงูู', 24, 1, NULL, NULL, NULL),
(343, 'ฺฉูุจุฑ', 1, 1, NULL, NULL, NULL),
(344, 'ฺฉูุฌุงู', 28, 1, NULL, NULL, NULL),
(345, 'ฺฉูุงุฑฺฉ', 16, 1, NULL, NULL, NULL),
(346, 'ฺฉูฺฏุงู', 7, 1, NULL, NULL, NULL),
(347, 'ฺฉูฺฏุงูุฑ', 22, 1, NULL, NULL, NULL),
(348, 'ฺฉูุงุฑ', 17, 1, NULL, NULL, NULL),
(349, 'ฺฉูุซุฑ', 3, 1, NULL, NULL, NULL),
(350, 'ฺฉูู ฺูุงุฑ', 17, 1, NULL, NULL, NULL),
(351, 'ฺฉููุจูุงู', 21, 1, NULL, NULL, NULL),
(352, 'ฺฉููุฏุดุช', 26, 1, NULL, NULL, NULL),
(353, 'ฺฉููุฑูฺฏ', 9, 1, NULL, NULL, NULL),
(354, 'ฺฉููุณุฑุฎ', 11, 1, NULL, NULL, NULL),
(355, 'ฺฉูฺฏููู', 23, 1, NULL, NULL, NULL),
(356, 'ฺฉูููุฌ', 21, 1, NULL, NULL, NULL),
(357, 'ฺฉุงุฑ', 9, 1, NULL, NULL, NULL),
(358, 'ฺฏุงูฺฉุด', 24, 1, NULL, NULL, NULL),
(359, 'ฺฏุชููุฏ', 13, 1, NULL, NULL, NULL),
(360, 'ฺฏฺุณุงุฑุงู', 23, 1, NULL, NULL, NULL),
(361, 'ฺฏุฑุงุด', 17, 1, NULL, NULL, NULL),
(362, 'ฺฏุฑฺฏุงู', 24, 1, NULL, NULL, NULL),
(363, 'ฺฏุฑูุณุงุฑ', 15, 1, NULL, NULL, NULL),
(364, 'ฺฏุฑูู', 12, 1, NULL, NULL, NULL),
(365, 'ฺฏุฑู', 3, 1, NULL, NULL, NULL),
(366, 'ฺฏููพุงฺฏุงู', 4, 1, NULL, NULL, NULL),
(367, 'ฺฏููฺฏุงู', 27, 1, NULL, NULL, NULL),
(368, 'ฺฏูุดุงู', 24, 1, NULL, NULL, NULL),
(369, 'ฺฏูุงุจุงุฏ', 11, 1, NULL, NULL, NULL),
(370, 'ฺฏูุงูู', 7, 1, NULL, NULL, NULL),
(371, 'ฺฏูุจุฏฺฉุงููุณ', 24, 1, NULL, NULL, NULL),
(372, 'ฺฏูุงูุบุฑุจ', 22, 1, NULL, NULL, NULL),
(373, 'ูุงุฑุณุชุงู', 17, 1, NULL, NULL, NULL),
(374, 'ูุงู', 13, 1, NULL, NULL, NULL),
(375, 'ูุงูุฑุฏ', 17, 1, NULL, NULL, NULL),
(376, 'ูุงูุฌุงู', 25, 1, NULL, NULL, NULL),
(377, 'ูุฑุฏฺฏุงู', 9, 1, NULL, NULL, NULL),
(378, 'ููุฌุงู', 4, 1, NULL, NULL, NULL),
(379, 'ููุฏู', 23, 1, NULL, NULL, NULL),
(380, 'ููฺฏุฑูุฏ', 25, 1, NULL, NULL, NULL),
(381, 'ูุงุฑฺฏูู', 23, 1, NULL, NULL, NULL),
(382, 'ูุงุณุงู', 25, 1, NULL, NULL, NULL),
(383, 'ูุงฺฉู', 2, 1, NULL, NULL, NULL),
(384, 'ูุงูู ูุณูููุงู', 12, 1, NULL, NULL, NULL),
(385, 'ูุงููุดุงู', 14, 1, NULL, NULL, NULL),
(386, 'ูุจุงุฑฺฉู', 4, 1, NULL, NULL, NULL),
(387, 'ูุญูุงุช', 28, 1, NULL, NULL, NULL),
(388, 'ูุญููุฏุขุจุงุฏ', 27, 1, NULL, NULL, NULL),
(389, 'ูุฑุงุบู', 1, 1, NULL, NULL, NULL),
(390, 'ูุฑุงูู ุชูพู', 24, 1, NULL, NULL, NULL),
(391, 'ูุฑูุฏ', 1, 1, NULL, NULL, NULL),
(392, 'ูุฑูุฏุดุช', 17, 1, NULL, NULL, NULL),
(393, 'ูุฑูุงู', 20, 1, NULL, NULL, NULL),
(394, 'ูุณุฌุฏุณููุงู', 13, 1, NULL, NULL, NULL),
(395, 'ูุดฺฏู ุดูุฑ', 3, 1, NULL, NULL, NULL),
(396, 'ูุดูุฏ', 11, 1, NULL, NULL, NULL),
(397, 'ููุงุฑุฏ', 8, 1, NULL, NULL, NULL),
(398, 'ููุงุฑ', 30, 1, NULL, NULL, NULL),
(399, 'ููฺฉุงู', 1, 1, NULL, NULL, NULL),
(400, 'ููฺฉุดุงู', 6, 1, NULL, NULL, NULL),
(401, 'ููุณู', 17, 1, NULL, NULL, NULL),
(402, 'ูููุฌุงู', 21, 1, NULL, NULL, NULL),
(403, 'ูู ููุงุช', 11, 1, NULL, NULL, NULL),
(404, 'ููุงุจุงุฏ', 2, 1, NULL, NULL, NULL),
(405, 'ููุฏ ุดูุฑ', 15, 1, NULL, NULL, NULL),
(406, 'ููุฑ', 17, 1, NULL, NULL, NULL),
(407, 'ููุฑุงู', 6, 1, NULL, NULL, NULL),
(408, 'ููุฑุณุชุงู', 16, 1, NULL, NULL, NULL),
(409, 'ููุฑุฒ', 31, 1, NULL, NULL, NULL),
(410, 'ูุงู', 15, 1, NULL, NULL, NULL),
(411, 'ูุงูุฏูุขุจ', 2, 1, NULL, NULL, NULL),
(412, 'ูุงูุฏูุฑูุฏ', 27, 1, NULL, NULL, NULL),
(413, 'ูุงูู', 1, 1, NULL, NULL, NULL),
(414, 'ูุจุฏ', 31, 1, NULL, NULL, NULL),
(415, 'ูุฑุฌุงูู', 16, 1, NULL, NULL, NULL),
(416, 'ููุงุจ', 29, 1, NULL, NULL, NULL),
(417, 'ูููุฏุดุช', 24, 1, NULL, NULL, NULL),
(418, 'ูุงู', 4, 1, NULL, NULL, NULL),
(419, 'ูุฌู ุขุจุงุฏ', 4, 1, NULL, NULL, NULL),
(420, 'ูุฑูุงุดุฑ', 21, 1, NULL, NULL, NULL),
(421, 'ูุทูุฒ', 4, 1, NULL, NULL, NULL),
(422, 'ูุธุฑุขุจุงุฏ', 5, 1, NULL, NULL, NULL),
(423, 'ููุฏู', 2, 1, NULL, NULL, NULL),
(424, 'ูฺฉุง', 27, 1, NULL, NULL, NULL),
(425, 'ููู', 3, 1, NULL, NULL, NULL),
(426, 'ููุฑ', 27, 1, NULL, NULL, NULL),
(427, 'ููุดูุฑ', 27, 1, NULL, NULL, NULL),
(428, 'ููุงููุฏ', 30, 1, NULL, NULL, NULL),
(429, 'ููุจูุฏุงู', 10, 1, NULL, NULL, NULL),
(430, 'ู ุฑุฒ', 17, 1, NULL, NULL, NULL),
(431, 'ูุฑ', 3, 1, NULL, NULL, NULL),
(432, 'ูุดุงุจูุฑ', 11, 1, NULL, NULL, NULL),
(433, 'ูฺฉ ุดูุฑ', 16, 1, NULL, NULL, NULL),
(434, 'ููุฑูุฒ', 16, 1, NULL, NULL, NULL),
(435, 'ูุฑุงูู', 8, 1, NULL, NULL, NULL),
(436, 'ูุฑุฒูุงู', 1, 1, NULL, NULL, NULL),
(437, 'ูุงููู', 16, 1, NULL, NULL, NULL),
(438, 'ูุฑุณู', 22, 1, NULL, NULL, NULL),
(439, 'ูุฑุณ', 1, 1, NULL, NULL, NULL),
(440, 'ูุดุชุฑูุฏ', 1, 1, NULL, NULL, NULL),
(441, 'ููุชฺฉู', 13, 1, NULL, NULL, NULL),
(442, 'ูููุงู', 6, 1, NULL, NULL, NULL),
(443, 'ููุฏุงู', 30, 1, NULL, NULL, NULL),
(444, 'ููุฏุฌุงู', 13, 1, NULL, NULL, NULL),
(445, 'ููุฑุงูุฏ', 1, 1, NULL, NULL, NULL),
(446, 'ููุฒู', 13, 1, NULL, NULL, NULL),
(447, 'ูุฑููุฏ', 16, 1, NULL, NULL, NULL),
(448, 'ุฒุฏ', 31, 1, NULL, NULL, NULL);

-- --------------------------------------------------------

--
-- Table structure for table `base_genders`
--

CREATE TABLE `base_genders` (
  `id` bigint(20) UNSIGNED NOT NULL,
  `title_fa` varchar(100) DEFAULT NULL,
  `title_en` varchar(100) DEFAULT NULL,
  `status_id` int(11) NOT NULL DEFAULT 1 COMMENT 'ุดูุงุณู ูุถุนุช ูุนุงู/ุบุฑ ูุนุงู ',
  `created_at` timestamp NULL DEFAULT NULL,
  `updated_at` timestamp NULL DEFAULT NULL,
  `deleted_at` timestamp NULL DEFAULT NULL
) ENGINE=MyISAM DEFAULT CHARSET=utf8mb3 COLLATE=utf8mb3_persian_ci;

--
-- Dumping data for table `base_genders`
--

INSERT INTO `base_genders` (`id`, `title_fa`, `title_en`, `status_id`, `created_at`, `updated_at`, `deleted_at`) VALUES
(1, 'ุขูุง', 'male', 1, '2024-07-06 14:22:35', '2024-07-06 14:22:35', NULL),
(2, 'ุฎุงูู', 'femail', 1, '2024-07-06 14:22:35', '2024-07-06 14:22:35', NULL);

-- --------------------------------------------------------

--
-- Table structure for table `base_languages`
--

CREATE TABLE `base_languages` (
  `id` bigint(20) UNSIGNED NOT NULL,
  `title` varchar(10) DEFAULT NULL COMMENT 'ุนููุงู',
  `symbol` varchar(5) DEFAULT NULL COMMENT 'ุนููุงู ุงุฎุชุตุงุฑ',
  `dir` varchar(3) NOT NULL DEFAULT 'rtl' COMMENT 'ฺูุด',
  `icon` varchar(50) DEFAULT NULL COMMENT 'ุขฺฉูู',
  `status_id` int(11) NOT NULL DEFAULT 1 COMMENT 'ุดูุงุณู ูุถุนุช ูุนุงู/ุบุฑ ูุนุงู',
  `deleted_at` timestamp NULL DEFAULT NULL,
  `created_at` timestamp NULL DEFAULT NULL,
  `updated_at` timestamp NULL DEFAULT NULL
) ENGINE=MyISAM DEFAULT CHARSET=utf8mb3 COLLATE=utf8mb3_persian_ci;

--
-- Dumping data for table `base_languages`
--

INSERT INTO `base_languages` (`id`, `title`, `symbol`, `dir`, `icon`, `status_id`, `deleted_at`, `created_at`, `updated_at`) VALUES
(1, 'ูุงุฑุณ', 'fa', 'rtl', 'fa.png', 1, NULL, '2024-07-06 14:22:35', '2024-07-06 14:22:35'),
(2, 'English', 'en', 'ltr', 'en.png', 0, NULL, '2024-07-06 14:22:35', '2024-07-06 14:22:35'),
(3, 'ุนุฑุจ', 'ar', 'rtl', 'ar.png', 0, NULL, '2024-07-06 14:22:35', '2024-07-06 14:22:35');

-- --------------------------------------------------------

--
-- Table structure for table `base_provinces`
--

CREATE TABLE `base_provinces` (
  `id` bigint(20) UNSIGNED NOT NULL,
  `name_fa` varchar(50) DEFAULT NULL COMMENT 'ูุงู',
  `name_en` varchar(50) DEFAULT NULL COMMENT 'ูุงู',
  `name_ar` varchar(50) DEFAULT NULL COMMENT 'ูุงู',
  `country_id` int(11) DEFAULT NULL COMMENT 'ุดูุงุณู ฺฉุดูุฑ',
  `icon` varchar(50) DEFAULT NULL COMMENT 'ุขฺฉูู',
  `description_fa` text DEFAULT NULL COMMENT 'ุชูุถุญุงุช',
  `description_en` text DEFAULT NULL COMMENT 'ุชูุถุญุงุช',
  `description_ar` text DEFAULT NULL COMMENT 'ุชูุถุญุงุช',
  `status_id` int(11) NOT NULL DEFAULT 1 COMMENT 'ุดูุงุณู ูุถุนุช ูุนุงู/ุบุฑ ูุนุงู',
  `deleted_at` timestamp NULL DEFAULT NULL,
  `created_at` timestamp NULL DEFAULT NULL,
  `updated_at` timestamp NULL DEFAULT NULL
) ENGINE=MyISAM DEFAULT CHARSET=utf8mb3 COLLATE=utf8mb3_persian_ci;

--
-- Dumping data for table `base_provinces`
--

INSERT INTO `base_provinces` (`id`, `name_fa`, `name_en`, `name_ar`, `country_id`, `icon`, `description_fa`, `description_en`, `description_ar`, `status_id`, `deleted_at`, `created_at`, `updated_at`) VALUES
(1, 'ุขุฐุฑุจุงุฌุงู ุดุฑู', 'East Azerbaijan', 'ุขุฐุฑุจุฌุงู ุงูุดุฑูุฉ', 1, NULL, NULL, NULL, NULL, 1, NULL, '2024-11-26 13:36:03', '2024-11-26 13:36:03'),
(2, 'ุขุฐุฑุจุงุฌุงู ุบุฑุจ', 'West Azerbaijan', 'ุขุฐุฑุจุฌุงู ุงูุบุฑุจุฉ', 1, NULL, NULL, NULL, NULL, 1, NULL, '2024-11-26 13:36:03', '2024-11-26 13:36:03'),
(3, 'ุงุฑุฏุจู', 'Ardabil', 'ุฃุฑุฏุจู', 1, NULL, NULL, NULL, NULL, 1, NULL, '2024-11-26 13:36:03', '2024-11-26 13:36:03'),
(4, 'ุงุตููุงู', 'Isfahan', 'ุฃุตููุงู', 1, NULL, NULL, NULL, NULL, 1, NULL, '2024-11-26 13:36:03', '2024-11-26 13:36:03'),
(5, 'ุงูุจุฑุฒ', 'Alborz', 'ุฃูุจุฑุฒ', 1, NULL, NULL, NULL, NULL, 1, NULL, '2024-11-26 13:36:03', '2024-11-26 13:36:03'),
(6, 'ุงูุงู', 'Ilam', 'ุฅูุงู', 1, NULL, NULL, NULL, NULL, 1, NULL, '2024-11-26 13:36:03', '2024-11-26 13:36:03'),
(7, 'ุจูุดูุฑ', 'Bushehr', 'ุจูุดูุฑ', 1, NULL, NULL, NULL, NULL, 1, NULL, '2024-11-26 13:36:03', '2024-11-26 13:36:03'),
(8, 'ุชูุฑุงู', 'Tehran', 'ุทูุฑุงู', 1, NULL, NULL, NULL, NULL, 1, NULL, '2024-11-26 13:36:03', '2024-11-26 13:36:03'),
(9, 'ฺูุงุฑูุญุงู ู ุจุฎุชุงุฑ', 'Chaharmahal and Bakhtiari', 'ฺูุงุฑูุญุงู ูุจุฎุชุงุฑ', 1, NULL, NULL, NULL, NULL, 1, NULL, '2024-11-26 13:36:03', '2024-11-26 13:36:03'),
(10, 'ุฎุฑุงุณุงู ุฌููุจ', 'South Khorasan', 'ุฎุฑุงุณุงู ุงูุฌููุจุฉ', 1, NULL, NULL, NULL, NULL, 1, NULL, '2024-11-26 13:36:03', '2024-11-26 13:36:03'),
(11, 'ุฎุฑุงุณุงู ุฑุถู', 'Razavi Khorasan', 'ุฎุฑุงุณุงู ุงูุฑุถูุฉ', 1, NULL, NULL, NULL, NULL, 1, NULL, '2024-11-26 13:36:03', '2024-11-26 13:36:03'),
(12, 'ุฎุฑุงุณุงู ุดูุงู', 'North Khorasan', 'ุฎุฑุงุณุงู ุงูุดูุงูุฉ', 1, NULL, NULL, NULL, NULL, 1, NULL, '2024-11-26 13:36:03', '2024-11-26 13:36:03'),
(13, 'ุฎูุฒุณุชุงู', 'Khuzestan', 'ุฎูุฒุณุชุงู', 1, NULL, NULL, NULL, NULL, 1, NULL, '2024-11-26 13:36:03', '2024-11-26 13:36:03'),
(14, 'ุฒูุฌุงู', 'Zanjan', 'ุฒูุฌุงู', 1, NULL, NULL, NULL, NULL, 1, NULL, '2024-11-26 13:36:03', '2024-11-26 13:36:03'),
(15, 'ุณููุงู', 'Semnan', 'ุณููุงู', 1, NULL, NULL, NULL, NULL, 1, NULL, '2024-11-26 13:36:03', '2024-11-26 13:36:03'),
(16, 'ุณุณุชุงู ู ุจููฺุณุชุงู', 'Sistan and Baluchestan', 'ุณุณุชุงู ูุจููุดุณุชุงู', 1, NULL, NULL, NULL, NULL, 1, NULL, '2024-11-26 13:36:03', '2024-11-26 13:36:03'),
(17, 'ูุงุฑุณ', 'Fars', 'ูุงุฑุณ', 1, NULL, NULL, NULL, NULL, 1, NULL, '2024-11-26 13:36:03', '2024-11-26 13:36:03'),
(18, 'ูุฒูู', 'Qazvin', 'ูุฒูู', 1, NULL, NULL, NULL, NULL, 1, NULL, '2024-11-26 13:36:03', '2024-11-26 13:36:03'),
(19, 'ูู', 'Qom', 'ูู', 1, NULL, NULL, NULL, NULL, 1, NULL, '2024-11-26 13:36:03', '2024-11-26 13:36:03'),
(20, 'ฺฉุฑุฏุณุชุงู', 'Kurdistan', 'ฺฉุฑุฏุณุชุงู', 1, NULL, NULL, NULL, NULL, 1, NULL, '2024-11-26 13:36:03', '2024-11-26 13:36:03'),
(21, 'ฺฉุฑูุงู', 'Kerman', 'ฺฉุฑูุงู', 1, NULL, NULL, NULL, NULL, 1, NULL, '2024-11-26 13:36:03', '2024-11-26 13:36:03'),
(22, 'ฺฉุฑูุงูุดุงู', 'Kermanshah', 'ฺฉุฑูุงูุดุงู', 1, NULL, NULL, NULL, NULL, 1, NULL, '2024-11-26 13:36:03', '2024-11-26 13:36:03'),
(23, 'ฺฉูฺฏููู ู ุจูุฑุงุญูุฏ', 'Kohgiluyeh and Boyer-Ahmad', 'ฺฉูฺฉููู ูุจูุฑ ุฃุญูุฏ', 1, NULL, NULL, NULL, NULL, 1, NULL, '2024-11-26 13:36:03', '2024-11-26 13:36:03'),
(24, 'ฺฏูุณุชุงู', 'Golestan', 'ฺฏูุณุชุงู', 1, NULL, NULL, NULL, NULL, 1, NULL, '2024-11-26 13:36:03', '2024-11-26 13:36:03'),
(25, 'ฺฏูุงู', 'Gilan', 'ฺฏูุงู', 1, NULL, NULL, NULL, NULL, 1, NULL, '2024-11-26 13:36:03', '2024-11-26 13:36:03'),
(26, 'ูุฑุณุชุงู', 'Lorestan', 'ูุฑุณุชุงู', 1, NULL, NULL, NULL, NULL, 1, NULL, '2024-11-26 13:36:03', '2024-11-26 13:36:03'),
(27, 'ูุงุฒูุฏุฑุงู', 'Mazandaran', 'ูุงุฒูุฏุฑุงู', 1, NULL, NULL, NULL, NULL, 1, NULL, '2024-11-26 13:36:03', '2024-11-26 13:36:03'),
(28, 'ูุฑฺฉุฒ', 'Markazi', 'ุงููุฑูุฒุฉ', 1, NULL, NULL, NULL, NULL, 1, NULL, '2024-11-26 13:36:03', '2024-11-26 13:36:03'),
(29, 'ูุฑูุฒฺฏุงู', 'Hormozgan', 'ูุฑูุฒุฌุงู', 1, NULL, NULL, NULL, NULL, 1, NULL, '2024-11-26 13:36:03', '2024-11-26 13:36:03'),
(30, 'ููุฏุงู', 'Hamadan', 'ููุฏุงู', 1, NULL, NULL, NULL, NULL, 1, NULL, '2024-11-26 13:36:03', '2024-11-26 13:36:03'),
(31, 'ุฒุฏ', 'Yazd', 'ุฒุฏ', 1, NULL, NULL, NULL, NULL, 1, NULL, '2024-11-26 13:36:03', '2024-11-26 13:36:03');

-- --------------------------------------------------------

--
-- Table structure for table `base_statuses`
--

CREATE TABLE `base_statuses` (
  `id` bigint(20) UNSIGNED NOT NULL,
  `title_fa` varchar(200) DEFAULT NULL COMMENT 'ุนููุงู ุจู ุฒุจุงู ูุงุฑุณ',
  `title_en` varchar(200) DEFAULT NULL COMMENT 'ุนููุงู ุจู ุฒุจุงู ุนุฑุจ',
  `group_id` int(11) DEFAULT NULL COMMENT 'ุดูุงุณู ฺฏุฑูู ูุถุนุช',
  `code` varchar(3) DEFAULT NULL COMMENT 'ฺฉุฏ ูุถุนุช',
  `color` varchar(20) DEFAULT NULL COMMENT 'ุฑูฺฏ',
  `status_id` int(11) NOT NULL DEFAULT 1 COMMENT 'ุดูุงุณู ูุถุนุช ูุนุงู/ุบุฑ ูุนุงู',
  `deleted_at` timestamp NULL DEFAULT NULL,
  `created_at` timestamp NULL DEFAULT NULL,
  `updated_at` timestamp NULL DEFAULT NULL
) ENGINE=MyISAM DEFAULT CHARSET=utf8mb3 COLLATE=utf8mb3_persian_ci;

--
-- Dumping data for table `base_statuses`
--

INSERT INTO `base_statuses` (`id`, `title_fa`, `title_en`, `group_id`, `code`, `color`, `status_id`, `deleted_at`, `created_at`, `updated_at`) VALUES
(1, 'ูุถุนุช ูุนุงูุช', NULL, NULL, NULL, '', 1, NULL, NULL, NULL),
(2, 'ูุนุงู', NULL, 1, '1', 'theme-10', 1, NULL, NULL, NULL),
(3, 'ุจุฑุฑุณ ูุดุฏู', NULL, 1, '-1', 'theme-22', 1, NULL, NULL, NULL),
(4, 'ุบุฑูุนุงู', NULL, 1, '0', 'theme-24', 1, NULL, NULL, NULL),
(5, 'ุชุนูุฏ ุณุชุงุฏ', NULL, NULL, NULL, NULL, 1, NULL, NULL, NULL),
(6, 'ุฏุงุฑุฏ', NULL, 5, '1', NULL, 1, NULL, NULL, NULL),
(7, 'ูุฏุงุฑุฏ', NULL, 5, '0', NULL, 1, NULL, NULL, NULL),
(8, 'ูุถุนุช ฺฏุฒุงุฑุด ุฏู', NULL, NULL, NULL, NULL, 1, NULL, NULL, NULL),
(9, 'ุจุงุฒ', NULL, 8, '1', 'theme-10', 1, NULL, NULL, NULL),
(10, 'ุจุณุชู', NULL, 8, '0', 'theme-24', 1, NULL, NULL, NULL),
(11, 'ูุถุนุช ุซุจุช ูุงู', NULL, NULL, NULL, NULL, 1, NULL, NULL, NULL),
(12, 'ุจุงุฒ', NULL, 11, '1', 'theme-10', 1, NULL, NULL, NULL),
(13, 'ุจุณุชู', NULL, 11, '0', 'theme-24', 1, NULL, NULL, NULL),
(14, 'ูุถุนุช ุชุงุฏ', NULL, NULL, NULL, NULL, 1, NULL, NULL, NULL),
(15, 'ูุงุฒ ุจู ุจุฑุฑุณ', NULL, 14, '2', 'theme-22', 1, NULL, NULL, NULL),
(16, 'ุชุงุฏ', NULL, 14, '1', 'theme-10', 1, NULL, NULL, NULL),
(17, 'ุนุฏู ุชุงุฏ', NULL, 14, '0', 'theme-24', 1, NULL, NULL, NULL),
(18, 'ุญุฐู', NULL, 14, '-1', 'theme-22', 1, NULL, NULL, NULL),
(19, 'ูุถุนุช ูพุงุณุฎ ุชฺฉุช', NULL, NULL, NULL, NULL, 1, NULL, NULL, NULL),
(20, 'ุฏุฑ ุงูุชุธุงุฑ ูพุงุณุฎ', NULL, 19, '0', 'theme-23', 1, NULL, NULL, NULL),
(21, 'ุฏุฑ ุญุงู ุจุฑุฑุณ', NULL, 19, '1', 'theme-14', 1, NULL, NULL, NULL),
(22, 'ูพุงุณุฎ ุฏุงุฏู ุดุฏ', NULL, 19, '2', 'theme-10', 1, NULL, NULL, NULL),
(23, 'ุจุณุชู ุดุฏ', NULL, 19, '3', 'theme-24', 1, NULL, NULL, NULL),
(24, 'ูุถุนุช ุงูููุช ูพุงุณุฎ ุจู ุชฺฉุช', NULL, NULL, NULL, NULL, 1, NULL, NULL, NULL),
(25, 'ฺฉู', NULL, 24, '1', 'theme-200', 1, NULL, NULL, NULL),
(26, 'ูุชูุณุท', NULL, 24, '2', 'theme-10', 1, NULL, NULL, NULL),
(27, 'ุฒุงุฏ', NULL, 24, '3', 'theme-24', 1, NULL, NULL, NULL),
(28, 'ูุถุบุช ฺฏุฒุงุฑุด ฺฉู ูุจูุบ ุงุฑุณุงู ฺฉุฑุฏู', NULL, NULL, NULL, NULL, 1, NULL, NULL, NULL),
(29, 'ุฏุฑุงูุชุธุงุฑ ุจุฑุฑุณ', NULL, 28, '-1', 'theme-22', 1, NULL, NULL, NULL),
(30, 'ุชุงุฏ', NULL, 28, '1', 'theme-10', 1, NULL, NULL, NULL),
(31, 'ุนุฏู ุชุงุฏ', NULL, 28, '0', 'theme-24', 1, NULL, NULL, NULL),
(33, 'ูุถุนุช ูุนุงูุช ูุฑููฺฏ ูุจูุบ', NULL, NULL, NULL, NULL, 1, NULL, NULL, NULL),
(34, 'ูุนุงู', NULL, 33, '1', 'theme-10', 1, NULL, NULL, NULL),
(35, 'ุบุฑูุนุงู', NULL, 33, '0', 'theme-22', 1, NULL, NULL, NULL),
(36, 'ููู ูุนุงู', NULL, 33, '2', 'theme-22', 1, NULL, NULL, NULL);

-- --------------------------------------------------------

--
-- Table structure for table `blogs`
--

CREATE TABLE `blogs` (
  `id` bigint(20) UNSIGNED NOT NULL,
  `title` varchar(255) DEFAULT NULL COMMENT 'ุนููุงู',
  `subject_id` int(11) DEFAULT NULL COMMENT 'ุดูุงุณู ููุถูุน ูุญุชูุง',
  `creator_id` int(11) DEFAULT NULL COMMENT 'ุดูุงุณู ฺฉุงุฑุจุฑ ุซุจุช ฺฉููุฏู',
  `editor_id` int(11) DEFAULT NULL COMMENT 'ุดูุงุณู ฺฉุงุฑุจุฑ ูุฑุงุด ฺฉููุฏู',
  `thumb` varchar(255) DEFAULT NULL COMMENT 'ุจูุฏ ุงูฺฏุดุช',
  `img` varchar(255) DEFAULT NULL COMMENT 'ฺูุฏู ุนูุณ',
  `video` varchar(255) DEFAULT NULL COMMENT 'ฺูุฏู ูุฏุฆู',
  `document` varchar(255) DEFAULT NULL COMMENT 'ฺูุฏู ูุงู ุฏุงฺฉูููุช',
  `summary` text DEFAULT NULL COMMENT 'ูุชู ุฎูุงุตู',
  `text` text DEFAULT NULL COMMENT 'ูุชู ุชูุถุญุงุช',
  `count_comment` int(11) NOT NULL DEFAULT 0 COMMENT 'ุชุนุฏุงุฏ ูพุงู',
  `count_comment_waiting` int(11) NOT NULL DEFAULT 0 COMMENT 'ุชุนุฏุงุฏ ูพุงู ูุงุฒ ุจู ุจุฑุฑุณ',
  `count_comment_confirmed` int(11) NOT NULL DEFAULT 0 COMMENT 'ุชุนุฏุงุฏ ูพุงู ุชุฃุฏ ุดุฏู',
  `count_comment_rejected` int(11) NOT NULL DEFAULT 0 COMMENT 'ุชุนุฏุงุฏ ูพุงู ุฑุฏ ุดุฏู',
  `count_view` int(11) NOT NULL DEFAULT 0 COMMENT 'ุชุนุฏุงุฏ ุจุงุฒุฏุฏ',
  `lang` varchar(2) NOT NULL DEFAULT 'fa' COMMENT 'ุฒุจุงู',
  `status_id` int(11) NOT NULL DEFAULT 1 COMMENT 'ุดูุงุณู ูุถุนุช ูุนุงู/ุบุฑ ูุนุงู',
  `deleted_at` timestamp NULL DEFAULT NULL,
  `created_at` timestamp NULL DEFAULT NULL,
  `updated_at` timestamp NULL DEFAULT NULL
) ENGINE=InnoDB DEFAULT CHARSET=utf8mb4 COLLATE=utf8mb4_unicode_ci;

--
-- Dumping data for table `blogs`
--

INSERT INTO `blogs` (`id`, `title`, `subject_id`, `creator_id`, `editor_id`, `thumb`, `img`, `video`, `document`, `summary`, `text`, `count_comment`, `count_comment_waiting`, `count_comment_confirmed`, `count_comment_rejected`, `count_view`, `lang`, `status_id`, `deleted_at`, `created_at`, `updated_at`) VALUES
(1, 'ููุฏูุงุช ู ุณุฑ ุบุฏุฑ', NULL, 1, 11, 'image74221732958564.jpg', 'image90461732958815.jpg###', NULL, NULL, NULL, '<p>ุงูุณูุงู ุนูฺฉ ุง ุงูุฑุงููุคููู&nbsp;</p>', 0, 0, 0, 0, 21, 'fa', 1, '2024-12-22 00:00:34', '2024-11-30 10:58:13', '2024-12-22 00:00:34'),
(2, 'ูุจุงุญุซ ุชุฎุตุต', NULL, 1, 2, 'image30611732958911.webp', 'image30191732958932.jpg###image36231732958935.jpg###', 'video80811732958925.mp4###', 'application99741732958928.docx###', NULL, '<p>ูุงูู  ุญุงุถุฑ ุจุง ูฺฏุงู ุจู ุขููุฒู ูุง ูุฑููฺฏ <a href=\"https://civilica.com/search/paper/k-%D8%BA%D8%AF%DB%8C%D8%B1/\">ุบุฏุฑ</a> ุงุฒ ููุธุฑ ุงูุงูุงู ูุนุตูู(ุน)ุ ุจุง ุชุจู ููููู ูุฏุฑุช ูุฑููฺฏ ุฏุฑ ุบุฏุฑุ ุงุจุนุงุฏ ู ูฺฺฏ ูุง ูุงูุนู  <a href=\"https://civilica.com/search/paper/k-%D8%BA%D8%AF%DB%8C%D8%B1/\">ุบุฏุฑ</a> ู ุถุฑูุฑุช ุชุฑูุฌ ุณุจฺฉ ุฒูุฏฺฏ ุงุณูุงู ุจุฑ ุงุณุงุณ ุฑูุงุงุช ุงูู ุจุช(ุน)ุ ุจุฑุขูู ุชุง ูุฏู ุจุฑุง ูุนุฑู ุงุจุนุงุฏ ฺฏููุงฺฏูู ูุงูุนู  ูุฑููฺฏ ู ุงุฌุชูุงุน <a href=\"https://civilica.com/search/paper/k-%D8%BA%D8%AF%DB%8C%D8%B1/\">ุบุฏุฑ</a> ุจุฑุฏุงุฑู. ุจ ุชุฑุฏุฏ ููุด ฺฏุณุชุฑุฏู  <a href=\"https://civilica.com/search/paper/k-%D8%A7%D9%85%D8%A7%D9%85%D8%A7%D9%86%20%D9%85%D8%B9%D8%B5%D9%88%D9%85(%D8%B9)/\">ุงูุงูุงู ูุนุตูู(ุน)</a> ุฏุฑ ุญูุฒู  ุชุจู ุฏู ู ูุฑููฺฏุ ุบุฑูุงุจู ุงูฺฉุงุฑ ุงุณุชุ ุจุฏู ุฑู ุงูู ุจุช(ุน) ุงููุช ูฺู ุง ุจู ูุงูุนู  ุชูุฏู ุณุงุฒ <a href=\"https://civilica.com/search/paper/k-%D8%BA%D8%AF%DB%8C%D8%B1/\">ุบุฏุฑ</a> ูุจุฐูู ู ุฏุงุดุชูุฏ ู ุฏุฑ ูุฑ ูุฑุตุช ุจุฑุง ููุงุฏูู ฺฉุฑุฏู ูุฑููฺฏ ููุงุช ู ุฑูุจุฑ ุจุฑ ุงุณุงุณ ูุงูุนู  ุบุฏุฑุ ุถุฑูุฑุช ุชุจู ุฌุงฺฏุงู <a href=\"https://civilica.com/search/paper/k-%D8%BA%D8%AF%DB%8C%D8%B1/\">ุบุฏุฑ</a> ุฏุฑ ุงุณูุงู ุฑุง ุจุงุฒฺฏู ู ฺฉุฑุฏูุฏ. ุงู ูพฺููุด ุจู ุฏูุจุงู ุจุฑุฑุณ ุงู ูุณุงูู ุงุณุช ฺฉู ุขุง ุญุงุฏุซู  <a href=\"https://civilica.com/search/paper/k-%D8%BA%D8%AF%DB%8C%D8%B1/\">ุบุฏุฑ</a> ู ุชูุงูุฏ ุจู ุนููุงู ุงูฺฏู ูุฑููฺฏ ุณุงุฒ ุฏุฑ ุฑุงุณุชุง ุชูุฏู ุงุณูุงู ูุทุฑุญ ุดูุฏ! ู ุงูู ุจุช(ุน) ุจุง ุชูุฌู ุจู ุงููุช ุบุฏุฑุ ุฏุฑ ุจุฑุงุจุฑ ุงู ูุงูุนู  ููู ู ุนุธูุ ฺฺฏููู ููุถุน ฺฏุฑ ฺฉุฑุฏูุฏ! ุจุฏู ุฑู ูุฏู ุงุฒ ุงู ููุงููุ ุจุฑุฑุณ ู ุชุจู ุขููุฒู ูุง ูุฑููฺฏ ูุงูุนู  <a href=\"https://civilica.com/search/paper/k-%D8%BA%D8%AF%DB%8C%D8%B1/\">ุบุฏุฑ</a> ุงุฒ ููุธุฑ <a href=\"https://civilica.com/search/paper/k-%D8%A7%D9%85%D8%A7%D9%85%D8%A7%D9%86%20%D9%85%D8%B9%D8%B5%D9%88%D9%85(%D8%B9)/\">ุงูุงูุงู ูุนุตูู(ุน)</a> ุงุณุชุ ูุฏู ุงู ุงุณุช ฺฉู ุจุง ุจุฑุฑุณ ุฑูุงุงุช ุงูู ุจุช(ุน)ุ ฺฉุงุฑฺฉุฑุฏ ูุฑููฺฏ ู ุงุฌุชูุงุน ุขููุฒู ูุง <a href=\"https://civilica.com/search/paper/k-%D8%BA%D8%AF%DB%8C%D8%B1/\">ุบุฏุฑ</a> ุฑุง ุงุณุชุฎุฑุงุฌ ูููุฏูุ ุชุง ุฏุฑ ุฌูุช ุงูฺฏูุณุงุฒ <a href=\"https://civilica.com/search/paper/k-%D8%BA%D8%AF%DB%8C%D8%B1/\">ุบุฏุฑ</a> ุจุฑุง ุชูุฏูุณุงุฒ ุงุณูุงู ุฏุฑ ุนุตุฑ ุญุงุถุฑุ ฺฏุงู ุจุฑุฏุงุฑู. ุฏุฑ ุงู ููุงููุ ุจุง ุจูุฑู ฺฏุฑ ุงุฒ ุฑูุด ุชูุตู ู ุชุญูู ู ุจุฑ ุงุณุงุณ ููุงุจุน ฺฉุชุงุจุฎุงูู ุงุ ุชูุงุด ุดุฏู ุงุณุชุ ุงูฺฏู ุชูุฏู ุณุงุฒ <a href=\"https://civilica.com/search/paper/k-%D8%BA%D8%AF%DB%8C%D8%B1/\">ุบุฏุฑ</a> ุฏุฑ ุฑูุงุงุช <a href=\"https://civilica.com/search/paper/k-%D8%A7%D9%85%D8%A7%D9%85%D8%A7%D9%86%20%D9%85%D8%B9%D8%B5%D9%88%D9%85(%D8%B9)/\">ุงูุงูุงู ูุนุตูู(ุน)</a> ุฑุง ุงุณุชุฎุฑุงุฌ ฺฉูู. ฺฉ ุงุฒ ูุชุงุฌ ู ุฏุณุชุงูุฑุฏูุง ุงู ูพฺููุดุ ุชุจู ูุนุงุฑูุง ู ููุงฺฉ ูุง ูุฑููฺฏ ูููุชู ุฏุฑ ุขููุฒู ูุง ุงูู ุจุช(ุน) ุฏุฑ ููุฑุฏ ูุงูุนู  <a href=\"https://civilica.com/search/paper/k-%D8%BA%D8%AF%DB%8C%D8%B1/\">ุบุฏุฑ</a> ุงุณุช. ุจุฑุฑุณ ู ุชุจู ุขููุฒู ูุง ูุฑููฺฏ ุณุงุฒ <a href=\"https://civilica.com/search/paper/k-%D8%BA%D8%AF%DB%8C%D8%B1/\">ุบุฏุฑ</a> ุงุฒ ููุธุฑ <a href=\"https://civilica.com/search/paper/k-%D8%A7%D9%85%D8%A7%D9%85%D8%A7%D9%86%20%D9%85%D8%B9%D8%B5%D9%88%D9%85(%D8%B9)/\">ุงูุงูุงู ูุนุตูู(ุน)</a> ุฏุฑ ุงุจุนุงุฏ ุงุฎูุงู ูุฑุฏุ ุงุฌุชูุงุนุ ุงูุงู ู ุณุงุณุ ุฏุฑ ูุงูุจ ุฌุฏุฏ ุงุฒ ุฌูุจู ูุง ููุขูุฑ ุงู ููุงูู ุดูุฑุฏู ู ุดูุฏ.</p>', 0, 0, 0, 0, 14, 'fa', 1, '2024-12-15 08:56:22', '2024-11-30 10:59:13', '2024-12-15 08:56:22'),
(3, 'ฺฏุฒุงุฑุด ูุงุทูู', NULL, 1, 11, 'image79031734275619.jpg', 'image39591734276476.jpg###', 'video67601734276083.mp4###', NULL, NULL, '<p>ุจุง ุณูุงู &nbsp;<br>ูุงุจู ุชูุฌู ูุจูุบุงู ฺฏุฑุงู๐ฃ ฺฉู ุฌูุช ุชูู  ฺฉุชุงุจ ู ุงุฌุฑุง ุจุฑูุงูู  ูุงุทูู  ุงูุณุงู ุจุง ูุญูุฑุช ฺฉุชุงุจ ูุงุฎุฑ๐ธ ูุงุทูู ุจุฑุชุฑู ุจุงูู ูุณุช ๐ธ<br>ุงุนูุงูโ ุขูุงุฏฺฏ ูููุฏุฏ โผ๏ธ๐๐<br>ูุจูุบู ฺฉู ุชุง &nbsp;ูพุงุงู ุงุงู ูุงุทูู ( ุชุง ููุงุฏุช ุญุถุฑุช) ฺฏุฒุงุฑุด ุงุฒ ุงุฌุฑุง ุจุฑูุงูู  ุฎูุฏ ุจูุฑุณุชูุฏ ุ ุฏุฑ ูุณุช ูุฑุนู ฺฉุด ูุฏู ูฺู ุงู ุงุงู ูุฑุงุฑ ูฺฏุฑูุฏ&nbsp;<br>โจูุฏุงุง ๐๐๐<br>๐นต ููุฑ ูุจูุบ &nbsp;ฺฉ ูููู ุชููุงู&nbsp;<br>๐ธฑฒ ููุฑ ูุจูุบ ตฐฐ ูุฒุงุฑ ุชููุงู&nbsp;</p>', 31, 25, 6, 0, 143, 'fa', 1, NULL, '2024-11-30 12:04:09', '2025-02-01 18:54:43'),
(4, 'ุงุฏู ูุง ุจุฑฺฏุฒุงุฑ ุฌุดู ูุง ููุงุฏุช ุญุถุฑุช ุฒูุฑุง ุณูุงู ุงููู ุนููุง', NULL, 2, 11, 'image14101733716898.jpg', NULL, NULL, NULL, NULL, '<p>ุงูุณูุงู ุนูฺฉ ุงุชูุง ุงูุตุฏูู ุงูุดูุฏู&nbsp;</p><p>&nbsp;</p>', 0, 0, 0, 0, 17, 'fa', 1, '2024-12-22 00:00:45', '2024-12-09 00:34:49', '2024-12-22 00:00:45'),
(5, 'ฺฉุชุงุจ ูุงุฏุฑุงู ุงููุจุช ุนููู ุงูุณูุงู', NULL, 1, 11, 'image47171734289447.jpg', 'image50571734289927.jpg###image63451734290080.jpg###', NULL, 'application6861734290476.pdf###', NULL, '<p>&nbsp; ุจุณู ุงููู ุงูุฑุญูู ุงูุฑุญู&nbsp;</p><p>๐ &nbsp;ฺฉุชุงุจ ุฏูุงุฒุฏู ูุงุฏุฑ<br>ยซุขุดูุง ุจุง ูุงุฏุฑุงู ุงูู ุจุช ุนููู ุงูุณูุงูยป<br>๐ธฑฒธ ุตูุญู&nbsp;<br>๐ธุจู ููู ุฏฺฉุชุฑ ููุฏ ุฎุฏุงูุงู ุขุฑุงู &nbsp; &nbsp;<br>๐ธุณุงุฒ ุญุฏูุฏ (ฑฒ/ตรฑน/ต) ุฑูุน ุงุฑููพุง</p><p><br>๐ฐููุช ูพุดุช ุฌูุฏ: 110,000 ุชููุงู&nbsp;<br>๐ููุช ูพุฎุด ุจุง ุชุฎูู: 50,000 ุชููุงู<br>ูุฑฺฉุฒ ูพุฎุด ุงู ฺฉุชุงุจ ูุฑูุดฺฏุงู ุบุฏุฑู ู ุจุงุดุฏ.<br>ุจุฑุง ุฏุงูููุฏ ูพ ุฏ ุงู ฺฉุชุงุจ ุงูุฌุง ฺฉูฺฉ ฺฉูุฏ (https://eitaa.com/ghadiriam14/5035)</p><p>๐ ุจุฑุง ุณูุงุฑุด ุงุฒ ุณุงุช ุงูุฌุง ฺฉูฺฉ ฺฉูุฏ๐</p><p>ุฌูุช ุณูุงุฑุด ุจู ุงุฏูู ูพุงู ุฏูุฏ๐๐<br>@ghadiriaam14<br>02537208882<br>#ูุงุฏุฑุงู #ฺฉุชุงุจ<br>ููููููููููููููููููููููููููููููููููููููููููู<br>ูุฑูุดฺฏุงู ุบุฏุฑู<br>๐ @ghadiriam14<br>ฺฉุฏ ูุง ุฑูฺฏุฑ ุจุณุชู ูุง ๐<br>๐@ghadiriamposhtibani</p>', 5, 4, 1, 0, 31, 'fa', 1, NULL, '2024-12-11 08:26:12', '2025-02-01 13:14:14'),
(6, 'ฺฏุฒุงุฑุด ุฏู ุงุงู ูุงุทูู  1403', NULL, 1, 11, 'image73431734274523.jpg', 'image16621734275175.jpg###', NULL, NULL, NULL, '<p>ุจุณู ุงููู ุงูุฑุญูู ุงูุฑุญู&nbsp;</p><p>ุจุง ุณูุงู ุฎุฏูุช ุดูุง ูุจูุบุงู ฺฏุฑุงู&nbsp;</p><p>ุณุฑูุฑุงู ฺฉู ฺฉุชุงุจ &nbsp;ูุงุทูู ุจุฑุชุฑู ุจุงูู ูุณุช ุฑุง &nbsp;ุงุฒ ูุง ุฏุฑุงูุช &nbsp;ู ุงุฒ ุงู ฺฉุชุงุจ ุงุณุชูุงุฏู ูููุฏูุฏ &nbsp;ูุทูุง ุฏุฑ ุจุฎุด ฺฏุฒุงุฑุด ุซุจุช ูุนุงูุช ููุงูุฏ&nbsp;</p><p>ุงู ุดุงุก ุงููู ุงุฒ ุจู ูุจูุบุงู ฺฉู ฺฏุฒุงุฑุด ุงุฑุณุงู ููุงูุฏ &nbsp;ุจู ูุฏ ูุฑุนู &nbsp;ูุฏุงุง ุชูุฏู ุฎูุงูุฏ ุดุฏ&nbsp;</p><p>ูููู ุจุงุดุฏ&nbsp;</p><p>ุง ุนู &nbsp;</p>', 0, 0, 0, 0, 25, 'fa', 1, '2024-12-22 00:02:21', '2024-12-11 09:41:32', '2024-12-22 00:02:21'),
(7, 'ุงุฒ ุงุนุชฺฉุงู ุชุง ุบุฏุฑ', NULL, 11, 11, 'image48251736784542.jpg', 'image19511736784955.jpg###', NULL, NULL, NULL, '<p style=\"text-align:right;\">&nbsp;</p><p style=\"text-align:right;\">๐ป<span class=\"text-big\"><strong>ุงุนุชฺฉุงูุ ุฌูููโุง ูุงุจ ุงุฒ ุญุถูุฑ ูุนูู ู ุงุฌุชูุงุน ูููุจ ุดุนุงู ุงุณุชุ</strong> ูุฑุตุช ฺฉู ูุคููู ุจูโุณุงู ูุทุฑุงุชู ูพุฑุงฺฉูุฏูู ุจุงุฑุงู ุฑุญูุช ุงููุ ฺฏุฑุฏุงฺฏุฑุฏ ูุญูุฑ ุจูุฏฺฏ ุฎุฏุงููุฏ ูุชุนุงู ุฌูุน ูโุดููุฏ.</span></p><p style=\"text-align:right;\"><span class=\"text-big\">โค๏ธ ุงูุง ููุงูโฺฏููู ฺฉู ุงุนุชฺฉุงู ูุง ุฑุง ุจู ุชูฺฉูุฑุ ุชุนููุฏ ู ุชุฒฺฉู ุฏุนูุช ูโฺฉูุฏุ ุงู ูุฑุตุช ูโุชูุงูุฏ ูุง ุฑุง ุจู ุดูุงุฎุช ุนููโุชุฑ ุงุฒ ููุงู ูุงูุง <strong>ููุงุช ุงูู ุจุช ุนููู ุงูุณูุงู </strong>ู ููุด ุขู ุฏุฑ ูุฏุงุช ุงูุณุงูโูุง ุจุฑุณุงูุฏ. <strong>ุงุนุชฺฉุงูุ ุชูุฑู ุงุฌุชูุงุน ูููุจ </strong>ุงุณุช ุจุฑุง ุญุถูุฑ ุจุงุดฺฉูู ุฏุฑ ุฑูุฒ ุบุฏุฑ ุฏุฑ ูุฌู.</span></p><p style=\"text-align:right;\"><span class=\"text-big\">โ๐ผ ุจุงู ุงุฒ ูุฑุตุชู ูุนูู ุงุนุชฺฉุงู ุจูุฑูโุจุฑุฏุงุฑ ฺฉูู ู ุงุฒ ุฏูู ุงู ุฑูุฒูุง ููฺฉูุชุ ุดุนููโูุง <strong>ูุนุฑูุช ุจู ุฃูุฑุงููุคููู ุตููุงุชโุงูููโุนูู</strong> ุฑุง ุจุฑุงูุฑูุฎุชูโุชุฑ ุณุงุฒู.</span></p><p style=\"text-align:right;\"><span class=\"text-big\">๐น ุงูโุดุงุกุงูููุ ุฏุฑ ุนุฏ ุบุฏุฑ ุงูุณุงูุ ุจุง ูุนุฑูุช ุงูุฒููโุชุฑ ู ุนุดู ุฎุงูุตุงููโุชุฑุ ุฌุงู ุนูู ุจู ูุฑูุงุด ููุฑุงู ุงูุงู ุฑุถุง ุนูู ุงูุณูุงู ุจูพูุดุงูู ฺฉู ูุฑููุฏูุฏ:</span><br><span class=\"text-big\"><strong>ยซูุฑ ุฌุง ฺฉู ุจูุฏุ ุฑูุฒ ุบุฏุฑ ูุฒุฏ ุงูุฑุงููุคููู ุญุงุถุฑ ุจุงุด.ยป</strong></span><br><span class=\"text-big\">ู ฺฉูพุงุฑฺู ุญุถูุฑูุงู ุฑุง ุฏุฑ ฺฉูุงุฑ ูุถุฌุน ุดุฑู ุงูุฑุงููุคููู ุนููโุงูุณูุงู ุฏุฑ ูุฌู ุงุซุจุงุช ฺฉูู</span>.</p><p>_____________________<br>โกโ &nbsp; &nbsp;ใโ &nbsp; &nbsp;โโ &nbsp;โฒโฃ&nbsp;<br>หกโฑแตแต แถแตแตแตแตโฟแต &nbsp;หขแตแตแต &nbsp;หขสฐแตสณแต</p><p><span class=\"text-big\"><strong>https://eitaa.com/welayat110</strong></span></p>', 2, 2, 0, 0, 13, 'fa', 1, NULL, '2025-01-13 12:44:05', '2025-01-20 07:10:29'),
(8, 'ุงุนูุงู ุงุณุงู ููุชุฎุจ ูุจูุบู ูุงุทูู 1403', NULL, 11, 11, 'image21141737138245.png', 'image19881737138187.png###', NULL, NULL, NULL, '<p>ููููููููููููููููููููููููููููู๏ทฝูููููููููููููููููููููููููููููููููู</p><p>ุจุง ุณูุงู ูุญุถุฑ ูุจูุบุงู ฺฏุฑุงู&nbsp;</p><p>ุงุณุงู ูุจูุบุงู ูุงุทูู 1403 ุจู ุตูุฑุช ูุฑุนู ฺฉุด ูุดุฎุต ุดุฏ&nbsp;</p><p>ุทุจู ูุนุฏู &nbsp;ุจู 5 ููุฑ ูุจูุบ ฺฉ ูููู ุชููุงู ู ุจู 12 ููุฑ ูุจูุบ 500 ูุฒุงุฑ ุชููุงู ุงูุฏุง ู ุดูุฏ&nbsp;</p><p>ุงุณุงู ุจู ุดุฑุญ ุฐู ู ุจุงุดุฏ:</p><p>(ูุทูุง ุดูุงุฑู ุญุณุงุจ ุฎูุฏ ุฑุง ุฏุฑ ูพุฑููุงู ุฎูุฏ ุจุงุฑฺฏุฒุงุฑ ููุงุฏ )</p><figure class=\"table\" style=\"width:35.79%;\"><table class=\"ck-table-resized\"><colgroup><col style=\"width:14.29%;\"><col style=\"width:44.96%;\"><col style=\"width:40.75%;\"></colgroup><tbody><tr><td style=\"width:30pt;\">ุฑุฏู</td><td style=\"width:102pt;\">ูุงู&nbsp;</td><td style=\"width:89pt;\">ูุจูุบ ูุฏู&nbsp;</td></tr><tr><td>1</td><td>ุณุฏ ุงุณูุงุนู ุทุจุงุทุจุง&nbsp;</td><td>ฺฉ ูููู ุชููุงู&nbsp;</td></tr><tr><td>2</td><td>ุณุฑุงู ฺฉูุฑุฒ ูพูุฑ&nbsp;</td><td>ฺฉ ูููู ุชููุงู&nbsp;</td></tr><tr><td>3</td><td>ุญูุฏู ูุฌู&nbsp;</td><td>ฺฉ ูููู ุชููุงู&nbsp;</td></tr><tr><td>4</td><td>ุฑุงุถู ุนุจุงุณ&nbsp;</td><td>ฺฉ ูููู ุชููุงู&nbsp;</td></tr><tr><td>5</td><td>ุงุณูุงุนู ูุฑูุฒุงุฑ&nbsp;</td><td>ฺฉ ูููู ุชููุงู&nbsp;</td></tr><tr><td>6</td><td>ูุงุฏ ุฑุฎ ูุฑูุฒ&nbsp;</td><td>500 ูุฒุงุฑ ุชููุงู&nbsp;</td></tr><tr><td>7</td><td>ุฑูุญ ุงููู ุฑุญู&nbsp;</td><td>500 ูุฒุงุฑ ุชููุงู&nbsp;</td></tr><tr><td>8</td><td>ูุงุทูู ุนูุฒุงุฏู&nbsp;</td><td>500 ูุฒุงุฑ ุชููุงู&nbsp;</td></tr><tr><td>9</td><td>ูุญูุฏุฑุถุง ุณุนุฏ&nbsp;</td><td>500 ูุฒุงุฑ ุชููุงู&nbsp;</td></tr><tr><td>10</td><td>ูุฑุจุง ุดูุฑุงุฑูพูุฑ&nbsp;</td><td>500 ูุฒุงุฑ ุชููุงู&nbsp;</td></tr><tr><td>11</td><td>ูุฌุฏ ุฎูุดู ฺุฑุฎ&nbsp;</td><td>500 ูุฒุงุฑ ุชููุงู&nbsp;</td></tr><tr><td>12</td><td>ูุญูุฏุญุณู ุฒุงุฑุน</td><td>500 ูุฒุงุฑ ุชููุงู&nbsp;</td></tr><tr><td>13</td><td>ูุฑุถู ุฎุฏุงูุฑุฏุงู&nbsp;</td><td>500 ูุฒุงุฑ ุชููุงู&nbsp;</td></tr><tr><td>14</td><td>ุนู ุดูุฑูุฒูุฑ&nbsp;</td><td>500 ูุฒุงุฑ ุชููุงู&nbsp;</td></tr><tr><td>15</td><td>ูุฏุง ฺุฑุงุบ&nbsp;</td><td>500 ูุฒุงุฑ ุชููุงู&nbsp;</td></tr><tr><td>16</td><td>ูุญูุฏ ฺฉุงู&nbsp;</td><td>500 ูุฒุงุฑ ุชููุงู&nbsp;</td></tr><tr><td>17</td><td>ุงููู ููุฑูุงูุงู&nbsp;</td><td>500 ูุฒุงุฑ ุชููุงู&nbsp;</td></tr></tbody></table></figure>', 11, 10, 1, 0, 115, 'fa', 1, NULL, '2025-01-17 14:44:04', '2025-02-01 18:53:37'),
(9, 'ููุชุธุฑ ูุงูุนุ ุนุงุดู ุบุฏุฑ ุงุณุช', NULL, 11, 11, 'image96891737349984.jpg', 'image15821737350024.jpg###image92531737350052.jpg###image19481737350075.jpg###', NULL, 'application88501737354503.pdf###application63051737354755.pdf###', NULL, '<p>ููููููููููููููููููููููููููููู๏ทฝูููููููููููููููููููููููููููููููููู</p><p>๐ป ูุงู ุฑุฌุจ ุงุณุช ูู ุฏูโูุงูุงู ููุชุธุฑ ุดุจ ูู ุดุนุจุงูุ ุดุจ ฺฉู ุงุฒ ุขู ุจูโุนููุงู ยซููุฉ ุงููุฏุฑ ุงูู ุจุช ุนูููโุงูุณูุงูยป ุงุฏ ูโุดูุฏ(ฑ).<br>ุดุจ ุณุฑุดุงุฑ ุงุฒ ูุฑุตุช ุจุฑุง ุจุงุฒูฺฏุฑ ุฏุฑ ุฏูโูุง ู ูพูุงูโูุง ู ุนูุฏูุง ูุฑุงููุดโุดุฏู ู ูุณุฆููุชโูุง ููุชุธุฑุงู!<br>โ๐ผ ุงูุง ุฏุฑุงู ุดุจู ุฎุงุตุ ฺฏูุง ุฏูโูุง ุดุนุงู ุจู ุตูุฑุช ฺฉ ูุนูุง ุดุฑู ุจู ูู ฺฏุฑู ูโุฎูุฑุฏ!<br>.ูุนูุง ฺฉู ุฑุงุฒุด ุฏุฑ ุฑูุฒ ุบุฏุฑ ุฏุฑ ูุฌู ุงูุฑุงููุคููู ุนูู ุงูุณูุงู ูููุชู ุงุณุช!<br>.ฺูู ุฏุฑ ูุณุฑ ุธููุฑ ู ุงูุชุธุงุฑุ ุฑูุฒ ยซุบุฏุฑยป ุชุฌูู ููุงุชู ุงูู ุจุช ุนููู ุงูุณูุงู ู ุขุฒููู ุขูุงุฏฺฏ ุจุฑุง ุธููุฑ ุงุณุช<br>ู ยซูุฌูยปุ ููุงู ุฌุงโุณุช ฺฉู ูุคููู ุฏุฑ ฺฉูุงุฑ ูุถุฌุน ุดุฑู ุงูุฑุงููุคููู ุนูู ุงูุณูุงูุ ุจุฒุฑฺฏโุชุฑู ุงุฌุชูุงุน ุดุงุฏ ุดุนุงู ุฑุง ุฑูู ุฎูุงููุฏ ุฒุฏ<br>ููุงูฺฏููู ฺฉู ุงูุงู ุฑุถุง ุนูู ุงูุณูุงู ูุฑููุฏูุฏ: ยซูุฑ ุฌุง ฺฉู ุจูุฏุ ุฑูุฒ ุบุฏุฑ ูุฒุฏ ุงูุฑุงููุคููู ุญุงุถุฑ ุจุงุด.ยป(ฒ) ุงู ูุฑูุงูุ ูู ููุท ุฏุนูุช ุจู ฺฉ ุญุถูุฑ ุธุงูุฑุ ุจูฺฉู ุชุฌุฏุฏ ุนูุฏ ุงุณุช ุจุง ุงูุงู ุฒูุงูุ ุนูุฏ ฺฉู ุงุดุงู ุงุฒ ุดุนุงู ุฎูุฏ ุงูุชุธุงุฑ ุฏุงุฑุฏ. ฺู ุงูฺฉู ูโูุฑูุงูุฏ: ยซุงฺฏุฑ ุฏูโูุง ุดุนุงู ูุง ุฏุฑ ููุง ุจู ุนูุฏุดุงู ฺฉุฏู ุจูุฏูุฏุ ูุฑฺฏุฒ ุฏุฏุงุฑ ุจุง ูุง ุจู ุชุฃุฎุฑ ููโุงูุชุงุฏ. ุงูุง ุงู ุงุนูุงู ูุงุดุงุณุช ุขูุงู ุงุณุช ฺฉู ูุง ุฑุง ุงุฒ ุขูโูุง ุฏูุฑ ูฺฏู ูโุฏุงุฑุฏยป.(ณ)</p><p>&nbsp;ุจุงู ุงุฒ ููู ูุงู ุฑุฌุจ ฺฉู ููุชุธุฑ ูู ุดุนุจุงู ูุณุชูุ ุงูุณุงู ุฏุฑ ูู ุดุนุจุงูุ ุฏุฑ ููุฉ ุงููุฏุฑ ุงูู ุจุช ุนููู ุงูุณูุงู ุนูุฏูุงู ุฑุง ุชุงุฒู ฺฉูู ู ุจุฑุง ุดฺฉูู ุบุฏุฑ ุจุฑูุงูู ุฑุฒ ฺฉูู. ุชุง ุจุฒุฑฺฏโุชุฑู ุนุฏ ุฎุฏุง ุฑุง ุจุงุดฺฉููโุชุฑ ุงุฒ ููุดู ุจุฑฺฏุฒุงุฑ ฺฉูู ู ุฌูุงูุงู ุฑุง ุงุฒ ูพุงู ุงูุชุธุงุฑ ุขฺฏุงู ุณุงุฒู. ฺูู ุญุถูุฑ ุฏุฑ ูุฌู ุฏุฑ ุฑูุฒ ุบุฏุฑุ ุงุฌุชูุงุน ูููุจู ุดุนุงู ุงุณุชุ ฺฉ ฺฏุงู ุนูู ุจุฑุง ุชุญูู ูุฑูุงู ุงูุงู ุฑุถุง ู ุงูุงู ุฒูุงู ุนูููุง ุงูุณูุงู ู ุขูุงุฏฺฏ ุจุฑุง ุธููุฑ.</p><p>๐ #ููุชุธุฑ_ูุงูุน #ุบุฏุฑ_ุจุงุดฺฉูู #ููู_ุดุนุจุงู</p><p>&nbsp;#ููุฉ_ุงููุฏุฑ_ุงูู_ุจุช #ูุฌู_ุงุดุฑู</p><p style=\"text-align:right;\"><br>ููููููููููููููููููููููููููููููููููููููููููู<br>ฑ. ยซูู ุฅููููููุง ุงููููููููุฉู ุงูููุชูู ุฌูุนูููููุง ุงูููููู ููููุง ุฃููููู ุงููุจูููุชูยปุ ูุณุงุฆู ุงูุดุนุฉุ ุฌ ธุ ุต ฑฐถ.<br>ฒ. ยซุฃููููู ููุง ููููุชู ููุงุญูุถูุฑู ูููููู ุงููุบูุฏููุฑู ุนูููุฏู ุฃููููุฑู ุงููููุคูููููููู ุนููููููู ุงูุณูููุงูููยปุ ุชูุฐูุจ ุงูุฃุญูุงูุ ุฌ ถุ ุต ฒด.<br>ณ. ยซูู ูููู ุงูููู ุฃุดูุงุนููุง ูู ููููููููู ุงูููู ู ููุทุงุนูุชูููุ ุนููู ุงุฌูุชููุงุนู ูููู ุงูููููููุจูโฆยปุ ุจุญุงุฑุงูุงููุงุฑุ ุฌ ตณุ ุต ฑทท.</p><p>โกโ &nbsp; &nbsp;ใโ &nbsp; &nbsp;โโ &nbsp;โฒโฃ&nbsp;<br>หกโฑแตแต แถแตแตแตแตโฟแต &nbsp;หขแตแตแต &nbsp;หขสฐแตสณแต</p><p>https://eitaa.com/ghadiriam12</p>', 0, 0, 0, 0, 10, 'fa', 1, NULL, '2025-01-20 01:45:34', '2025-02-03 06:56:51');

-- --------------------------------------------------------

--
-- Table structure for table `blog_comments`
--

CREATE TABLE `blog_comments` (
  `id` bigint(20) UNSIGNED NOT NULL,
  `creator_id` int(11) DEFAULT NULL COMMENT 'ุดูุงุณู ฺฉุงุฑุจุฑ ุซุจุช ฺฉููุฏู(ูุฑุณุชูุฏู ูพุงู)',
  `editor_id` int(11) DEFAULT NULL COMMENT 'ุดูุงุณู ฺฉุงุฑุจุฑ ูุฑุงุด ฺฉููุฏู',
  `blog_id` int(11) DEFAULT NULL COMMENT 'ุดูุงุณู ูุญุชูุง',
  `parent_id` int(11) NOT NULL DEFAULT 0 COMMENT 'ุดูุงุณู ูพุงู ุงุตู',
  `comment` text DEFAULT NULL COMMENT 'ุงุธูุงุฑ ูุธุฑ',
  `confirm_user_id` int(11) DEFAULT NULL COMMENT 'ุดูุงุณู ูพุฑุณูู ุจุฑุง ุชุฃุฏ ุง ุฑุฏ',
  `confirm_id` int(11) NOT NULL DEFAULT 2 COMMENT 'ุดูุงุณู ูุถุนุช ุชุฃุฏุ ุงุฒ ุฌุฏูู ูุถุนุช ูุง',
  `lang` varchar(2) NOT NULL DEFAULT 'fa' COMMENT 'ุฒุจุงู',
  `status_id` int(11) NOT NULL DEFAULT 1 COMMENT 'ุดูุงุณู ูุถุนุช ูุนุงู/ุบุฑ ูุนุงู',
  `deleted_at` timestamp NULL DEFAULT NULL,
  `created_at` timestamp NULL DEFAULT NULL,
  `updated_at` timestamp NULL DEFAULT NULL
) ENGINE=InnoDB DEFAULT CHARSET=utf8mb4 COLLATE=utf8mb4_unicode_ci;

--
-- Dumping data for table `blog_comments`
--

INSERT INTO `blog_comments` (`id`, `creator_id`, `editor_id`, `blog_id`, `parent_id`, `comment`, `confirm_user_id`, `confirm_id`, `lang`, `status_id`, `deleted_at`, `created_at`, `updated_at`) VALUES
(1, 1, NULL, 2, 0, 'dfldlfddlvd;', 1, 1, 'fa', 1, '2024-12-15 08:56:22', '2024-12-10 09:35:54', '2024-12-15 08:56:22'),
(2, 1, NULL, 2, 0, 'ูพุงุณุฎ', 1, 1, 'fa', 1, '2024-12-15 08:56:22', '2024-12-10 09:37:04', '2024-12-15 08:56:22'),
(3, 1, NULL, 2, 0, 'ุชุณุช', 1, 1, 'fa', 1, '2024-12-15 08:56:22', '2024-12-10 09:37:51', '2024-12-15 08:56:22'),
(4, 7, NULL, 5, 0, 'ุฎู ุนุงู', 1, 1, 'fa', 1, NULL, '2024-12-11 08:26:55', '2024-12-11 08:33:34'),
(5, 7, NULL, 3, 0, 'ุฎู ุฎูุจ', 1, 1, 'fa', 1, NULL, '2024-12-11 08:40:50', '2024-12-12 06:58:04'),
(6, 3, NULL, 6, 0, 'ุฏุฏุณุฏ', 1, 1, 'fa', 1, '2024-12-22 00:02:21', '2024-12-11 09:42:14', '2024-12-22 00:02:21'),
(7, 3, NULL, 6, 0, 'efegfewger', 1, 1, 'fa', 1, '2024-12-22 00:02:21', '2024-12-12 06:58:58', '2024-12-22 00:02:21'),
(8, 3, NULL, 6, 0, 'geeeeeeeeeeeeeeeee', 1, 1, 'fa', 1, '2024-12-22 00:02:21', '2024-12-12 06:59:01', '2024-12-22 00:02:21'),
(9, 3, NULL, 6, 0, 'ddddddddddddddddddddddddddd', 1, 1, 'fa', 1, '2024-12-22 00:02:21', '2024-12-12 06:59:07', '2024-12-22 00:02:21'),
(10, 3, NULL, 6, 6, 'swvvvvvvww', 1, 1, 'fa', 1, '2024-12-22 00:02:21', '2024-12-12 07:00:29', '2024-12-22 00:02:21'),
(11, 3, 1, 6, 8, 'wwwwwwwwwwwwwwww', 1, 0, 'fa', 1, '2024-12-22 00:02:21', '2024-12-12 07:00:35', '2024-12-22 00:02:21'),
(12, 5, NULL, 6, 0, 'ุจุง ุณูุงู \nุงู ุดุงุกุงููู ุฎุฏุงููุฏ ุงุฒ ููู  ุงุฑุงุฏุชููุฏุงู ุจู ุญุถุฑุช ุฒูุฑุง ุณูุงู ุงููู ุนููุง ูุจูู ุจฺฏุฑุฏุงูุฏ \nุขูู', NULL, 2, 'fa', 1, '2024-12-22 00:02:21', '2024-12-16 07:16:43', '2024-12-22 00:02:21'),
(13, 5, NULL, 5, 0, 'ุณูุงู ุนูฺฉู \nุนุงูู', NULL, 2, 'fa', 1, NULL, '2024-12-17 12:00:53', '2024-12-17 12:00:53'),
(14, 16, NULL, 3, 0, 'ุณูุงู ุนูฺฉูุ ุฎู ฺฉุชุงุจ ุฎูุจ ุจูุฏ\nูู ุจุณุงุฑ ูุฐุช ุจุฑุฏู ุงุฒ ุงุญุงุฏุซ ุงู ฺฉุชุงุจ\nุจุฎุตูุต ุจุฎุด ุฎููุช ูุฌูุฏ ุญุถุฑุช\nุฎุฏุง ุนูุฑ ุจุงุนุฒุช ุจู ุงุณุชุงุฏ ูุฑุญุฒุงุฏ ูุจู ุดูุง ุฏูุฏ', 11, 1, 'fa', 1, NULL, '2024-12-22 00:32:23', '2025-01-05 11:18:14'),
(15, 16, NULL, 3, 0, 'ุณูุงู ุนูฺฉู ููุช ุจุฎุฑ\nฺฉุชุงุจ ุจุณุจุงุฑ ุฎูุจ ุจูุฏ ูููููู\nูุฎุตูุตุง ุจุฎุด ุงูู ฺฉุชุงุจุ ุฎููุช ูุฌูุฏ ุญุถุฑุช ูุงุทูู ุฒูุฑุง ุณูุงู ุงููู ุนููุง', NULL, 2, 'fa', 1, '2025-01-05 11:18:36', '2024-12-22 00:33:59', '2025-01-05 11:18:36'),
(16, 20, NULL, 3, 0, 'ุจุณุงุฑ ุนุงู', NULL, 2, 'fa', 1, '2025-01-05 11:23:26', '2024-12-22 00:41:15', '2025-01-05 11:23:26'),
(17, 20, NULL, 3, 0, 'ุจุณุงุฑ ุนุงู', NULL, 2, 'fa', 1, '2025-01-05 11:18:54', '2024-12-22 00:42:04', '2025-01-05 11:18:54'),
(18, 20, NULL, 3, 0, 'ุจูุฏู ุงุฒ ฺฉุชุงุจ ุงุณุชูุงุฏู ฺฉุฑุฏู ู ุฏุฑ ูุด ุณุฎูุฑุงู ู ุฑูุถู ุจูุฑู ููุฏ ุดุฏู', 11, 1, 'fa', 1, NULL, '2024-12-22 00:43:49', '2025-01-05 11:19:13'),
(19, 23, NULL, 5, 0, 'ุฎู ุนุงู', NULL, 2, 'fa', 1, NULL, '2024-12-22 00:48:25', '2024-12-22 00:48:25'),
(20, 26, NULL, 3, 0, 'ุณูุงู ุฎูุจ ูุฌุงูุน', 11, 1, 'fa', 1, NULL, '2024-12-22 01:06:50', '2025-01-05 11:19:23'),
(21, 27, NULL, 3, 0, 'ุณูุงู ุนูฺฉู.ุจูุฏู ูู ุฏูู ุงูู ุณุฎูุฑุงู ู ุนุฒุฏุงุฑ ุฏุงุดุชู ู ูู ุฏูู ุฏูู.', NULL, 2, 'fa', 1, '2025-01-05 11:23:51', '2024-12-22 01:09:00', '2025-01-05 11:23:51'),
(22, 35, NULL, 3, 0, 'ุณูุงู\nุงูุฌุงู ุดุฏ', 11, 1, 'fa', 1, NULL, '2024-12-22 01:52:58', '2025-01-05 11:23:37'),
(23, 42, NULL, 3, 0, 'ุณูุงู ููููู ูุญุชูุง ู ฺฉุชุงุจ ุนุงู ุงุฌุฑุชูู ุจุง ุญุถุฑุช ุฒูุฑุง ุณูุงู ุงููู ุนููุง', 11, 1, 'fa', 1, NULL, '2024-12-22 04:29:32', '2025-01-05 11:18:03'),
(24, 17, NULL, 3, 0, 'ุงุฒ ุดูุง ุฎุงุฏูุงู ูุงุทู ุชุดฺฉุฑ ูฺฉูู..ููุง ูุง ุฏุฑ ุฑูุณุชุง ุฏุงุดุชู ุจุงุดุฏ', NULL, 2, 'fa', 1, NULL, '2024-12-23 16:34:05', '2024-12-23 16:34:05'),
(25, 56, NULL, 3, 0, 'ุณูุงู ุนูฺฉู \nฺฉุชุงุจ ุฎูุจ ููพุฑูุญุชูุง ูุณุช \nูู ุจุฑุง ููุจุฑ ูุง ุจุง ูุฎุงุทุจ ุนููู ฺฉู ุณูฺฏู ูุณุช ูุฐุง ุจุงุฏ ุฎู ูุทูุจ ุฑุง ุขุณุงู ูุฑูุงู ฺฉุฑุฏ ุชุง ูุฎุงุทุจ ุจุฏุงูุฏ', NULL, 2, 'fa', 1, NULL, '2024-12-26 10:55:42', '2024-12-26 10:55:42'),
(26, 56, NULL, 3, 0, 'ฺฉุชุงุจ ุฎูุจ ููพุฑูุญุชูุง ูุณุช', NULL, 2, 'fa', 1, '2025-01-05 11:42:04', '2024-12-26 10:56:26', '2025-01-05 11:42:04'),
(27, 67, NULL, 3, 0, 'ุจุงุณูุงู \nุจูุฏู ุฏู ุฌูุณู ุจุดุชุฑ ูุชูุงูุณุชู ุจุฑฺฏุฒุงุฑ ฺฉูู โ ุจู ุฏูู  ุงูฺฉู ูุฑุฒูุฏ ฺฉูฺฺฉ ุฏุงุดุชู ฺฉู ณฐ ุฑูุฒ ุฏุงุดุชู ุฏุฑ ุชูุงูู ูุจูุฏ ฺฉู ุจุดุชุฑ ุจุฑฺฏุฒุงุฑ ฺฉูู.   ุงู ุดุงุงููู ุฏุฑ ูุฑุงุณูุงุช ุจุนุฏ ุฌุจุฑุงู ูฺฉูู', NULL, 2, 'fa', 1, NULL, '2024-12-27 15:24:23', '2024-12-27 15:24:23'),
(28, 41, NULL, 3, 0, 'ูู ฺฉุงูู ูุฎููุฏู ูู  ฺฉู ฺฉู ุฎููุฏู ุนุงู ุจูุฏ ุนู ุงุงุฎุตูุต ุญุฏุซ ฺฉุณุง', NULL, 2, 'fa', 1, NULL, '2025-01-07 16:00:02', '2025-01-07 16:00:02'),
(29, 104, NULL, 3, 0, 'ุณูุงู ูุนุฑุถ ุงุฏุจ ฺฉุชุงุจ ุจุณุจุงุฑ ููุฏ ูุฎูุจ ุจูุฏ ููู ุฏุฑ ูุฌุงูุณุงู ุงุณุชูุงุฏู ฺฉุฑุฏู ูุฑุถุงุช ูุฎุงุทุจ ุฑู ฺฉุงููุง ุงุญุณุงุณ ฺฉุฑุฏู ูุจู ุฌุงู ุฎูุฏูู ูุดุณุช  ุจุฑุชุฑู ุจุงูู ูุณุช ุงูุง ฺูุฏุฑ ูุธููู', NULL, 2, 'fa', 1, NULL, '2025-01-07 16:42:15', '2025-01-07 16:42:15'),
(30, 105, NULL, 3, 0, 'ุณูุงู ููููู ฺฉุชุงุจ ุฎูุจ ูุจุงูุญุชูุง ุจูุฏ ู ุจุณุงุฑ ุงุณุชูุงุฏู ฺฉุฑุฏู', NULL, 2, 'fa', 1, NULL, '2025-01-07 16:46:01', '2025-01-07 16:46:01'),
(31, 110, NULL, 3, 0, 'ุณูุงู ฺฉุชุงุจ ุนุงู ุจูุฏ ุนุงู', NULL, 2, 'fa', 1, NULL, '2025-01-07 16:47:22', '2025-01-07 16:47:22'),
(32, 50, NULL, 3, 0, 'ุจุงุณูุงู ู ุนุฑุถ ุงุฏุจ \nฺฉุชุงุจ ุจุณุงุฑ ฺฉุงุฑุจุฑุฏ  ุจู ุฎุตูุต ุฏุฑ ุงุงู ูุงุทูู ู ุชูุงู ุฏุฑ ุณุฎูุฑุงู ู ฺฉูุงุณ ูุง ู ุฌูุณุงุช ุฎุงูฺฏ ฺฉู ุจุฑฺฏุฒุงุฑ ู ฺฉูู ุงุฒ ูุทุงูุจ ฺฉุชุงุจ ุงุณุชูุงุฏู ู ูุญุชูุง ุขู ุฑุง ุฏุฑ ุงุฎุชุงุฑ ุจุงููุงู ูุฑุงุฑ ุฏูู ู ุจุงููุงู ุจุง ุณุฑู ุญุถุฑุช ุขุดูุง ู ุดููุฏุุชุดฺฉุฑ ุงุฒ ุฒุญูุงุช ุชุงูุุงุฌุฑุชุงู ุจุง ุจ ุจ ุฏู ุนุงูู ุญุถุฑุช ุฒูุฑุง ุณูุงู ุงููู ุนููุง', NULL, 2, 'fa', 1, NULL, '2025-01-07 16:59:28', '2025-01-07 16:59:28'),
(33, 111, NULL, 3, 0, 'ุณูุงู  ฺฉุชุงุจ ุฎู ุนุงู ู ูพุฑูุญุชูุง ุจูุฏ ุฏุฑ ด ุฌูุณู ุจู ุตูุฑุช ุฑูุถู ู ุณุฎูุฑุงู ุงุณุชูุงุฏู ฺฉุฑุฏู .', NULL, 2, 'fa', 1, NULL, '2025-01-07 17:06:57', '2025-01-07 17:06:57'),
(34, 111, NULL, 3, 0, 'ฺฉุชุงุจ ุฑู ุฏุฑ ุญูุฒู ุนููู ูุนุฑู ฺฉุฑุฏู ู ููููุฌุง ูู ุฎูุฏู ูู ุจูู ูุจูุบู ุงุฒ ฺฉุชุงุจ ุจูุฑู ูุฑุงูุงู ุจุฑุฏู', NULL, 2, 'fa', 1, NULL, '2025-01-07 17:08:06', '2025-01-07 17:08:06'),
(35, 111, NULL, 5, 0, 'ุณูุงู ููุช ุจุฎุฑ ฺุทูุฑ ุณูุงุฑุด ุจุฏู', NULL, 2, 'fa', 1, NULL, '2025-01-07 17:09:51', '2025-01-07 17:09:51'),
(36, 116, NULL, 3, 0, 'ุณูุงู ู ุฏุฑูุฏ \nฺฉุชุงุจ ุนุงู ุจูุฏ ู ููฺูู ูุญุชูุง ูุง ู ููุถูุนุงุช ุงุฑุงุฆู ุดุฏู ุฏุฑ ฺฉุงูุงู.\nูุงูุนุงู ุฏุบุฏุบู ูุง ูุณุจุช ุจู ููุถูุน ู ูุญุชูุง ุนุงู ฺฉู ุดุฏู.\nุงุฌุฑุชูู ุจุง ุญุถุฑุช ุฒูุฑุง ุณูุงู ุงููู ุนููุง', NULL, 2, 'fa', 1, NULL, '2025-01-07 17:26:05', '2025-01-07 17:26:05'),
(37, 120, NULL, 3, 0, 'ุณูุงู ฺฉุชุงุจ ุนุงู ุจูุฏ ุณุงุฏู ูุฑูุงู ูุงุจู ุงุณุชูุงุฏู ุจุฑุง ุนููู', NULL, 2, 'fa', 1, NULL, '2025-01-07 18:20:06', '2025-01-07 18:20:06'),
(38, 120, NULL, 3, 0, 'ุจุงุนุฑุถ ุณูุงู  ูุงุฏุจ \nฺฉุชุงุจ ููุฏูุงุฑุฒุดููุฏ ุจูุฏ ุฎุฏุงุฎุฑุชูู ุจุฏู', NULL, 2, 'fa', 1, NULL, '2025-01-07 18:22:00', '2025-01-07 18:22:00'),
(39, 53, NULL, 3, 0, 'ุจุงุณูุงู ู ุฎุฏุง ููุช \nูู ุงุฒ ฺฉุชุงุจ ูุงุทูู ุจุฑุชุฑู ุจุงูู ูุณุช ุงุณุชูุงุฏู ฺฉุฑุฏู ุฎู ูุทุงูุจ ฺฉุงุฑุจุฑุฏ ู ุฎูุจ ุฏุงุดุช ููููู', NULL, 2, 'fa', 1, NULL, '2025-01-07 22:41:47', '2025-01-07 22:41:47'),
(40, 107, NULL, 3, 0, 'ุจุงุณูุงู ู ุชุดฺฉุฑ ุญูุฑ ุงุฒ ุงู ฺฉุชุงุจ ุงุณุชูุงุฏู ฺฉุฑุฏู ู ุณุจฺฉ ุฒูุฏฺฏ ู ุณุฑู ุนูู ุญุถุฑุช ุฒูุฑุง (ุณูุงู ุงููู ุนููุง) ุฑุง ุจุงู ฺฉุฑุฏู', NULL, 2, 'fa', 1, NULL, '2025-01-08 00:31:25', '2025-01-08 00:31:25'),
(41, 126, NULL, 5, 0, 'ุณูุงู ูููููู ุงุฒ ูุทู ุดูุง ...', NULL, 2, 'fa', 1, NULL, '2025-01-08 00:42:54', '2025-01-08 00:42:54'),
(42, 131, NULL, 3, 0, 'ุณูุงู.ุฎู ูุชุดฺฉุฑู ุงุฒ ุทุฑุญ ุจุณุงุฑ ุนุงู ุดูุง. ุจูุฏู ุงุฒ ฺฉุชุงุจ ุฏุฑ 10 ฺฉูุงุณ ุฏุฑ ุฏุงูุดฺฏุงู ูุง ูุฎุชูู ูุดูุฏ ููุฏุณ ุงุณุชูุงุฏู ู ูุทุงูุจ ุงุฒ ุขู ุฑุง ุจุฑุง ุฏุงูุดุฌูุงู ุชุจู ฺฉุฑุฏู.', NULL, 2, 'fa', 1, NULL, '2025-01-08 01:42:54', '2025-01-08 01:42:54'),
(43, 134, NULL, 3, 0, 'ุณูุงู ุนูฺฉู \nุญููุชุง ุนุฑุถ ูฺฉูู ฺฉุชุงุจ ุจู ุงู ุฌุงูุนุช ุชุง ุจู ุญุงู ูุฏุฏู ุจูุฏู ุจุง ุงูฺฉู ฺฉุชุงุจโูุง ุฏฺฏุฑ ุฑู ูู ุฏุฏูุจูุฏู ุงุฒ ุงู ฺฉุชุงุจ ุฏุฑ ููุงุจุฑ ูุณุฌุฏ ู ูุฆุงุช ุงุณุชูุงุฏู ฺฉุฑุฏู ู ูู ุฎูุฏู ูุฐุช ุจุฑุฏู ู ูู ูุฑุฏู ุฎุฏุง ุฎุฑ ฺฉุซุฑ ุจู ูููุดูุง ู ูููู ฺฏุฑุงู ุนูุงุช ุจูุฑูุงุฏ.\nุนุจุงุณ ุฎุฏุฑ ุฑูุญุงู ูุณุฌุฏ ุดูุฏ ูุฏู ุฎุฑู ุขุจุงุฏ ูุฑุณุชุงู', NULL, 2, 'fa', 1, NULL, '2025-01-08 03:39:33', '2025-01-08 03:39:33'),
(44, 135, NULL, 3, 0, 'ุณูุงู ูุนุฑุถ ุงุฏุจ ุจูุชุฑู ฺฉุชุงุจ ุจูุฏ ฺฉู ุฏุฑ ุงู ุงุงู ูุงุทูู ุฏุฑุงูุช ฺฉุฑุฏู ุฎู ูุญุชูุง ุนุงู ุุณูุณ ูุฑูุงู ุูุทุงูุจ ุฎู ุฏููุดู ุจูุฏ \nุชูุงู ุฌูุณุงุช ููุจุฑ ุงุฒ ุงู ฺฉุชุงุจ ุงุณุชูุงุฏู ฺฉุฑุฏู \nูุงุฒ ูุจูุฏ ุฏูุจุงู ูุทูุจ ุจฺฏุฑุฏู ุจู ุฏูู ุงูฺฉู ููู ฺุฒ ฺฉู ูุฎูุงุณุชู ุฏุฑ ุงู ฺฉุชุงุจ ุจูุฏ ุงููู ุจุง ุณูุฏ ู ูุฏุฑฺฉ \nุฎุฏุง ุฎุฑุชูู ุจุฏู\nุงุฌุฑุชูู ุจุง ุญุถุฑุช ุฒูุฑุง ุณูุงู ุงููู ุนููุง \nฺฏุฒุงุฑุดุงุช ุงูุฌุงู ุดุฏ.', NULL, 2, 'fa', 1, NULL, '2025-01-08 10:09:07', '2025-01-08 10:09:07'),
(45, 135, NULL, 3, 0, 'ูุฑ ฺ ุงุฒ ุงู ฺฉุชุงุจ ุชุนุฑู ฺฉูู ฺฉูู \nุจูุฏู ูุจูุบ ุจูุฏู \nุฎู ูพุฑ ูุญุชูุง ุจูุฏ ฺฉุชุงุจ \nุฎู ูุดูฺฏ ูุทุงูุจ ุจุงุฒ ฺฉุฑุฏู ุจูุฏ ุนูุงูู ุจุฑุงูฺฉู ุจู ุฏู ุฎูุฏููู ูโูุดุณุช ุจู ุฏู ูุฎุงุทุจ ุงุซุฑุด ุจุดุชุฑ ุจูุฏ\nุงูุญูุฏููู ุฑุจ ุงูุนุงููู', NULL, 2, 'fa', 1, NULL, '2025-01-08 10:10:32', '2025-01-08 10:10:32'),
(46, 11, NULL, 8, 0, 'ุจุง ุณูุงู \nุงุฒ ููู  ูุจูุบู ุฏุฑุฎูุงุณุช ุฏุงุฑู ูพุฑููุงู ุฎูุฏุดุงู ุฑุง ุชฺฉูู ููุงูุฏ \nุง ุนู', 11, 1, 'fa', 1, NULL, '2025-01-17 15:06:38', '2025-01-17 15:06:38'),
(47, 143, NULL, 8, 0, 'ุณูุงู ูุจุงุฑฺฉุดูู ุจุงุดู  ุฏุฑ ูพูุงู ุงูุฑ ุงูููููู ุนู ุนูู ุงูุณูุงู', NULL, 2, 'fa', 1, NULL, '2025-01-17 15:16:07', '2025-01-17 15:16:07'),
(48, 105, NULL, 8, 0, 'ุนุงู ุจูุฏ', NULL, 2, 'fa', 1, NULL, '2025-01-17 15:17:06', '2025-01-17 15:17:06'),
(49, 40, NULL, 8, 46, 'ุณูุงู ุนูฺฉู \nูุงูุนุง ูููููู ุงุฒ ุงู ฺฉุชุงุจ ุจุณุงุฑ ุฎูุจ ฺฉู ุจุฑุง ูุงุทูู ูุฑุณุชุงุฏู ฺูุฏู ููุจุฑ ูุง ุงุฒุด ุงุณุชูุงุฏู ฺฉุฑุฏู ุฎู ุนุงู ุจูุฏ ุฎุฏุง ุฎุฑุชูู ุจุฏู ุงูุดุงุงููู', NULL, 2, 'fa', 1, NULL, '2025-01-17 15:23:03', '2025-01-17 15:23:03'),
(50, 151, NULL, 3, 0, 'ุณูุงู ุฎุฏูุช ุดูุง ุจุฒุฑฺฏูุงุฑ ุงู \nูููููโุงุฒ ุญูุงุช ูุญุชูุง \nุจุณุงุฑ ููุงุณุจ ูฺฉุงุฑุจุฑุฏ ุจูุฏ', NULL, 2, 'fa', 1, NULL, '2025-01-17 15:38:25', '2025-01-17 15:38:25'),
(51, 16, NULL, 7, 0, 'ุณูุงู ุนูฺฉู ููุช ุจุฎุฑ\nูุฑุงุณู ุงุนุชฺฉุงู ุฎุฏุง ุฑูุดฺฉุฑ ุฎูุจ ุจูุฏ ูุงุฒ ููุงุจุน ุฎูุจ ุงุณุงุชุฏ ุจุฒุฑฺฏ ุญูุฒู ุงุณุชูุงุฏู ฺฉุฑุฏู', NULL, 2, 'fa', 1, NULL, '2025-01-17 15:39:29', '2025-01-17 15:39:29'),
(52, 132, NULL, 8, 0, 'ุณูุงู.ุฏุงุฎู ุงุณุงู ุจุฑฺฏุฒุฏฺฏุงู.ูุญูุฏ ฺฉุงู ูุณุช.ูุฎุงุณุชู ุจุจูู ูุญูุฏ ฺฉูุงู ุง ูุญูุฏ ฺฉุงู', NULL, 2, 'fa', 1, NULL, '2025-01-17 16:01:58', '2025-01-17 16:01:58'),
(53, 84, NULL, 8, 0, 'ุณูุงู ุนูฺฉููุจุงุฑฺฉ ููู ุฏูุณุชุงู ุจุงุดู ุงู ุดุงุงููู', NULL, 2, 'fa', 1, NULL, '2025-01-17 16:16:11', '2025-01-17 16:16:11'),
(54, 27, NULL, 8, 46, 'ููููู.ุฎุฏุง ุฎุฑุชูู ุจุฏูุฏ.', NULL, 2, 'fa', 1, NULL, '2025-01-17 16:18:11', '2025-01-17 16:18:11'),
(55, 89, NULL, 8, 0, 'ุนุฑุถ ุณูุงู ู ุงุญุชุฑุงู ูุญุถุฑ ุณุฑูุฑุงู ูุนุฒุฒ ู ุงุณุงุชุฏ ฺฏุฑุงููุฏุฑ ู ุชูุฏุฑ ุจุงุจุช ุฒุญูุงุช ุงุฑุฒูุฏู ู ุตุงุฏูุงูู ุฏูุณุชุงู', NULL, 2, 'fa', 1, NULL, '2025-01-17 16:27:00', '2025-01-17 16:27:00'),
(56, 94, NULL, 3, 0, 'ุณูุงู ุนูฺฉู  ููุช ููู ุดูุง ุนุฒุฒุงู ุจุฎุฑ ุจุง ุชุดฺฉุฑ ุงุฒ ุฏุณุช ุงูุฏุฑฺฉุงุฑุงู ฺฏุฑุงู\nุงุญุชุฑุงูุง ุจู ุงุณุชุญุถุงุฑ ุดูุง ุนุฒุฒุงู ู ุฑุณุงูุฏ ฺฉู ฺฉุชุงุจ ูุฐฺฉูุฑุฌุงูุน ู ุนุงู ุจูุฏ ู ุงุฒ ูุชู ูุงุญุงุฏุซ ุงู ฺฉุชุงุจ ูุฐุช ุจุฑุฏู ู ุฏุฑ ุณุฎูุฑุงู ูุง ู ุฑูุถู ูุง ู ุฏุฑ ุฌูุณุงุช ูุฎุชูู ุงุณุชูุงุฏู ุจููู ฺฉุฑุฏู ุงูุดุงุกุงููู ูููู ุจุงุดุฏ', NULL, 2, 'fa', 1, NULL, '2025-01-17 16:52:42', '2025-01-17 16:52:42'),
(57, 165, NULL, 8, 0, 'ุฎุฏุง ููุช ุชุดฺฉุฑ ุงุฒ ุดูุง ุจุฒุฑฺฏูุงุฑุงู', NULL, 2, 'fa', 1, NULL, '2025-01-17 23:39:42', '2025-01-17 23:39:42'),
(58, 29, NULL, 8, 0, 'ุจุณุงุฑ ุนุงู \nูุงุฌูุฑู', NULL, 2, 'fa', 1, NULL, '2025-01-18 10:26:30', '2025-01-18 10:26:30'),
(59, 16, NULL, 7, 0, 'ุณูุงู ุนูฺฉู ููุช ุจุฎุฑ\nุงุนุชฺฉุงู ุฎูุจ ุจูุฏุ ุงูุฏูุงุฑู ูููุทูุฑ ฺฉู ุฏุฑ ุงุนุชฺฉุงู ููู ุฏูุฑ ูู ุฌูุน ุดุฏู ุฏุฑ ุฑูุฒ ุนุฏ ุบุฏุฑ ูู ุจู ุจุฑฺฉุช ุญุถุฑุช ุนู ุนูู ุงูุณูุงู ุงู ฺูู ุจุงุดุฏ', NULL, 2, 'fa', 1, NULL, '2025-01-20 07:00:45', '2025-01-20 07:00:45'),
(60, 111, NULL, 8, 46, 'ุถูู ุชุจุฑฺฉ ุงุนุงุฏ ูุงู ุฑุฌุจ ุงุฒ ุฒุญูุงุช ุดูุง ู ุจูู ุฏูุณุชุงู ุชูุฏุฑ ู ุชุดฺฉุฑ ุฏุงุฑู.ฺฉุชุงุจ ุจุณุงุฑ ูพุฑ ูุญุชูุง ู ุฌุฐุงุจ ุจูุฏ ุจุฑุง ุทูุจู ูุง ุญูุฒู ูุฑ ุดุจ ุฏุฑ ฺฏูุชฺฏููุง ุฏูุฑ ูู ุจุงู ุดุฏ', NULL, 2, 'fa', 1, NULL, '2025-01-23 06:56:57', '2025-01-23 06:56:57'),
(61, 92, NULL, 3, 0, 'ุณูุงู ูุฎุฏุงููุช\nฺฉุชุงุจ ุจุฑุงู ูุทุงูุจ ุฌุงูุจ ูุดูุฏู ุฏุงุดุช \nุงุฌุฑฺฉู ุนูุฏุงููู', NULL, 2, 'fa', 1, NULL, '2025-01-23 17:35:44', '2025-01-23 17:35:44'),
(62, 86, NULL, 3, 0, 'ุณูุงู ุงูุฌุงู ุดุฏ', NULL, 2, 'fa', 1, NULL, '2025-01-27 14:32:55', '2025-01-27 14:32:55'),
(63, 25, NULL, 3, 0, 'ุจุงุนุฑุถ ุณูุงู ุฎุณุชู ูุจุงุดุฏ ูุญุชูุง ฺฉุชุงุจ ูุงูุนุง ุนุงู ุจูุฏ ุฏุณุชุชูู ุฏุฑุฏ ูฺฉูู  ู ุฏุฑ ูุดุณุช ูุง ฺฉูุงุณ ุงุณุชูุงุฏู ฺฉุฑุฏู', NULL, 2, 'fa', 1, NULL, '2025-02-01 13:36:00', '2025-02-01 13:36:00'),
(64, 193, NULL, 3, 0, 'ุณูุงู ุงูุฌุงู ุดุฏ ุฎู ูู ุนุงู', NULL, 2, 'fa', 1, NULL, '2025-02-01 18:54:42', '2025-02-01 18:54:42');

-- --------------------------------------------------------

--
-- Table structure for table `blog_subjects`
--

CREATE TABLE `blog_subjects` (
  `id` bigint(20) UNSIGNED NOT NULL,
  `title_fa` varchar(50) DEFAULT NULL COMMENT 'ุนููุงู',
  `order` int(11) DEFAULT 1 COMMENT 'ุชุฑุชุจ',
  `count_blog` int(11) NOT NULL DEFAULT 0 COMMENT 'ุชุนุฏุงุฏ ูุญุชูุง',
  `status_id` int(11) NOT NULL DEFAULT 1 COMMENT 'ุดูุงุณู ูุถุนุช ูุนุงู/ุบุฑ ูุนุงู',
  `deleted_at` timestamp NULL DEFAULT NULL,
  `created_at` timestamp NULL DEFAULT NULL,
  `updated_at` timestamp NULL DEFAULT NULL
) ENGINE=InnoDB DEFAULT CHARSET=utf8mb4 COLLATE=utf8mb4_unicode_ci;

-- --------------------------------------------------------

--
-- Table structure for table `cache`
--

CREATE TABLE `cache` (
  `key` varchar(255) NOT NULL,
  `value` mediumtext NOT NULL,
  `expiration` int(11) NOT NULL
) ENGINE=InnoDB DEFAULT CHARSET=utf8mb4 COLLATE=utf8mb4_unicode_ci;

--
-- Dumping data for table `cache`
--

INSERT INTO `cache` (`key`, `value`, `expiration`) VALUES
('|178.131.226.201', 'i:1;', 1734852805),
('|178.131.226.201:timer', 'i:1734852805;', 1734852805),
('|5.115.173.24', 'i:1;', 1735631429),
('|5.115.173.24:timer', 'i:1735631429;', 1735631429),
('|5.123.43.121', 'i:3;', 1736143622),
('|5.123.43.121:timer', 'i:1736143622;', 1736143622),
('|5.212.162.44', 'i:1;', 1733997950),
('|5.212.162.44:timer', 'i:1733997950;', 1733997950),
('|5.215.242.211', 'i:1;', 1737141686),
('|5.215.242.211:timer', 'i:1737141686;', 1737141686),
('|5.250.54.252', 'i:1;', 1736707798),
('|5.250.54.252:timer', 'i:1736707798;', 1736707798);

-- --------------------------------------------------------

--
-- Table structure for table `cache_locks`
--

CREATE TABLE `cache_locks` (
  `key` varchar(255) NOT NULL,
  `owner` varchar(255) NOT NULL,
  `expiration` int(11) NOT NULL
) ENGINE=InnoDB DEFAULT CHARSET=utf8mb4 COLLATE=utf8mb4_unicode_ci;

-- --------------------------------------------------------

--
-- Table structure for table `courses`
--

CREATE TABLE `courses` (
  `id` bigint(20) UNSIGNED NOT NULL,
  `promotion_id` int(11) DEFAULT NULL,
  `promoter_id` int(11) DEFAULT NULL,
  `promotion_report_id` int(11) DEFAULT NULL,
  `subject` varchar(255) CHARACTER SET utf8mb4 COLLATE utf8mb4_unicode_ci DEFAULT NULL,
  `year` varchar(4) DEFAULT NULL,
  `duration` varchar(100) CHARACTER SET utf8mb4 COLLATE utf8mb4_unicode_ci DEFAULT NULL,
  `audiencetype_id` int(11) DEFAULT NULL,
  `people_count` int(11) DEFAULT NULL,
  `place_name` varchar(255) CHARACTER SET utf8mb4 COLLATE utf8mb4_unicode_ci DEFAULT NULL,
  `city_id` int(11) DEFAULT NULL,
  `province_id` int(11) DEFAULT NULL,
  `city` varchar(255) CHARACTER SET utf8mb4 COLLATE utf8mb4_unicode_ci DEFAULT NULL,
  `village` varchar(255) CHARACTER SET utf8mb4 COLLATE utf8mb4_unicode_ci DEFAULT NULL,
  `status_id` int(1) DEFAULT 1,
  `deleted_at` timestamp NULL DEFAULT NULL,
  `created_at` timestamp NULL DEFAULT NULL ON UPDATE current_timestamp(),
  `updated_at` timestamp NULL DEFAULT NULL ON UPDATE current_timestamp()
) ENGINE=MyISAM DEFAULT CHARSET=utf8mb3 COLLATE=utf8mb3_persian_ci;

--
-- Dumping data for table `courses`
--

INSERT INTO `courses` (`id`, `promotion_id`, `promoter_id`, `promotion_report_id`, `subject`, `year`, `duration`, `audiencetype_id`, `people_count`, `place_name`, `city_id`, `province_id`, `city`, `village`, `status_id`, `deleted_at`, `created_at`, `updated_at`) VALUES
(5, 1, 6, 10, 'ุฏูุฑู ุฌุฏุฏ', '1403', '33', 3, 23, 'ูุณุฌุฏ', 36, 2, 'ูุณุฌุฏ', NULL, 1, '2025-01-05 09:54:39', '2025-01-05 13:24:39', '2025-01-05 09:54:39'),
(8, 2, 8, 11, 'ูุงุทูู', '1403', '3', 1, 100, 'ูุณุฌุฏ', 37, 4, 'ุงุตููุงู', NULL, 1, '2025-01-05 09:54:32', '2025-01-05 13:24:32', '2025-01-05 09:54:32'),
(9, 2, 6, 10, 'ุฏูุฑู ุฌุฏุฏ', '1403', '33', 3, 23, 'ูุณุฌุฏ', 36, 2, 'ูุณุฌุฏ', 'ูุชุณุช', 1, '2025-01-05 09:54:39', '2025-01-05 13:24:39', '2025-01-05 09:54:39'),
(11, 2, 7, 12, 'ูุฒุงูุจูุบู', '1403', '55', 1, 55, 'ุทุจูุชุทุจูุช', 5, 1, 'ุณูุจุณู', NULL, 1, '2025-01-05 09:54:25', '2025-01-05 13:24:25', '2025-01-05 09:54:25'),
(28, 3, 3, 25, 'grh', '1403', '44', 1, 44, '44', 26, 2, 't4t', NULL, 1, '2025-01-05 09:54:51', '2025-01-05 13:24:51', '2025-01-05 09:54:51'),
(20, 3, 6, 18, 'courses', '1403', '34', 1, 34, 'school', 21, 4, 'city', NULL, 1, '2025-01-05 09:54:11', '2025-01-05 13:24:11', '2025-01-05 09:54:11'),
(22, 3, 4, 13, 'ููุดู ุฎูุงู ุบุฏุฑ', '1403', '60', 3, 50, 'ุชุงูุงุฑ ุดูุฑ', 72, 9, 'ุจูุฌู', NULL, 1, '2025-01-05 09:54:18', '2025-01-05 13:24:18', '2025-01-05 09:54:18'),
(32, 3, 5, 27, 'ุทุง', '1403', '548', 2, 80, 'ุงุชู', 124, 7, 'ุจุช', NULL, 1, '2025-01-05 09:54:57', '2025-01-05 13:24:57', '2025-01-05 09:54:57'),
(46, 4, 4, 13, 'ููุดู ุฎูุงู ุบุฏุฑ', '1403', '60', 3, 50, 'ุชุงูุงุฑ ุดูุฑ', 72, 9, 'ุจูุฌู', NULL, 1, '2025-01-05 09:54:18', '2025-01-05 13:24:18', '2025-01-05 09:54:18'),
(44, 4, 6, 18, 'courses', '1403', '34', 1, 34, 'school', 21, 4, 'city', NULL, 1, '2025-01-05 09:54:11', '2025-01-05 13:24:11', '2025-01-05 09:54:11'),
(45, 4, 6, 18, 'ุฏูุฑู ูู', '1403', '34', 1, 34, 'ูุณุฌุฏ', 5, 1, 'ุดูุฑูู', NULL, 1, '2025-01-05 09:54:11', '2025-01-05 13:24:11', '2025-01-05 09:54:11'),
(52, 4, 14, 34, 'ุฏูู ูุงุทูู', '1403', '30', 4, 20, 'ูุฏุฑุณู', 13, 24, 'ุงูุจุงุฑุงููู', 'ุงูู_ุขุจุงุฏ', 1, '2025-01-05 09:53:14', '2025-01-05 13:23:14', '2025-01-05 09:53:14'),
(53, 4, 16, 35, 'ููุจุฑ ุฏูู ูุงุทูู', '1403', '40', 3, 20, 'ููุฒู ุงูุฑุงุฏ', 246, 11, 'ุณุฑุฎุณ', NULL, 1, NULL, NULL, NULL),
(89, 4, 22, 37, 'ูุงุทูู', '1403', '45', 3, 400, 'ุญุณูู', 321, 20, 'ุฏูุจุฑุงู', 'ุจูุงุฑ ูู', 1, NULL, NULL, NULL),
(200, 4, 23, 88, 'ุงุณุงู ู ุงููุงุจ ุญุถุฑุช ุฒูุฑุง', '1403', '300', 5, 60, 'ูุณุฌุฏุงูููุฏ', 332, 4, 'ฺฉุงุดุงู', NULL, 1, NULL, NULL, NULL),
(199, 4, 23, 88, 'ูุงุทูู ุจุฑุชุฑู ุจุงูู ูุณุช', '1403', '500', 1, 80, 'ููุฒู ุฎุงูู ุนูุฒุงุฏู', 332, 4, 'ฺฉุงุดุงู', NULL, 1, NULL, NULL, NULL),
(198, 4, 23, 88, 'ุฒูุฏฺฏ ุญุถุฑุช ุฒูุฑุง ู ููุณุฑุฏุงุฑ ููููู ุงุดุงู', '1403', '200', 3, 60, 'ููุฒู ุนูู', 332, 4, 'ฺฉุงุดุงู', NULL, 1, NULL, NULL, NULL),
(58, 4, 24, 39, 'ุงุงู ูุงุทูู', '1403', '3000', 1, 200, 'ูุณุฌุฏ ุซุงูู ุงูุญุฌุฌ', 99, 10, 'ุจุฑุฌูุฏ', 'ุฏุงุฑุฌ', 1, NULL, NULL, NULL),
(59, 4, 25, 40, 'ูุดุณุช ุฏุงูุด ุงููุฒ ุฏุฑุงุงู ูุงุทูู ุฏุฑููุฑุฏ ฺฉุชุงุจ  ูุงุทูู ุจุฑุชุฑู ุจุงูู ูุณุช  ู ููุงุด ุญุฏุซ ฺฉุณุง ู ุตููุงุช ุฎุงุตู ุญุถุฑุช ูุงุทูู ุจุง ุจฺู ูุง', '1403', '30', 4, 35, 'ูุฏุฑุณู', 423, 2, 'ููุฏู', NULL, 1, NULL, NULL, NULL),
(60, 4, 25, 40, 'ููุงุด ูุงูู ุญุฏุซ ฺฉุณุง', '1403', '30', 4, 35, 'ูุฏุฑุณู', 423, 2, 'ููุฏู', NULL, 1, NULL, NULL, NULL),
(61, 4, 26, 41, 'ุงุงู ูุงุทูู ุณุฎูุฑุงู', '1403', '35', 3, 80, 'ูุงูุฏุดุชุ ุฎุงุจุงู ุฑุญูุงูุ ูุฑุงุฑฺฏุงู ุชุนุงู ุจุงููุงู', 336, 5, 'ูุงูุฏุดุช', NULL, 1, NULL, NULL, NULL),
(205, 4, 28, 91, 'ูุงุทูู', '1403', '90', 4, 75, 'ุฏุจุณุชุงู ุญุฌุงุจ', 281, 9, 'ฺฉุงู', NULL, 1, NULL, NULL, NULL),
(63, 4, 30, 45, 'ููฺฉุจ ุฏุงูุด ุงููุฒ', '1403', '30', 4, 200, 'ูุฏุฑุณู ุฏุฎุชุฑุงูู', 300, 30, 'ูุงููู', 'ูฺฏุงุฑุฎุงุชูู', 1, NULL, NULL, NULL),
(64, 4, 32, 46, 'ุงุฌุฑุง ุญุฏุงูู 3 ุฌูุณู ุงุฒ ูุตู 14 ู 15 ฺฉุชุงุจ ูุงุทูู ุจุฑุชุฑู ุจุงูู ูุณุช ู ุงูุฏุง ฺฉุชุงุจ ูุจ ฺฉ ุงุฒ ูุนุงูู ูุฑููฺฏ ุฏุฑ ฺฉูุทูู', '1403', '40', 1, 250, 'ุฑูุถู ูุง ุฎุงูฺฏ', 373, 17, 'ูุงุฑู ูุทูุ ุงุฑุฏ ุ ฺฏุฑุงุด ู ุญููู', NULL, 1, NULL, NULL, NULL),
(197, 4, 23, 88, 'ุญุฌุงุจ ู ุนูุงู ุญุถุฑุช ุฒูุฑุง', '1403', '300', 4, 60, 'ููุฒู ููุฏู', 332, 4, 'ฺฉุงุดุงู', NULL, 1, NULL, NULL, NULL),
(66, 4, 35, 48, 'ูุงุทูู', '1403', '400', 1, 700, 'ูุณุฌุฏ', 127, 4, NULL, 'ููุนู ูุงุธุฑ', 1, NULL, NULL, NULL),
(67, 4, 37, 49, 'ุงุงู ูุงุทูู ุฏูู', '1403', '2', 3, 30, 'ุฏููู ฺฏูุจฺฉ', 222, 21, 'ฺฏูุจฺฉ', 'ุฏููู', 1, NULL, NULL, NULL),
(68, 4, 39, 50, 'ูุงุทูู', '1403', '40', 1, 300, 'ุญุณูู', 407, 6, 'ููุฑุงู', 'ููุฑุงู', 1, NULL, NULL, NULL),
(69, 4, 40, 51, 'ูุงุทูู ุฏูู', '1403', '30', 1, 150, 'ูุณุฌุฏ', 396, 11, 'ุดุงูุฏุฒ', 'ูุฑุญ ุขุจุงุฏ', 1, NULL, NULL, NULL),
(70, 4, 42, 52, 'ุงุงู ูุงุทูู', '1403', '60', 4, 300, 'ูุฏุฑุณู ุฏุฎุชุฑุงูู', 214, 21, 'ูุฑฺฉุฒ', NULL, 1, NULL, NULL, NULL),
(71, 4, 43, 53, 'ูุงุทูู', '1403', '60', 4, 60, 'ูุณุฌุฏ ุญุถุฑุช ุงุจูุงููุถู', 421, 4, 'ุจุงุฏุฑูุฏ', 'ูู', 1, NULL, NULL, NULL),
(73, 4, 44, 54, 'ููุจุฑ ูุงุทูู ฑฐ ุฌูุณู', '1403', '30', 1, 100, 'ูุณุฌุฏ', 117, 11, 'ุชุฑุจุช ุญุฏุฑู', NULL, 1, NULL, NULL, NULL),
(74, 4, 44, 54, 'ฺฉูุงุณ ุฏุงุฑ', '1403', '600', 4, 50, 'ูุณุฌุฏ', 117, 11, 'ุชุฑุจุช ุญุฏุฑู', NULL, 1, NULL, NULL, NULL),
(75, 4, 47, 55, 'ฺฉุชุงุจ ูุงุทูู ุจุฑุชุฑู ุจุงูู ูุณุช', '1403', '180', 3, 50, 'ูุณุฌุฏ ุญุถุฑุช ุฒูุจ ุณูุงู ุงููู', 378, 4, 'ูููุงุฏุดูุฑ', NULL, 1, NULL, NULL, NULL),
(76, 4, 48, 56, 'ุชุจูุบ ูุงุทูู', '1403', '90', 1, 150, 'ูุณุฌุฏ ู ููุฒู', 339, 22, 'ฺฉุฑูุงูุดุงู', NULL, 1, NULL, NULL, NULL),
(77, 4, 49, 57, 'ุชุจูุบ ุบุฏุฑู', '1403', '1200', 1, 57, 'ูุณุฌุฏ ุฌุงูุน ุดูุฑ ุณุฑูุณุช', 372, 22, 'ุดูุฑ ุณุฑูุณุช', 'ุณุฑูุณุช', 1, NULL, NULL, NULL),
(78, 4, 50, 58, 'ูุงุทูู', '1403', '120', 3, 25, 'ฺฏูุจฺฉุุนู ุขุจุงุฏ ูุณุฌุฏ ุนู ุงุจู ุงุจ ุทุงูุจ ุน', 222, 21, 'ฺฏูุจฺฉ', 'ุนู ุขุจุงุฏ', 1, NULL, NULL, NULL),
(79, 4, 51, 59, 'ุชุจูุบ ูุงุทูู ุจุฑุชุฑู ุจุงูู ูุณุช', '1403', '45', 1, 200, 'ูุดุงุจูุฑ ูุงุช ุฌูุช ุงูุฒูุจ ุณูุงู ุงููู ุนููุง', 432, 11, 'ูุดุงุจูุฑ', '.', 1, NULL, NULL, NULL),
(80, 4, 53, 60, 'ูุงุทูู ุจุฑุชุฑู ุจุงูู ุนุงูู', '1403', '60', 3, 50, 'ุฌูุณุงุช ุฎุงูฺฏ ู ูุณุฌุฏ ุงุจูุงููุถู ุน', 222, 21, NULL, 'ูุฑุขุจุงุฏ ฺฉูุงุฑุฏุดุช', 1, NULL, NULL, NULL),
(81, 4, 55, 61, 'ูุงุทูู', '1403', '40', 5, 130, 'ูุณุฌุฏ', 211, 25, 'ุฑุดุช', NULL, 1, NULL, NULL, NULL),
(82, 4, 58, 62, 'ูุงุทูู', '1403', '60', 1, 150, 'ููุงุดฺฏุงู ูุงุทูู', 115, 1, 'ุชุจุฑุฒ', NULL, 1, NULL, NULL, NULL),
(84, 4, 17, 64, 'ุชุจูุบ ูุงุทูู', '1403', '1200', NULL, 300, 'ูุฏุงุฑุณ ูุงูุฑุฏ ู ูุณุฌุฏ ูุงุทูู ุงูุฒูุฑุง', 375, 17, 'ูุงูุฑุฏ', 'ุฏูุดุฎ', 1, NULL, NULL, NULL),
(85, 4, 60, 65, 'ูุงุทูู', '1403', '120', 1, 150, 'ุฑูุณุชุง', 232, 10, 'ุฒูุงู', NULL, 1, NULL, NULL, NULL),
(86, 4, 61, 67, 'ูู', '1403', '55', NULL, 353, 'ุจุจูุซ', 5, 1, '535', NULL, 1, '2024-12-25 09:02:41', '2024-12-25 12:32:41', '2024-12-25 09:02:41'),
(87, 4, 62, 68, 'ุชุณุช', '1403', '120', 5, 25, 'ูุณุฌุฏ ูุญูุฏู', 31, 1, 'ุชุณุช', NULL, 1, '2025-01-06 09:39:33', '2025-01-06 13:09:33', '2025-01-06 09:39:33'),
(88, 4, 63, 69, 'ุงุงู ูุงุทูู', '1403', '100', 3, 100, 'ูุณุงุฌุฏ ู ูพุงฺฏุงู ูุง ุจุณุฌ ุดูุฑุณุชุงู ู ุฑูุถู ูุง ุฎุงูฺฏ', 54, 6, 'ุงูุงู', 'ููู', 1, NULL, NULL, NULL),
(99, 4, 19, 63, 'ูุงุทูู', '1403', '100', 3, 50, 'ุฌูุณุงุช ุฎุงูฺฏ ูุฑุขู', 375, 17, 'ูุงูุฑุฏ', NULL, 1, NULL, NULL, NULL),
(146, 4, 64, 83, NULL, '1403', '30', 1, 50, 'ูุณุฌุฏ ุญุถุฑุช ุงุจูุงููุถู ุน', 424, 27, 'ูฺฉุง', 'ุฑูุณุชุง ุฏููุงููู', 1, NULL, NULL, NULL),
(95, 4, 46, 71, 'ูู', '1403', '50', 1, 300, 'ูุณุฌุฏ', 396, 11, 'ูุดูุฏ', '......', 1, NULL, NULL, NULL),
(98, 4, 66, 73, 'ุงูฺฏููุฑุงุฑุฏุงุฏู ุญุถุฑุช ุฒูุฑุงุูุญุจุช ุููุงุช ุ..', '1403', '120', 4, 40, 'ูุงุทูู ููุฏุฑุณู', 13, 24, 'ุงูุจุงุฑุงููู', '.ูฺฉ ุชูพู ฑ', 1, NULL, NULL, NULL),
(100, 4, 68, 75, 'ูุถุงู ุงุฎูุงู ูุงุทู', '1403', '40', 1, 50, 'ูุณุฌุฏ ูุงุทูุฉู ุงูุฒูุฑุง ุณูุงู ุงููู ุนููุง', 396, 11, 'ูุดูุฏ', NULL, 1, NULL, NULL, NULL),
(101, 4, 71, 77, 'ูุงุทูู', '1403', '30', 4, 25, 'ูุฏุฑุณู', 13, 24, 'ุงูุจุงุฑุงููู', 'ุงูู ุขุจุงุฏ', 1, NULL, NULL, NULL),
(102, 4, 70, 78, 'ุฏูู ูุงุทูู', '1403', '60', 4, 50, 'ูุฏุฑุณู ููุณุฌุฏ ูุญู', 13, 24, 'ุขู  ููุง', 'ุงูููุงุจ', 1, NULL, NULL, NULL),
(106, 4, 15, 36, 'ูุงุทูู ุฏูู', '1403', '40', 1, 100, 'ูุณุฌุฏ ุงูุงู ุฑุถุง ุนูู ุงูุณูุงู', 125, 30, 'ุชูุณุฑฺฉุงู', NULL, 1, NULL, NULL, NULL),
(145, 4, 11, 48, 'ูุงุทูู', '1403', '400', 1, 700, 'ูุณุฌุฏ', 127, 4, NULL, 'ููุนู ูุงุธุฑ', 1, NULL, NULL, NULL),
(232, 4, 80, 84, 'ุงุงู ูุงุทูู', '1403', '60', 5, 16, 'ูุณุฌุฏ', 342, 24, 'ฺฉูุงูู', 'ูุญุฏุช', 1, NULL, NULL, NULL),
(231, 4, 80, 84, 'ุงุงู ูุงุทูู', '1403', '60', 4, 20, 'ูุณุฌุฏ', 342, 24, 'ฺฉูุงูู', 'ูุญุฏุช', 1, NULL, NULL, NULL),
(201, 4, 78, 90, 'ูุงุทูู ุดูุงุณ', '1403', '50', 4, 60, 'ููุงุฒุฎุงูู ูุฏุฑุณู', 423, 2, 'ููุฏู', NULL, 1, NULL, NULL, NULL),
(210, 4, 89, 92, 'ูุฏุฑุงู ูุงุทู ู ููุณุฑุงู ูุฑุขู', '1403', '60', 3, 300, 'ูพุงฺฏุงู ูุง ุจุณุฌ ุฎูุงูุฑุงู ุชฺฉุงุง ูุฐูุจ ู ุฌูุณุงุช ุจุงููุงู', 364, 12, 'ุฏุฑู', NULL, 1, NULL, NULL, NULL),
(211, 4, 89, 92, 'ููุณุฑ ุฏุงุฑ ุนูู ู ูุงุทู ู ููุงุช ูพุฐุฑ', '1403', '60', 1, 300, 'ูุณุฌุฏ ุงูุงู ุฎูู ุฑู', 364, 12, 'ุฏุฑู', NULL, 1, NULL, NULL, NULL),
(209, 4, 89, 92, 'ุณุจฺฉ ุฒูุฏฺฏ ู ูุงุช ูุฏุงุฑ ูุงุทู', '1403', '60', 1, 200, 'ูุณุฌุฏ ุงูุฑุงูููููู ุนู ุนูู ุงูุณูุงู', 364, 12, 'ุฏุฑู', NULL, 1, NULL, NULL, NULL),
(208, 4, 89, 92, 'ุฑูุน ุดุจูุงุช ู ูพุงุณุฎฺฏู ุจู ุดุจูุงุช', '1403', '60', 5, 100, 'ูุฏุงุฑุณ', 364, 12, 'ุฏุฑู', NULL, 1, NULL, NULL, NULL),
(207, 4, 89, 92, 'ูุนุงุฑู ูุงุทู', '1403', '60', 5, 15, 'ูุฆุงุช ูุฐูุจ', 364, 12, 'ุฏุฑู', NULL, 1, NULL, NULL, NULL),
(206, 4, 89, 92, 'ุณุจฺฉ ุฒูุฏฺฏ ูุงุทู ู ุชุฑุจุช ุฏู', '1403', '60', 1, 400, 'ูุณุฌุฏ ุงูุฑุงูููููู ุนู ุนูู ุงูุณูุงูุ ุดุจุณุชุงู ููุงุช ูุตู ุงูุงู ุฎูู (ุฑู), ุูุฆุงุช ูุฐูุจุ ุฑูุถู ูุง ุฎุงูฺฏุ ูุฏุงุฑุณ ู....', 364, 12, 'ุฏุฑู', NULL, 1, NULL, NULL, NULL),
(212, 4, 92, 93, 'ุณุจฺฉ ุฒูุฏฺฏ ุญุถุฑุช ุฒูุฑุง ุณ', '1403', '30', 5, 40, 'ูุฏุฑุณู ุดูุฏ ููุฑุฌู', 300, 30, 'ูุงููู', 'ูุงููู', 1, NULL, NULL, NULL),
(213, 4, 93, 94, 'ุดูุงุฎุช ูุงุทูู ุฒูุฑุง ุณูุงู ุงููู ุนููุง', '1403', '30', 3, 40, 'ููุฒู ุดุฎุต', 396, 11, 'ูุดูุฏ', NULL, 1, NULL, NULL, NULL),
(214, 4, 97, 96, 'ุฑูุดูฺฏุฑ ุญุถุฑุช ูุงุทูู ุฒูุฑุง ุณูุงู ุงููู ุนููุง ุจุนุฏ ูพุบูุจุฑ ุต', '1403', '40', 4, 50, 'ูุณุฌุฏ', 188, 26, 'ุฏููุงู', 'ุดูุฑ ', 1, NULL, NULL, NULL),
(215, 4, 105, 97, 'ูุงุทูู', '1403', '180', 3, 30, 'ุญุณูู', 2, 17, 'ุขุจุงุฏู', 'ุญุดูุชู', 1, NULL, NULL, NULL),
(216, 4, 108, 98, 'ุงุงู ูุงุทูู', '1403', '120', NULL, 90, 'ุฏุจุณุชุงู ูพุณุฑุงูู ุดูุฏุง', 371, 24, 'ฺฏูุจุฏ', 'ฺฏูุจุฏ', 1, NULL, NULL, NULL),
(217, 4, 110, 99, 'ุชุจู ุฌุงฺฏุงู ุญุถุฑุช ุฒูุฑุง ุณ ู ููุน ุญูุงุช ุงุฒ ุงูุงู ุฒูุงู ุนุฌ', '1403', '45', 4, 40, 'ูุฏุฑุณู ุฏุฎุชุฑุงูู', 174, 2, 'ุฎู', NULL, 1, NULL, NULL, NULL),
(220, 4, 103, 103, 'ุฌูุณุงุช ุจุง ููุถูุน ฺฉุชุงุจ ูุงุทูู ุจุฑุชุฑู ุจุงูู ูุณุช', '1403', '250', 5, 120, 'ูุฏุฑุณู', 358, 24, 'ฺฏุงูฺฉุด', 'ฺฏุงูฺฉุด', 1, NULL, NULL, NULL),
(221, 4, 112, 104, 'ููุจุฑ', '1403', '60', 1, 50, 'ุญุณูู', 332, 4, 'ฺฉุงุดุงู', 'ฺฉุงุดุงู', 1, NULL, NULL, NULL),
(222, 4, 18, 105, 'ูุงุทูู ุจุฑุชุฑู ุจุงูู ูุณุช', '1403', '60', 3, 50, 'ุญุณูู ุญุถุฑุช ุงุจูุงููุถู ุนูู ุงูุณูุงู', 306, 4, 'ุจุฎุด ูุฑฺฉุฒ', 'ููุงฺฏุฑุฏ', 1, NULL, NULL, NULL),
(219, 4, 103, 103, 'ูุงุทูู ุจุฑุชุฑู ุจุงูู ูุณุช', '1403', '360', 4, 150, 'ูุฏุฑุณู', 417, 24, 'ูููุฏุดุช', 'ูููุฏุดุช', 1, NULL, NULL, NULL),
(192, 4, 114, 106, 'ูุถูุช ุญุถุฑุช ูุงุทูู', '1403', '40', NULL, 300, 'ูุณุฌุฏ', 380, 25, 'ููฺฏุฑูุฏ', 'ูพุดฺฉูู', 1, '2025-01-07 17:09:18', '2025-01-07 20:39:18', '2025-01-07 17:09:18'),
(223, 4, 29, 107, 'ูุงุทูู', '1403', '60', 2, 100, 'ููุฏู', 320, 8, 'ุฒุจุงุดูุฑ', NULL, 1, NULL, NULL, NULL),
(224, 4, 124, 112, 'ุงูฺฏู ฺฏุฑ ุงุฒุฑูุชุงุฑูุญุฌุงุจ ุญุถุฑุช ูุงุทูู ุฒูุฑุง ุณูุงู ุงููู ุนูู', '1403', '60', NULL, 30, 'ุญุณูู', 93, 30, NULL, 'ุฒุงุบู', 1, NULL, NULL, NULL),
(225, 4, 127, 113, 'ูุถุงุฆู ุญุถุฑุช ุฒูุฑุง ุณูุงู ุงููู ุนูู', '1403', '45', 1, 50, 'ูุณุฌุฏ ุนู ุงุจู ุงุจ ุทุงูุจ', 448, 31, 'ุฒุฏ', 'ุฒุฏ', 1, NULL, NULL, NULL),
(228, 4, 123, 114, 'ุงุงู ูุงุทูู ฺฉุชุงุจ ูุงุทูู ุจุฑุชุฑู ุจุงูู ูุณุช', '1403', '15', 2, 20, 'ุญูุฒู ุนููู ูุฏูู ุงูุนูู', 280, 4, 'ุดูุฑุถุง', NULL, 1, NULL, NULL, NULL),
(227, 4, 123, 114, 'ุงุงู ูุงุทูู ฺฉุชุงุจ ูุงุทูู ุจุฑุชุฑู ุจุงูู ูุณุช', '1403', '45', 2, 30, 'ุฑูุถู ุฎุงูฺฏ', 280, 4, 'ุดูุฑุถุง', NULL, 1, NULL, NULL, NULL),
(226, 4, 123, 114, 'ุงุงู ูุงุทูู ฺฉุชุงุจ ูุงุทูู ุจุฑุชุฑู ุจุงูู ูุณุช', '1403', '60', 1, 150, 'ูุณุฌุฏ ุญุถุฑุช ุณููุงู ูุงุฑุณ ุฑู', 280, 4, 'ุดูุฑุถุง', NULL, 1, NULL, NULL, NULL),
(229, 4, 132, 115, 'ฺฉุชุงุจ ุจุฑุชุฑู ุจุงูู ูุณุช', '1403', '45', 2, 25, 'ูุณุฌุฏ', 396, 11, 'ูุดูุฏ', NULL, 1, NULL, NULL, NULL),
(240, 4, 81, 116, 'ุณุฎูุฑุงู', '1403', '15', 1, 50, 'ูุณุฌุฏ', 437, 16, 'ุนู ุงฺฉุจุฑ', NULL, 1, NULL, NULL, NULL),
(241, 4, 134, 117, 'ูุงุทูู', '1403', '100', 1, 400, 'ูุณุฌุฏ ุดูุฏ ูุฏู ฺูุงุฑุฑุงู ุทุจ', 157, 26, 'ุฎุฑู ุขุจุงุฏ', 'ูุฏุงุดุช', 1, NULL, NULL, NULL),
(236, 4, 82, 85, 'ูุงุทูู', '1403', '180', 4, 30, 'ูุฌุชูุน ุขููุฒุด ุซุงุฑุงููู', 338, 21, 'ฺฉุฑูุงู', NULL, 1, NULL, NULL, NULL),
(242, 4, 135, 118, 'ุณุจฺฉ ุฒูุฏฺฏ ูุงุทู', '1403', '240', 3, 30, 'ูุญูู ุุฎุงูู ุจู ุฎุงูู', 402, 21, 'ููุฏฺ', 'ุฎุงูู ุขุจุงุฏ', 1, NULL, NULL, NULL),
(243, 4, 136, 119, 'ูุงุทูู ุฏูู', '1403', '300', 1, 200, 'ูุณุฌุฏ ุงูุงู ุญุณู ุนูู ุงูุณูุงู', 338, 21, 'ฺฉุฑูุงู', '_', 1, NULL, NULL, NULL),
(244, 4, 137, 120, 'ูุงุทูู', '1403', '60', 3, 40, 'ูุณุฌุฏ', 336, 5, 'ฺฉุฑุฌ', 'ฺฉุฑุฌ', 1, NULL, NULL, NULL),
(270, 4, 141, 122, 'ุณุฑู ุฒูุฏฺฏ ุญุถุฑุช ุฒูุฑุง', '1403', '60', 4, 60, 'ูุฏุฑุณู ุดูุฏ ุฎุถุฑุง ุฏู ูพุงู ฺูุงุฑู', 335, 30, 'ฺฉุจูุฏุฑุงููฺฏ', 'ูุจูุฏ', 1, NULL, NULL, NULL),
(271, 4, 141, 122, 'ุจูุชุฑู ุจุงูู ูุณุช', '1403', '60', 3, 150, 'ูุฆุช ุณุฏุงูุดูุฏุง', 335, 30, 'ฺฉุจูุฏุฑุงููฺฏ', 'ูุจูุฏ', 1, NULL, NULL, NULL),
(269, 4, 141, 122, 'ูุญุฑุงุจ ูุงุฏุฑ', '1403', '60', 4, 30, 'ูุฏุฑุณู ุดูุฏ ุฎุถุฑุง', 335, 30, 'ฺฉุจูุฏุฑุงููฺฏ', 'ูุจูุฏ', 1, NULL, NULL, NULL),
(267, 4, 141, 122, 'ูุงุทูู ุดูุงุณ', '1403', '60', 5, 100, 'ูุฏุฑุณู ุฏุฎุชุฑุงูู ุจูุชโุงููุฏ', 126, 8, 'ููุทูู 11', NULL, 1, NULL, NULL, NULL),
(268, 4, 141, 122, 'ุขูุฑูุด ููุฑ', '1403', '60', 1, 50, 'ูุณุฌุฏ', 335, 30, 'ฺฉุจูุฏุฑุงููฺฏ', 'ูุจูุฏ', 1, NULL, NULL, NULL),
(65, 4, 33, 47, 'ุงุงู ูุงุทูู', '1403', '75', 3, 30, 'ูุณุฌุฏุงูุงู ุฎูู', 334, 20, 'ฺฉุงูุงุฑุงู', NULL, 1, NULL, NULL, NULL),
(94, 4, 64, 70, NULL, '1403', '30', 1, 50, 'ูุณุฌุฏ', 27, 424, 'ูฺฉุง', 'ุฏููุงููู', 1, NULL, '2025-01-12 19:14:35', '2025-01-12 19:14:35');

-- --------------------------------------------------------

--
-- Table structure for table `cultural_users`
--

CREATE TABLE `cultural_users` (
  `id` bigint(20) UNSIGNED NOT NULL,
  `promoter_id` int(11) DEFAULT NULL,
  `name` varchar(255) DEFAULT NULL,
  `family` varchar(255) DEFAULT NULL,
  `job_position` varchar(255) DEFAULT NULL,
  `gender_id` int(11) DEFAULT NULL,
  `phone` varchar(255) DEFAULT NULL,
  `comments` text DEFAULT NULL,
  `status_id` int(11) DEFAULT NULL,
  `deleted_at` timestamp NULL DEFAULT NULL,
  `created_at` timestamp NULL DEFAULT NULL,
  `updated_at` timestamp NULL DEFAULT NULL
) ENGINE=MyISAM DEFAULT CHARSET=utf8mb4 COLLATE=utf8mb4_unicode_ci;

--
-- Dumping data for table `cultural_users`
--

INSERT INTO `cultural_users` (`id`, `promoter_id`, `name`, `family`, `job_position`, `gender_id`, `phone`, `comments`, `status_id`, `deleted_at`, `created_at`, `updated_at`) VALUES
(38, 6, 'ูุญุฏุซู', 'ุนุจุงุฏ', 'ููฺฉุงุฑ ูุฑููฺฏ', 2, '353546', 'ุงูุฑุงุฏ ฺฉู ุจุง ุดูุง ุฏุฑ ุงููุฑ ูุฑููฺฏ ููฺฉุงุฑ ุณุงุฒูุฏู ุฏุงุฑูุฏ ุง ุฏุฑ ูุญู ุชุจูุบ ุดูุง ุชุงุซุฑ ฺฏุฒุงุฑูุฏ ุงูุฑุงุฏ ฺฉู ุจุง ุดูุง ุฏุฑ ุงููุฑ ูุฑููฺฏ ููฺฉุงุฑ ุณุงุฒูุฏู ุฏุงุฑูุฏ ุง ุฏุฑ ูุญู ุชุจูุบ ุดูุง ุชุงุซุฑ ฺฏุฒุงุฑูุฏ ุงูุฑุงุฏ ฺฉู ุจุง ุดูุง ุฏุฑ ุงููุฑ ูุฑููฺฏ ููฺฉุงุฑ ุณุงุฒูุฏู ุฏุงุฑูุฏ ุง ุฏุฑ ูุญู ุชุจูุบ ุดูุง ุชุงุซุฑ ฺฏุฒุงุฑูุฏ', NULL, NULL, NULL, NULL),
(37, 5, 'ุฏุงูุฏ', 'ุตุงูุน', 'ูุฏุฑ', 1, '09196637217', NULL, NULL, NULL, NULL, NULL),
(36, 5, 'ุณุฏูุญูุฏ ููุฏ', 'ูุงุทู', 'ูุฏุฑ ฺฉู', 1, '09127549713', NULL, NULL, NULL, NULL, NULL),
(25, 46, 'ุนูุฌุงู', 'ุฒุญูุชฺฉุงุฑ', 'ุงูุงู ุฌูุงุนุช', 1, '09151216037', NULL, NULL, NULL, NULL, NULL),
(20, 61, 'ุนู', 'ูพุงุฑุณุง', 'ูุฏุฑ ูุฏุฑุณู', 1, '09120000000', NULL, NULL, NULL, NULL, NULL),
(55, 64, 'ุณุฏ ุนุณ', 'ููุณู', 'ูุฑูุงูุฏู ูพุงฺฏุงู', 1, '09111578167', NULL, NULL, NULL, NULL, NULL),
(23, 28, 'ูุญุจูุจู', 'ุตุงูุญ', 'ูุฑุจ ูพุฑูุฑุด', 2, '09139833511', NULL, NULL, NULL, NULL, NULL),
(33, 66, 'ุงู ุงูุจูู', 'ุงุฑุจุงุจ', 'ูุฑุจ ูุฑุงู', 2, '09395808653', 'ุจุงููฺฉุงุฑ ูู ุชูุงู ูุฑุงุณูุงุช ุฏุฑูุฏุฑุณู ูุฑูุณุชุงุฑูุจุฑฺฏุฒุงุฑูฺฉูู ุงุดูู ููุฏูุฑุงู ุฏุงุฑูุฏูฺฉ ุงุฒูุนุงูู ุฑูุณุชุงูุณุชูุฏ', NULL, NULL, NULL, NULL),
(34, 66, 'ูุงุทูู', 'ุงุฑุจุงุจ', 'ูุณุฆูู ูพุงฺฏุงู ุจุณุฌ ุฑูุณุชุง ฺฏูฺฉ ุชูพู ฑ', 2, '09306017680', 'ููฺฉุงุฑ ุฎู ุฒุงุฏุจุงูุฏุฑุณู ุฏุงุฑูุฏูุฏุฑุจุฑฺฏุฒุงุฑ ุชูุงู ูุฑุงุณูุงุช ูุฏุฑุณู ูุฑูุณุชุงูุนุงู ูุณุชูุฏูุจุงุงูฺฉู ุฎุงูู ูุณุชูุฏุฌุดู ุบุฏุฑุฑูุฏุฑุฑูุณุชุงฺฉู ูู ุชุดุน ูุณุชูุฏููู ุงูู ุณูุช ุจุณุงุฑุจุงุชุนุตุจ ุจู ุจูุชุฑู ูุญููุจุงุดฺฉูู ุชุฑู ูุฑุงุณู ุจุฏูู ุชููู  ุจู ูุฐูุจ ุฏฺฏุฑุจุฑฺฏุฒุงุฑูฺฉููุฏ', NULL, NULL, NULL, NULL),
(46, 69, 'ูุญุณู', 'ุฒุงุฑุน ุจุฏฺฉ', 'ุฎุงุฏู', 1, '09103320210', NULL, NULL, NULL, NULL, NULL),
(45, 69, 'ูุชุญ ุงููู', 'ุฒุงุฑุน ุจุฏฺฉ', 'ูุคุฐู', 1, '09132534252', NULL, NULL, NULL, NULL, NULL),
(35, 70, 'ููุฏู', 'ุฎูุงุฌู', 'ูุฑููฺฏ ุงุณุช', 2, '09059923732', 'ุฏุฑ ฺฉุงุฑูุง ูุฑููฺฏ ุฎู ุจู ูู ฺฉูฺฉ ู ฺฉูุฏ.', NULL, NULL, NULL, NULL),
(41, 78, 'ุดุฑู', 'ฺฉูู', 'ูุฑุจ ุฏูู ุงูู', 2, '09148782507', NULL, NULL, NULL, NULL, NULL),
(42, 78, 'ูุงูุฏ', 'ุจูุฏุงููู', 'ูุฏุฑุช ูุฏุฑุณู', 2, '09148549412', NULL, NULL, NULL, NULL, NULL),
(54, 29, 'ูุญุฏ', 'ุนุณููุฏ', 'ูุณุฆูู ููุฃุช', 1, '09355918700', NULL, NULL, NULL, NULL, NULL),
(44, 141, 'ูุฌุชุจ', 'ูุทู', 'ูุฆุช ุงููุง ูุณุฌุฏ -ูุฆุช ุฏุงุฑ ู ููฺฉุจ ุณุจุฏุงูุดูุฏุง', 1, '09483531163', 'ฺฉุงุฑฺฉูุงู ุฏููุช ูุณุชูุฏ ู ุฌุฒ ูุฆุช ุงููุง ู ูุณูู ูุฆุช ุณุฏุงูุดูุฏุง ุฏุฑ ุงุตู ูุฆุช ุจุฑุง ุฎูุฏุดุงู ูุณุช ู ูุฑ ุณู ุดูุจู ูุฆุช ุฏุงุฑูุฏ .', NULL, NULL, NULL, NULL),
(49, 38, 'ุณุนุฏ', 'ุตูู', 'ูุจูุบ ุทุฑุญ ูุฌุฑุช', 1, '9232629962', NULL, NULL, NULL, NULL, NULL),
(52, 155, 'ูุนุตููู', 'ุงููุช', 'ูุฑุจ', 2, '09147148527', NULL, NULL, NULL, NULL, NULL),
(53, 67, 'ูุงุทูู', 'ุนุจุงุณ', 'ูุฏุฑุช ุฏุงุฑุงููุฑุขู', 2, '09137653846', NULL, NULL, NULL, NULL, NULL),
(63, 159, 'ุฌูุงุฏ', 'ูุงุณู', 'ฺฉุงููู ูุฑููฺฏ', 1, '09132779846', NULL, NULL, NULL, NULL, NULL),
(62, 159, 'ุนุงุฏู', 'ุฌูุงูุงู', 'ฺฏุฑูู ุณุฑูุฏ', 1, '09103978570', NULL, NULL, NULL, NULL, NULL),
(64, 21, 'ุนูุฑุถุง', 'ุดุฑุนู', 'ูุฑุจ ุตุงูุญู', 1, '09167694478', NULL, NULL, NULL, NULL, NULL),
(65, 25, 'ุขุฑุฒู', 'ุฎูุฏุงู', 'ุฏุฑุงููุฑ ูุฑููฺฏ ุจุงููุฏฺฏุฑ ูุนุงูุช ุฏุฑููู ุฒููู ูุง ุฏุงุฑู', 2, '09146262095', NULL, NULL, NULL, NULL, NULL),
(67, 120, 'ููุง', 'ูุฌู', 'ูุฏุฑูุฏุฑุณู', 2, '09175460182', 'ุจุงููฺฉุงุฑ ูุฏุฑ ูุฑุงุณูุงุช ุฑูุงูุฌุงู ูุฏู', NULL, NULL, NULL, NULL);

-- --------------------------------------------------------

--
-- Table structure for table `education`
--

CREATE TABLE `education` (
  `id` bigint(20) UNSIGNED NOT NULL,
  `title` varchar(255) NOT NULL,
  `description` text NOT NULL,
  `status_id` int(11) NOT NULL,
  `deleted_at` timestamp NULL DEFAULT NULL,
  `created_at` timestamp NULL DEFAULT NULL,
  `updated_at` timestamp NULL DEFAULT NULL
) ENGINE=MyISAM DEFAULT CHARSET=utf8mb4 COLLATE=utf8mb4_unicode_ci;

--
-- Dumping data for table `education`
--

INSERT INTO `education` (`id`, `title`, `description`, `status_id`, `deleted_at`, `created_at`, `updated_at`) VALUES
(1, 'ุณุทุญ ฑ\r\n', '', 1, NULL, NULL, NULL),
(2, 'ุณุทุญ ฒ', '', 1, NULL, NULL, NULL),
(3, 'ุณุทุญ ณ', '', 1, NULL, NULL, NULL),
(4, 'ุณุทุญ ด', '', 1, NULL, NULL, NULL);

-- --------------------------------------------------------

--
-- Table structure for table `levels`
--

CREATE TABLE `levels` (
  `id` bigint(20) UNSIGNED NOT NULL,
  `title` varchar(255) NOT NULL,
  `description` text NOT NULL,
  `status_id` int(1) NOT NULL DEFAULT 1,
  `deleted_at` timestamp NULL DEFAULT NULL,
  `created_at` timestamp NULL DEFAULT NULL,
  `updated_at` timestamp NULL DEFAULT NULL
) ENGINE=MyISAM DEFAULT CHARSET=utf8mb4 COLLATE=utf8mb4_unicode_ci;

--
-- Dumping data for table `levels`
--

INSERT INTO `levels` (`id`, `title`, `description`, `status_id`, `deleted_at`, `created_at`, `updated_at`) VALUES
(1, '1', '', 1, NULL, NULL, NULL),
(2, '2', '', 1, NULL, NULL, NULL),
(3, '3', '', 1, NULL, NULL, NULL),
(4, '4', '', 1, NULL, NULL, NULL),
(5, '5', '', 1, NULL, NULL, NULL);

-- --------------------------------------------------------

--
-- Table structure for table `migrations`
--

CREATE TABLE `migrations` (
  `id` int(10) UNSIGNED NOT NULL,
  `migration` varchar(255) NOT NULL,
  `batch` int(11) NOT NULL
) ENGINE=InnoDB DEFAULT CHARSET=utf8mb4 COLLATE=utf8mb4_unicode_ci;

-- --------------------------------------------------------

--
-- Table structure for table `promotions`
--

CREATE TABLE `promotions` (
  `id` bigint(20) UNSIGNED NOT NULL,
  `title` varchar(255) DEFAULT NULL,
  `year` int(11) DEFAULT NULL,
  `photo` varchar(255) DEFAULT NULL,
  `comments` text DEFAULT NULL,
  `commitments` text DEFAULT NULL,
  `has_commitment` int(1) DEFAULT NULL,
  `register_status` tinyint(1) DEFAULT NULL,
  `report_status` tinyint(1) DEFAULT NULL,
  `has_course` tinyint(1) DEFAULT NULL,
  `has_tribune` tinyint(1) DEFAULT NULL,
  `status_id` int(1) DEFAULT 1,
  `user_count` int(11) DEFAULT 0 COMMENT 'ุชุนุฏุงุฏ ฺฉู ูุดุงุฑฺฉุชูุง ูุจูุบู',
  `report_count` int(11) DEFAULT 0 COMMENT 'ุชุนุฏุงุฏ ฺฏุฒุงุฑุด ูุง ุซุจุช ุดุฏู',
  `sum_support` int(11) DEFAULT 0 COMMENT 'ุชุนุฏุงุฏ ฺฉู ุญูุงุชูุง',
  `sum_score` int(11) DEFAULT NULL COMMENT 'ุชุนุฏุงุฏ ฺฉู ุงูุชุงุฒูุง ฺฉู ุจุฑุง ฺฏุฒุงุฑุดูุง ุซุจุช ุดุฏู',
  `course_count` int(11) DEFAULT 0,
  `tribun_count` int(11) DEFAULT 0,
  `creator_id` int(11) DEFAULT NULL,
  `editor_id` int(11) DEFAULT NULL,
  `deleted_at` timestamp NULL DEFAULT NULL,
  `created_at` timestamp NULL DEFAULT NULL,
  `updated_at` timestamp NULL DEFAULT NULL
) ENGINE=MyISAM DEFAULT CHARSET=utf8mb4 COLLATE=utf8mb4_unicode_ci;

--
-- Dumping data for table `promotions`
--

INSERT INTO `promotions` (`id`, `title`, `year`, `photo`, `comments`, `commitments`, `has_commitment`, `register_status`, `report_status`, `has_course`, `has_tribune`, `status_id`, `user_count`, `report_count`, `sum_support`, `sum_score`, `course_count`, `tribun_count`, `creator_id`, `editor_id`, `deleted_at`, `created_at`, `updated_at`) VALUES
(1, 'ูุงุทูู', 1403, 'image38751733683779.jpg', 'ุฏุฑ ูุฑููฺฏ ุนุงููุ ุจู ุฏูู ุฏูู ุฌูุงุฏโุงูุงููุ ุงุฒ ุฏูู ุชุง ุจุณุชู ุขู ูุงู ฺฉู ุจุฑ ุงุณุงุณ ุฑูุงุช ทต ุฑูุฒ ุฏุฑฺฏุฐุดุช ูุงุทูู ุฏุฑ ูุงู ุขู ุฑูุฒูุง ูุงูุน ุดุฏูโุงุณุชุ ยซุฏูู ุงูู ูุงุทููยป ู ุจู ุฏูู ุงูู ุฌูุงุฏโุงูุซุงูุ ุงุฒ ุงูู ุชุง ุฏูู ุฌูุงุฏโุงูุซุงู ฺฉู ุจูุง ุจู ุฑูุงุช นต ุฑูุฒุ ุฏุฑฺฏุฐุดุช ูุงุทูู ุฏุฑ ูุงู ุงู ุฑูุฒูุง ุงุชูุงู ุงูุชุงุฏู ยซุฏูู ุฏูู ูุงุทููยป ูโฺฏููุฏ.', '\'ุชุนูุฏุงุช ุณุชุงุฏ ุฏุงุฑุง ุงู ููุงุฑุฏูุจุงุดุฏ.ุฏุฑ ูุฑููฺฏ ุนุงููุ ุจู ุฏูู ุฏูู ุฌูุงุฏโุงูุงููุ ุงุฒ ุฏูู ุชุง ุจุณุชู ุขู ูุงู ฺฉู ุจุฑ ุงุณุงุณ ุฑูุงุช ทต ุฑูุฒ ุฏุฑฺฏุฐุดุช ูุงุทูู ุฏุฑ ูุงู ุขู ุฑูุฒูุง ูุงูุน ุดุฏูโุงุณุชุ ยซุฏูู ุงูู ูุงุทููยป ู ุจู ุฏูู ุงูู ุฌูุงุฏโุงูุซุงูุ ุงุฒ ุงูู ุชุง ุฏูู ุฌูุงุฏโุงูุซุงู ฺฉู ุจูุง ุจู ุฑูุงุช นต ุฑูุฒุ ุฏุฑฺฏุฐุดุช ูุงุทูู ุฏุฑ ูุงู ุงู ุฑูุฒูุง ุงุชูุงู ุงูุชุงุฏู ยซุฏูู ุฏูู ูุงุทููยป ูโฺฏููุฏ.', 1, 0, 0, 1, 1, 1, 4, 0, 1, NULL, 0, 0, 2, 1, NULL, '2024-12-08 15:19:42', '2024-12-12 06:36:55'),
(2, 'ุชุจูุบ ููู ุดุนุจุงู', 1403, 'image6891733916776.png', 'ุชูุถุญุงุช ุงูุฌุง ููุดุชู ู ุดูุฏ', 'ุจุณุชู ูุฑููฺฏ\nุซุจุช ุณุงุจูู ุชุจูุบ', 1, 0, 0, 1, 1, 1, 3, 0, 2, NULL, 0, 0, 1, 1, NULL, '2024-12-11 08:03:50', '2025-01-05 09:54:39'),
(3, 'ุงุงู ุบุฏุฑ ู', 1403, 'image14661733921765.png', 'ุฒุฐุฏุฏ', NULL, 0, 0, 0, 1, 1, 1, 3, 0, 1, NULL, 0, 0, 1, 11, NULL, '2024-12-11 09:26:08', '2025-01-05 09:54:57'),
(4, 'ูุงุทูู ุฏูู', 1403, 'image73001734287754.jpg', 'ุจุง ุณูุงู \nุงุฌุฑุง ุญุฏุงูู  3 ุฌูุณู ุงุฒ ูุตู 14 ู 15  ฺฉุชุงุจ ูุงุทูู ุจุฑุชุฑู ุจุงูู ูุณุช  ุชูุณุท ูุจูุบู ุชุง ููุงุฏ ุญุถุฑุช ูุงุทูู ุณูุงู ุงููู ุนููุง  ุจู ุตูุฑุช ููุจุฑ ุง ุฏูุฑู ุง ฺฉูุงุณ', 'ุงุฑุณุงู ุฑุงฺฏุงู ฺฉุชุงุจ  ุจุฑุง ูุจูุบู ูุชุนูุฏ ุจู ุงุฑุงุฆู ูุญุชูุง ฺฉุชุงุจ \n ู ูุฑุนู ฺฉุด 17 ููุฑ', 1, 0, 0, 1, 1, 1, 77, 84, 1, NULL, 0, 0, 11, 11, NULL, '2024-12-14 08:31:45', '2025-01-15 14:43:04'),
(5, 'ุงุงู  ุดุนุจุงูู', 1403, 'image1901738391483.jpg', 'ูุนุงูุช ูุจูุบุงู ุจุฑ ุงุณุงุณ ูุญุชูุง ฺฉุชุงุจ ๐ ุงุฌุชูุงุน ูููุจ ุดุนุงู ุงูุฑ ุงูุงู ุฒูุงู  ุนูู ุงูุณูุงู    \nู ุงุฑุชุจุงุท ุจุง ุฑูุงุช ููุงุญุถูุฑ ูู ุงูุบุฏุฑ ุนูุฏ ุงูุฑุงููุคููู ุนูููโุงูุณูุงู\nโผ๏ธ๐ุชูุถุญุงุช ุชฺฉูู ุฏุฑ ฺฉุงูุงู ูพุงู ุฑุณุงูุงู ุบุฏุฑู ุฏุฑ ุงุชุง \nhttps://eitaa.com/welayat110', 'ุจุฑ ูุจูุง ุงุฑุณุงู ฺฏุฒุงุฑุด ุงุฒ ุทุฑู ูุจูุบ ู  ุงูููุช ุจุงู ุ ูุฏู ุง ูพุฑุฏุงุฎุช ู ุดูุฏ . ุงู ุดุงุงููู', 1, 1, NULL, 1, 1, 1, 62, 0, 0, NULL, 0, 0, 11, 11, NULL, '2025-02-01 03:15:40', '2025-02-03 15:00:26');

-- --------------------------------------------------------

--
-- Table structure for table `promotion_agree`
--

CREATE TABLE `promotion_agree` (
  `id` int(11) NOT NULL,
  `promoter_id` int(11) DEFAULT NULL,
  `promotion_id` int(11) DEFAULT NULL,
  `has_course` int(1) DEFAULT 0,
  `has_tribune` int(1) DEFAULT 0,
  `deleted_at` timestamp NULL DEFAULT NULL,
  `created_at` timestamp NULL DEFAULT NULL ON UPDATE current_timestamp(),
  `updated_at` timestamp NULL DEFAULT NULL ON UPDATE current_timestamp()
) ENGINE=MyISAM DEFAULT CHARSET=utf8mb3 COLLATE=utf8mb3_persian_ci;

--
-- Dumping data for table `promotion_agree`
--

INSERT INTO `promotion_agree` (`id`, `promoter_id`, `promotion_id`, `has_course`, `has_tribune`, `deleted_at`, `created_at`, `updated_at`) VALUES
(8, 3, 1, 1, 1, NULL, '2024-12-09 03:54:58', '2024-12-09 00:24:58'),
(9, 4, 1, 1, 1, NULL, '2024-12-09 07:25:30', '2024-12-09 03:55:30'),
(10, 5, 1, 0, 0, NULL, '2024-12-09 10:46:39', '2024-12-09 07:16:39'),
(11, 6, 1, 0, 1, NULL, '2024-12-09 11:57:31', '2024-12-09 08:27:31'),
(12, 8, 2, 1, 1, NULL, '2024-12-11 11:35:04', '2024-12-11 08:05:04'),
(13, 9, 2, 1, 1, NULL, '2024-12-11 11:35:24', '2024-12-11 08:05:24'),
(14, 7, 2, 1, 1, NULL, '2024-12-11 11:35:38', '2024-12-11 08:05:38'),
(15, 3, 3, 1, 1, NULL, '2024-12-11 12:57:01', '2024-12-11 09:27:01'),
(16, 6, 3, 0, 1, NULL, '2024-12-11 21:33:22', '2024-12-11 18:03:22'),
(17, 5, 3, 1, 1, NULL, '2024-12-14 11:46:39', '2024-12-14 08:16:39'),
(18, 5, 4, 1, 1, NULL, '2024-12-14 12:02:45', '2024-12-14 08:32:45'),
(19, 3, 4, 1, 1, NULL, '2024-12-14 12:17:17', '2024-12-14 08:47:17'),
(20, 7, 4, 1, 1, NULL, '2024-12-15 11:43:24', '2024-12-15 08:13:24'),
(21, 13, 4, 1, 1, NULL, '2024-12-17 18:28:36', '2024-12-17 14:58:36'),
(22, 17, 4, 0, 1, NULL, '2024-12-22 03:51:43', '2024-12-22 00:21:43'),
(23, 14, 4, 1, 1, NULL, '2024-12-22 03:52:16', '2024-12-22 00:22:16'),
(24, 18, 4, 1, 1, NULL, '2024-12-22 03:52:27', '2024-12-22 00:22:27'),
(25, 16, 4, 0, 0, NULL, '2024-12-22 03:54:51', '2024-12-22 00:24:51'),
(26, 23, 4, 1, 1, NULL, '2024-12-22 04:17:49', '2024-12-22 00:47:49'),
(27, 20, 4, 1, 1, NULL, '2024-12-22 04:23:36', '2024-12-22 00:53:36'),
(28, 21, 4, 0, 1, NULL, '2024-12-22 04:28:06', '2024-12-22 00:58:06'),
(29, 26, 4, 0, 1, NULL, '2024-12-22 04:35:59', '2024-12-22 01:05:59'),
(30, 27, 4, 0, 1, NULL, '2024-12-22 04:36:17', '2024-12-22 01:06:17'),
(31, 25, 4, 0, 1, NULL, '2024-12-22 04:38:15', '2024-12-22 01:08:15'),
(32, 30, 4, 1, 1, NULL, '2024-12-22 04:47:42', '2024-12-22 01:17:42'),
(33, 32, 4, 0, 1, NULL, '2024-12-22 04:57:08', '2024-12-22 01:27:08'),
(34, 15, 4, 1, 1, NULL, '2024-12-22 05:14:23', '2024-12-22 01:44:23'),
(35, 35, 4, 1, 1, NULL, '2024-12-22 05:22:11', '2024-12-22 01:52:11'),
(36, 39, 4, 1, 0, NULL, '2024-12-22 06:24:07', '2024-12-22 02:54:07'),
(37, 42, 4, 0, 1, NULL, '2024-12-22 07:58:19', '2024-12-22 04:28:19'),
(38, 43, 4, 0, 0, NULL, '2024-12-22 08:04:39', '2024-12-22 04:34:39'),
(39, 45, 4, 0, 1, NULL, '2024-12-22 10:21:08', '2024-12-22 06:51:08'),
(40, 50, 4, 1, 1, NULL, '2024-12-22 13:34:35', '2024-12-22 10:04:35'),
(41, 51, 4, 1, 1, NULL, '2024-12-22 15:09:56', '2024-12-22 11:39:56'),
(42, 53, 4, 1, 0, NULL, '2024-12-22 15:36:54', '2024-12-22 12:06:54'),
(43, 54, 4, 0, 1, NULL, '2024-12-22 15:55:43', '2024-12-22 12:25:43'),
(44, 57, 4, 1, 1, NULL, '2024-12-23 03:54:18', '2024-12-23 00:24:18'),
(45, 58, 4, 1, 1, NULL, '2024-12-23 12:56:38', '2024-12-23 09:26:38'),
(46, 59, 4, 1, 1, NULL, '2024-12-23 17:35:21', '2024-12-23 14:05:21'),
(47, 19, 4, 0, 0, NULL, '2024-12-23 17:54:17', '2024-12-23 14:24:17'),
(48, 61, 4, 1, 1, NULL, '2024-12-25 12:21:22', '2024-12-25 08:51:22'),
(49, 62, 4, 1, 1, NULL, '2024-12-25 12:40:12', '2024-12-25 09:10:12'),
(50, 64, 4, 0, 1, NULL, '2024-12-26 11:43:36', '2024-12-26 08:13:36'),
(51, 28, 4, 0, 1, NULL, '2024-12-26 12:18:38', '2024-12-26 08:48:38'),
(52, 46, 4, 1, 1, NULL, '2024-12-26 16:35:21', '2024-12-26 13:05:21'),
(53, 44, 4, 1, 1, NULL, '2024-12-27 05:59:00', '2024-12-27 02:29:00'),
(54, 66, 4, 1, 1, NULL, '2024-12-27 06:38:43', '2024-12-27 03:08:43'),
(55, 67, 4, 0, 1, NULL, '2024-12-27 18:51:18', '2024-12-27 15:21:18'),
(56, 68, 4, 0, 1, NULL, '2024-12-27 19:46:25', '2024-12-27 16:16:25'),
(57, 69, 4, 0, 1, NULL, '2024-12-28 03:15:21', '2024-12-27 23:45:21'),
(58, 70, 4, 0, 1, NULL, '2024-12-31 07:56:53', '2024-12-31 04:26:53'),
(59, 71, 4, 1, 1, NULL, '2024-12-31 09:10:46', '2024-12-31 05:40:46'),
(60, 75, 4, 0, 1, NULL, '2025-01-03 21:30:31', '2025-01-03 18:00:31'),
(61, 77, 4, 0, 1, NULL, '2025-01-06 06:13:41', '2025-01-06 02:43:41'),
(62, 79, 4, 1, 1, NULL, '2025-01-07 08:18:51', '2025-01-07 04:48:51'),
(63, 80, 4, 1, 1, NULL, '2025-01-07 08:33:36', '2025-01-07 05:03:36'),
(64, 81, 4, 1, 1, NULL, '2025-01-07 09:35:13', '2025-01-07 06:05:13'),
(65, 84, 4, 1, 1, NULL, '2025-01-07 16:06:24', '2025-01-07 12:36:24'),
(66, 78, 4, 0, 1, NULL, '2025-01-07 17:31:59', '2025-01-07 14:01:59'),
(67, 86, 4, 1, 0, NULL, '2025-01-07 18:24:25', '2025-01-07 14:54:25'),
(68, 89, 4, 1, 1, NULL, '2025-01-07 19:07:18', '2025-01-07 15:37:18'),
(69, 92, 4, 0, 1, NULL, '2025-01-07 19:13:47', '2025-01-07 15:43:47'),
(72, 41, 4, 0, 1, NULL, '2025-01-07 19:27:56', '2025-01-07 15:57:56'),
(71, 94, 4, 0, 1, NULL, '2025-01-07 19:23:54', '2025-01-07 15:53:54'),
(73, 90, 4, 0, 1, NULL, '2025-01-07 19:39:22', '2025-01-07 16:09:22'),
(74, 99, 4, 1, 1, NULL, '2025-01-07 19:53:31', '2025-01-07 16:23:31'),
(75, 63, 4, 1, 1, NULL, '2025-01-07 20:04:39', '2025-01-07 16:34:39'),
(76, 105, 4, 0, 1, NULL, '2025-01-07 20:09:21', '2025-01-07 16:39:21'),
(77, 103, 4, 1, 0, NULL, '2025-01-07 20:10:17', '2025-01-07 16:40:17'),
(78, 109, 4, 1, 1, NULL, '2025-01-07 20:12:26', '2025-01-07 16:42:26'),
(79, 110, 4, 1, 1, NULL, '2025-01-07 20:16:08', '2025-01-07 16:46:08'),
(80, 112, 4, 0, 1, NULL, '2025-01-07 20:22:45', '2025-01-07 16:52:45'),
(81, 114, 4, 0, 1, NULL, '2025-01-07 20:34:08', '2025-01-07 17:04:08'),
(82, 111, 4, 0, 1, NULL, '2025-01-07 20:35:29', '2025-01-07 17:05:29'),
(83, 29, 4, 0, 1, NULL, '2025-01-07 20:43:19', '2025-01-07 17:13:19'),
(84, 117, 4, 0, 1, NULL, '2025-01-07 21:06:31', '2025-01-07 17:36:31'),
(85, 120, 4, 0, 1, NULL, '2025-01-07 21:48:16', '2025-01-07 18:18:16'),
(86, 121, 4, 1, 1, NULL, '2025-01-07 21:48:20', '2025-01-07 18:18:20'),
(87, 122, 4, 0, 1, NULL, '2025-01-08 01:22:12', '2025-01-07 21:52:12'),
(88, 123, 4, 0, 1, NULL, '2025-01-08 03:53:23', '2025-01-08 00:23:23'),
(89, 125, 4, 0, 1, NULL, '2025-01-08 04:04:08', '2025-01-08 00:34:08'),
(90, 132, 4, 1, 0, NULL, '2025-01-08 05:25:21', '2025-01-08 01:55:21'),
(91, 133, 4, 0, 1, NULL, '2025-01-08 06:36:20', '2025-01-08 03:06:20'),
(92, 134, 4, 1, 1, NULL, '2025-01-08 07:31:25', '2025-01-08 04:01:25'),
(93, 140, 4, 1, 1, NULL, '2025-01-10 07:55:56', '2025-01-10 04:25:56'),
(94, 141, 4, 1, 1, NULL, '2025-01-11 16:55:52', '2025-01-11 13:25:52'),
(95, 142, 4, 1, 1, NULL, '2025-01-13 10:45:35', '2025-01-13 07:15:35'),
(96, 5, 5, 0, 0, NULL, '2025-02-01 06:52:48', '2025-02-01 03:22:48'),
(97, 8, 5, 1, 1, NULL, '2025-02-01 07:07:23', '2025-02-01 03:37:23'),
(98, 122, 5, 1, 1, NULL, '2025-02-01 07:59:16', '2025-02-01 04:29:16'),
(99, 114, 5, 1, 1, NULL, '2025-02-01 07:59:23', '2025-02-01 04:29:23'),
(100, 18, 5, 1, 1, NULL, '2025-02-01 07:59:31', '2025-02-01 04:29:31'),
(101, 17, 5, 1, 1, NULL, '2025-02-01 08:00:38', '2025-02-01 04:30:38'),
(102, 64, 5, 0, 1, NULL, '2025-02-01 08:01:59', '2025-02-01 04:31:59'),
(103, 27, 5, 0, 1, NULL, '2025-02-01 08:02:07', '2025-02-01 04:32:07'),
(104, 32, 5, 1, 1, NULL, '2025-02-01 08:03:25', '2025-02-01 04:33:25'),
(105, 177, 5, 0, 1, NULL, '2025-02-01 08:03:27', '2025-02-01 04:33:27'),
(106, 28, 5, 0, 1, NULL, '2025-02-01 08:03:33', '2025-02-01 04:33:33'),
(107, 23, 5, 1, 1, NULL, '2025-02-01 08:04:24', '2025-02-01 04:34:24'),
(108, 24, 5, 1, 1, NULL, '2025-02-01 08:07:30', '2025-02-01 04:37:30'),
(109, 175, 5, 0, 1, NULL, '2025-02-01 08:58:23', '2025-02-01 05:28:23'),
(110, 53, 5, 0, 1, NULL, '2025-02-01 09:00:46', '2025-02-01 05:30:46'),
(111, 51, 5, 1, 1, NULL, '2025-02-01 09:02:32', '2025-02-01 05:32:32'),
(112, 158, 5, 0, 1, NULL, '2025-02-01 09:07:05', '2025-02-01 05:37:05'),
(113, 33, 5, 0, 1, NULL, '2025-02-01 09:23:42', '2025-02-01 05:53:42'),
(114, 15, 5, 1, 1, NULL, '2025-02-01 09:23:45', '2025-02-01 05:53:45'),
(115, 50, 5, 1, 1, NULL, '2025-02-01 09:27:44', '2025-02-01 05:57:44'),
(116, 159, 5, 1, 0, NULL, '2025-02-01 09:37:12', '2025-02-01 06:07:12'),
(117, 181, 5, 1, 1, NULL, '2025-02-01 09:37:21', '2025-02-01 06:07:21'),
(118, 78, 5, 0, 1, NULL, '2025-02-01 09:48:22', '2025-02-01 06:18:22'),
(119, 35, 5, 1, 1, NULL, '2025-02-01 10:00:53', '2025-02-01 06:30:53'),
(120, 29, 5, 0, 1, NULL, '2025-02-01 10:00:57', '2025-02-01 06:30:57'),
(121, 48, 5, 0, 1, NULL, '2025-02-01 10:16:10', '2025-02-01 06:46:10'),
(122, 183, 5, 0, 0, NULL, '2025-02-01 10:19:13', '2025-02-01 06:49:13'),
(123, 182, 5, 0, 1, NULL, '2025-02-01 10:19:14', '2025-02-01 06:49:14'),
(124, 69, 5, 0, 1, NULL, '2025-02-01 10:19:15', '2025-02-01 06:49:15'),
(125, 94, 5, 1, 1, NULL, '2025-02-01 10:31:38', '2025-02-01 07:01:38'),
(126, 102, 5, 0, 1, NULL, '2025-02-01 10:58:54', '2025-02-01 07:28:54'),
(127, 184, 5, 1, 1, NULL, '2025-02-01 11:08:55', '2025-02-01 07:38:55'),
(128, 146, 5, 0, 1, NULL, '2025-02-01 11:17:47', '2025-02-01 07:47:47'),
(129, 185, 5, 1, 0, NULL, '2025-02-01 11:23:12', '2025-02-01 07:53:12'),
(130, 186, 5, 0, 1, NULL, '2025-02-01 12:16:52', '2025-02-01 08:46:52'),
(131, 56, 5, 0, 1, NULL, '2025-02-01 12:29:40', '2025-02-01 08:59:40'),
(132, 188, 5, 0, 1, NULL, '2025-02-01 13:29:09', '2025-02-01 09:59:09'),
(133, 103, 5, 1, 1, NULL, '2025-02-01 14:40:22', '2025-02-01 11:10:22'),
(134, 189, 5, 1, 1, NULL, '2025-02-01 15:48:22', '2025-02-01 12:18:22'),
(135, 42, 5, 0, 1, NULL, '2025-02-01 15:53:57', '2025-02-01 12:23:57'),
(136, 58, 5, 1, 1, NULL, '2025-02-01 16:26:12', '2025-02-01 12:56:12'),
(137, 109, 5, 1, 1, NULL, '2025-02-01 16:36:56', '2025-02-01 13:06:56'),
(138, 129, 5, 0, 1, NULL, '2025-02-01 16:43:26', '2025-02-01 13:13:26'),
(139, 25, 5, 1, 1, NULL, '2025-02-01 17:02:49', '2025-02-01 13:32:49'),
(140, 44, 5, 1, 1, NULL, '2025-02-01 17:13:20', '2025-02-01 13:43:20'),
(141, 190, 5, 0, 1, NULL, '2025-02-01 17:16:36', '2025-02-01 13:46:36'),
(142, 191, 5, 0, 1, NULL, '2025-02-01 18:22:40', '2025-02-01 14:52:40'),
(143, 46, 5, 0, 1, NULL, '2025-02-01 18:31:00', '2025-02-01 15:01:00'),
(144, 169, 5, 1, 1, NULL, '2025-02-01 18:32:31', '2025-02-01 15:02:31'),
(145, 84, 5, 1, 1, NULL, '2025-02-01 18:51:39', '2025-02-01 15:21:39'),
(146, 13, 5, 1, 1, NULL, '2025-02-01 19:39:51', '2025-02-01 16:09:51'),
(147, 63, 5, 1, 1, NULL, '2025-02-01 20:26:32', '2025-02-01 16:56:32'),
(148, 193, 5, 0, 1, NULL, '2025-02-01 22:22:37', '2025-02-01 18:52:37'),
(149, 194, 5, 1, 1, NULL, '2025-02-02 02:59:08', '2025-02-01 23:29:08'),
(150, 66, 5, 0, 1, NULL, '2025-02-02 04:03:41', '2025-02-02 00:33:41'),
(151, 195, 5, 1, 1, NULL, '2025-02-02 06:01:41', '2025-02-02 02:31:41'),
(152, 164, 5, 1, 1, NULL, '2025-02-02 13:24:53', '2025-02-02 09:54:53'),
(153, 196, 5, 0, 1, NULL, '2025-02-02 16:23:25', '2025-02-02 12:53:25'),
(154, 120, 5, 0, 1, NULL, '2025-02-02 17:29:17', '2025-02-02 13:59:17'),
(155, 128, 5, 1, 1, NULL, '2025-02-03 05:27:18', '2025-02-03 01:57:18'),
(156, 37, 5, 0, 1, NULL, '2025-02-03 06:53:59', '2025-02-03 03:23:59'),
(157, 198, 5, 0, 0, NULL, '2025-02-03 18:30:26', '2025-02-03 15:00:26');

-- --------------------------------------------------------

--
-- Table structure for table `promotion_agree_item`
--

CREATE TABLE `promotion_agree_item` (
  `id` int(11) NOT NULL,
  `agree_id` int(11) DEFAULT NULL,
  `ritual_id` int(11) DEFAULT NULL,
  `promotion_id` int(11) DEFAULT NULL,
  `promoter_id` int(11) DEFAULT NULL
) ENGINE=MyISAM DEFAULT CHARSET=utf8mb3 COLLATE=utf8mb3_persian_ci;

--
-- Dumping data for table `promotion_agree_item`
--

INSERT INTO `promotion_agree_item` (`id`, `agree_id`, `ritual_id`, `promotion_id`, `promoter_id`) VALUES
(8, 8, 2, 1, 3),
(9, 9, 1, 1, 4),
(10, 9, 5, 1, 4),
(11, 9, 4, 1, 4),
(12, 9, 2, 1, 4),
(13, 10, 1, 1, 5),
(14, 10, 5, 1, 5),
(15, 10, 4, 1, 5),
(16, 10, 2, 1, 5),
(17, 11, 2, 1, 6),
(18, 11, 4, 1, 6),
(19, 12, 2, 2, 8),
(20, 13, 1, 2, 9),
(21, 13, 6, 2, 9),
(22, 13, 3, 2, 9),
(23, 13, 4, 2, 9),
(24, 13, 2, 2, 9),
(25, 14, 1, 2, 7),
(26, 14, 2, 2, 7),
(27, 14, 3, 2, 7),
(28, 14, 4, 2, 7),
(29, 14, 6, 2, 7),
(30, 15, 1, 3, 3),
(31, 15, 4, 3, 3),
(32, 15, 3, 3, 3),
(33, 15, 2, 3, 3),
(34, 15, 6, 3, 3),
(35, 16, 1, 3, 6),
(36, 17, 3, 3, 5),
(37, 18, 4, 4, 5),
(38, 18, 2, 4, 5),
(39, 18, 6, 4, 5),
(40, 19, 4, 4, 3),
(41, 19, 5, 4, 3),
(42, 19, 2, 4, 3),
(43, 19, 1, 4, 3),
(44, 19, 6, 4, 3),
(45, 20, 4, 4, 7),
(46, 20, 5, 4, 7),
(47, 20, 2, 4, 7),
(48, 20, 1, 4, 7),
(49, 20, 6, 4, 7),
(50, 21, 1, 4, 13),
(51, 21, 6, 4, 13),
(52, 21, 5, 4, 13),
(53, 21, 4, 4, 13),
(54, 21, 2, 4, 13),
(55, 22, 2, 4, 17),
(56, 22, 6, 4, 17),
(57, 23, 4, 4, 14),
(58, 23, 2, 4, 14),
(59, 23, 5, 4, 14),
(60, 23, 6, 4, 14),
(61, 24, 4, 4, 18),
(62, 24, 1, 4, 18),
(63, 24, 2, 4, 18),
(64, 24, 6, 4, 18),
(65, 26, 2, 4, 23),
(66, 26, 4, 4, 23),
(67, 27, 4, 4, 20),
(68, 29, 4, 4, 26),
(69, 29, 5, 4, 26),
(70, 29, 2, 4, 26),
(71, 30, 4, 4, 27),
(72, 30, 1, 4, 27),
(73, 30, 6, 4, 27),
(74, 31, 2, 4, 25),
(75, 32, 2, 4, 30),
(76, 32, 6, 4, 30),
(77, 35, 4, 4, 35),
(78, 35, 5, 4, 35),
(79, 35, 1, 4, 35),
(80, 36, 4, 4, 39),
(81, 37, 2, 4, 42),
(82, 40, 6, 4, 50),
(83, 40, 5, 4, 50),
(84, 41, 4, 4, 51),
(85, 41, 5, 4, 51),
(86, 41, 2, 4, 51),
(87, 41, 1, 4, 51),
(88, 41, 6, 4, 51),
(89, 42, 2, 4, 53),
(90, 42, 1, 4, 53),
(91, 43, 4, 4, 54),
(92, 43, 5, 4, 54),
(93, 43, 2, 4, 54),
(94, 43, 6, 4, 54),
(95, 44, 6, 4, 57),
(96, 45, 5, 4, 58),
(97, 45, 2, 4, 58),
(98, 45, 1, 4, 58),
(99, 45, 6, 4, 58),
(100, 46, 6, 4, 59),
(101, 46, 4, 4, 59),
(102, 46, 2, 4, 59),
(103, 48, 4, 4, 61),
(104, 48, 1, 4, 61),
(105, 49, 1, 4, 62),
(106, 49, 5, 4, 62),
(107, 50, 4, 4, 64),
(108, 50, 6, 4, 64),
(109, 50, 2, 4, 64),
(110, 51, 2, 4, 28),
(111, 52, 4, 4, 46),
(112, 52, 1, 4, 46),
(113, 53, 4, 4, 44),
(114, 53, 6, 4, 44),
(115, 53, 5, 4, 44),
(116, 54, 4, 4, 66),
(117, 54, 2, 4, 66),
(118, 54, 6, 4, 66),
(119, 55, 4, 4, 67),
(120, 55, 2, 4, 67),
(121, 58, 2, 4, 70),
(122, 58, 6, 4, 70),
(123, 59, 1, 4, 71),
(124, 60, 2, 4, 75),
(125, 60, 6, 4, 75),
(126, 62, 4, 4, 79),
(127, 62, 5, 4, 79),
(128, 62, 2, 4, 79),
(129, 62, 1, 4, 79),
(130, 62, 6, 4, 79),
(131, 63, 4, 4, 80),
(132, 63, 5, 4, 80),
(133, 64, 4, 4, 81),
(134, 64, 2, 4, 81),
(135, 64, 5, 4, 81),
(136, 64, 1, 4, 81),
(137, 64, 6, 4, 81),
(138, 65, 2, 4, 84),
(139, 65, 6, 4, 84),
(140, 65, 4, 4, 84),
(141, 66, 4, 4, 78),
(142, 66, 2, 4, 78),
(143, 66, 1, 4, 78),
(144, 67, 5, 4, 86),
(145, 67, 1, 4, 86),
(146, 67, 6, 4, 86),
(147, 67, 2, 4, 86),
(148, 67, 4, 4, 86),
(149, 68, 4, 4, 89),
(150, 68, 5, 4, 89),
(151, 68, 2, 4, 89),
(152, 68, 1, 4, 89),
(153, 68, 6, 4, 89),
(157, 71, 1, 4, 94),
(156, 71, 5, 4, 94),
(158, 72, 4, 4, 41),
(159, 73, 4, 4, 90),
(160, 73, 6, 4, 90),
(161, 74, 4, 4, 99),
(162, 74, 2, 4, 99),
(163, 74, 1, 4, 99),
(164, 74, 6, 4, 99),
(165, 75, 2, 4, 63),
(166, 77, 5, 4, 103),
(167, 77, 4, 4, 103),
(168, 77, 1, 4, 103),
(169, 77, 6, 4, 103),
(170, 77, 2, 4, 103),
(171, 78, 5, 4, 109),
(172, 78, 4, 4, 109),
(173, 79, 2, 4, 110),
(174, 79, 4, 4, 110),
(175, 82, 2, 4, 111),
(176, 82, 5, 4, 111),
(177, 82, 4, 4, 111),
(178, 83, 2, 4, 29),
(179, 83, 4, 4, 29),
(180, 85, 1, 4, 120),
(181, 86, 4, 4, 121),
(182, 86, 1, 4, 121),
(183, 86, 2, 4, 121),
(184, 86, 5, 4, 121),
(185, 86, 6, 4, 121),
(186, 89, 5, 4, 125),
(187, 89, 2, 4, 125),
(188, 90, 5, 4, 132),
(189, 90, 4, 4, 132),
(190, 91, 4, 4, 133),
(191, 91, 5, 4, 133),
(192, 92, 4, 4, 134),
(193, 92, 5, 4, 134),
(194, 92, 2, 4, 134),
(195, 92, 1, 4, 134),
(196, 92, 6, 4, 134),
(197, 93, 1, 4, 140),
(198, 93, 5, 4, 140),
(199, 93, 4, 4, 140),
(200, 93, 2, 4, 140),
(201, 94, 2, 4, 141),
(202, 94, 6, 4, 141),
(203, 94, 1, 4, 141),
(204, 94, 5, 4, 141),
(205, 94, 4, 4, 141),
(206, 95, 4, 4, 142),
(207, 95, 5, 4, 142),
(208, 95, 2, 4, 142),
(209, 97, 1, 5, 8),
(210, 97, 2, 5, 8),
(211, 97, 3, 5, 8),
(212, 97, 4, 5, 8),
(213, 97, 6, 5, 8),
(214, 98, 2, 5, 122),
(215, 98, 6, 5, 122),
(216, 98, 4, 5, 122),
(217, 98, 3, 5, 122),
(218, 98, 1, 5, 122),
(219, 99, 1, 5, 114),
(220, 99, 2, 5, 114),
(221, 99, 4, 5, 114),
(222, 99, 6, 5, 114),
(223, 100, 4, 5, 18),
(224, 100, 6, 5, 18),
(225, 100, 3, 5, 18),
(226, 100, 1, 5, 18),
(227, 100, 2, 5, 18),
(228, 101, 6, 5, 17),
(229, 102, 1, 5, 64),
(230, 102, 2, 5, 64),
(231, 102, 4, 5, 64),
(232, 102, 6, 5, 64),
(233, 102, 3, 5, 64),
(234, 103, 1, 5, 27),
(235, 103, 6, 5, 27),
(236, 105, 4, 5, 177),
(237, 107, 2, 5, 23),
(238, 107, 4, 5, 23),
(239, 107, 6, 5, 23),
(240, 108, 6, 5, 24),
(241, 109, 1, 5, 175),
(242, 109, 2, 5, 175),
(243, 109, 3, 5, 175),
(244, 109, 4, 5, 175),
(245, 110, 2, 5, 53),
(246, 111, 1, 5, 51),
(247, 111, 2, 5, 51),
(248, 111, 3, 5, 51),
(249, 111, 4, 5, 51),
(250, 111, 6, 5, 51),
(251, 112, 1, 5, 158),
(252, 112, 6, 5, 158),
(253, 113, 2, 5, 33),
(254, 113, 4, 5, 33),
(255, 114, 6, 5, 15),
(256, 114, 4, 5, 15),
(257, 115, 2, 5, 50),
(258, 115, 6, 5, 50),
(259, 116, 2, 5, 159),
(260, 116, 6, 5, 159),
(261, 116, 1, 5, 159),
(262, 119, 1, 5, 35),
(263, 119, 3, 5, 35),
(264, 119, 6, 5, 35),
(265, 119, 4, 5, 35),
(266, 120, 1, 5, 29),
(267, 121, 1, 5, 48),
(268, 121, 4, 5, 48),
(269, 122, 1, 5, 183),
(270, 122, 2, 5, 183),
(271, 122, 4, 5, 183),
(272, 122, 6, 5, 183),
(273, 123, 4, 5, 182),
(274, 123, 3, 5, 182),
(275, 123, 2, 5, 182),
(276, 125, 1, 5, 94),
(277, 125, 2, 5, 94),
(278, 125, 3, 5, 94),
(279, 125, 6, 5, 94),
(280, 127, 2, 5, 184),
(281, 127, 6, 5, 184),
(282, 128, 1, 5, 146),
(283, 129, 4, 5, 185),
(284, 129, 3, 5, 185),
(285, 132, 1, 5, 188),
(286, 132, 2, 5, 188),
(287, 133, 1, 5, 103),
(288, 133, 4, 5, 103),
(289, 133, 6, 5, 103),
(290, 133, 2, 5, 103),
(291, 133, 3, 5, 103),
(292, 134, 4, 5, 189),
(293, 134, 6, 5, 189),
(294, 134, 1, 5, 189),
(295, 134, 2, 5, 189),
(296, 135, 4, 5, 42),
(297, 135, 6, 5, 42),
(298, 136, 1, 5, 58),
(299, 136, 4, 5, 58),
(300, 136, 6, 5, 58),
(301, 137, 1, 5, 109),
(302, 137, 2, 5, 109),
(303, 137, 3, 5, 109),
(304, 137, 4, 5, 109),
(305, 137, 6, 5, 109),
(306, 139, 2, 5, 25),
(307, 139, 1, 5, 25),
(308, 140, 1, 5, 44),
(309, 140, 4, 5, 44),
(310, 140, 6, 5, 44),
(311, 141, 1, 5, 190),
(312, 141, 2, 5, 190),
(313, 141, 3, 5, 190),
(314, 141, 6, 5, 190),
(315, 141, 4, 5, 190),
(316, 143, 3, 5, 46),
(317, 143, 4, 5, 46),
(318, 143, 6, 5, 46),
(319, 143, 1, 5, 46),
(320, 144, 4, 5, 169),
(321, 144, 6, 5, 169),
(322, 145, 2, 5, 84),
(323, 145, 6, 5, 84),
(324, 145, 3, 5, 84),
(325, 145, 1, 5, 84),
(326, 145, 4, 5, 84),
(327, 146, 2, 5, 13),
(328, 146, 4, 5, 13),
(329, 146, 3, 5, 13),
(330, 146, 6, 5, 13),
(331, 146, 1, 5, 13),
(332, 147, 1, 5, 63),
(333, 147, 2, 5, 63),
(334, 148, 1, 5, 193),
(335, 148, 2, 5, 193),
(336, 148, 6, 5, 193),
(337, 149, 2, 5, 194),
(338, 149, 1, 5, 194),
(339, 150, 2, 5, 66),
(340, 150, 3, 5, 66),
(341, 150, 4, 5, 66),
(342, 150, 1, 5, 66),
(343, 150, 6, 5, 66),
(344, 152, 6, 5, 164),
(345, 152, 3, 5, 164),
(346, 153, 3, 5, 196),
(347, 153, 6, 5, 196),
(348, 153, 2, 5, 196),
(349, 154, 1, 5, 120),
(350, 155, 1, 5, 128),
(351, 155, 2, 5, 128),
(352, 155, 4, 5, 128),
(353, 155, 6, 5, 128),
(354, 155, 3, 5, 128),
(355, 156, 2, 5, 37),
(356, 156, 3, 5, 37);

-- --------------------------------------------------------

--
-- Table structure for table `promotion_positions`
--

CREATE TABLE `promotion_positions` (
  `id` bigint(20) UNSIGNED NOT NULL,
  `title` varchar(50) DEFAULT NULL,
  `location` varchar(50) DEFAULT NULL,
  `status_id` int(11) DEFAULT 1,
  `deleted_at` timestamp NULL DEFAULT NULL,
  `created_at` timestamp NULL DEFAULT NULL,
  `updated_at` timestamp NULL DEFAULT NULL
) ENGINE=MyISAM DEFAULT CHARSET=utf8mb4 COLLATE=utf8mb4_unicode_ci;

--
-- Dumping data for table `promotion_positions`
--

INSERT INTO `promotion_positions` (`id`, `title`, `location`, `status_id`, `deleted_at`, `created_at`, `updated_at`) VALUES
(1, 'ุงูุงู ุฌูุนู', 'ูุณุฌุฏ', 1, NULL, NULL, NULL),
(2, 'ุงูุงู ุฌูุงุนุช', 'ูุณุฌุฏ', 1, NULL, NULL, NULL),
(3, 'ุทุฑุญ ูุฌุฑุช', 'ูุงุช', 1, NULL, NULL, NULL),
(4, 'ูุจูุบ ูุฏุงุฑุณ', 'ูุฏุฑุณู', 1, NULL, NULL, NULL);

-- --------------------------------------------------------

--
-- Table structure for table `promotion_reports`
--

CREATE TABLE `promotion_reports` (
  `id` bigint(20) UNSIGNED NOT NULL,
  `promotion_id` int(11) DEFAULT NULL,
  `promoter_id` int(11) DEFAULT NULL,
  `photos` varchar(255) DEFAULT NULL,
  `videos` varchar(255) DEFAULT NULL,
  `status_id` int(1) DEFAULT 0,
  `confirm_id` int(1) DEFAULT -1,
  `level_id` int(1) DEFAULT 0,
  `creator_id` int(11) DEFAULT NULL,
  `editor_id` int(11) DEFAULT NULL,
  `deleted_at` timestamp NULL DEFAULT NULL,
  `created_at` timestamp NULL DEFAULT NULL,
  `updated_at` timestamp NULL DEFAULT NULL
) ENGINE=MyISAM DEFAULT CHARSET=utf8mb4 COLLATE=utf8mb4_unicode_ci;

--
-- Dumping data for table `promotion_reports`
--

INSERT INTO `promotion_reports` (`id`, `promotion_id`, `promoter_id`, `photos`, `videos`, `status_id`, `confirm_id`, `level_id`, `creator_id`, `editor_id`, `deleted_at`, `created_at`, `updated_at`) VALUES
(1, 1, 3, NULL, NULL, 0, -1, 0, NULL, NULL, '2024-12-09 12:12:03', '2024-12-09 00:26:27', '2024-12-09 12:12:03'),
(2, 1, 3, NULL, NULL, 0, -1, 0, NULL, NULL, '2024-12-09 12:12:08', '2024-12-09 00:26:55', '2024-12-09 12:12:08'),
(3, 1, 4, NULL, NULL, 0, -1, 0, NULL, NULL, '2024-12-09 12:12:12', '2024-12-09 03:57:46', '2024-12-09 12:12:12'),
(4, 1, 4, NULL, NULL, 0, -1, 0, NULL, NULL, '2024-12-09 12:12:17', '2024-12-09 04:00:07', '2024-12-09 12:12:17'),
(5, 1, 6, 'image44571733745623.jpg###', NULL, 0, -1, 0, NULL, NULL, '2024-12-09 12:12:23', '2024-12-09 08:30:26', '2024-12-09 12:12:23'),
(6, 1, 3, NULL, NULL, 0, -1, 0, NULL, NULL, '2024-12-09 12:12:32', '2024-12-09 08:53:09', '2024-12-09 12:12:32'),
(7, 1, 3, NULL, NULL, 0, -1, 0, NULL, NULL, '2024-12-12 06:36:55', '2024-12-09 11:42:38', '2024-12-12 06:36:55'),
(8, 1, 3, NULL, NULL, 0, -1, 0, NULL, NULL, '2024-12-12 06:36:51', '2024-12-09 11:42:39', '2024-12-12 06:36:51'),
(9, 1, 3, NULL, NULL, 0, -1, 0, NULL, NULL, '2024-12-12 06:36:47', '2024-12-09 11:42:39', '2024-12-12 06:36:47'),
(10, 2, 6, NULL, NULL, 0, 1, 33, NULL, NULL, '2025-01-05 09:54:39', '2024-12-10 10:47:25', '2025-01-05 09:54:39'),
(11, 2, 8, NULL, NULL, 0, 1, 50, NULL, NULL, '2025-01-05 09:54:32', '2024-12-11 08:04:04', '2025-01-05 09:54:32'),
(12, 2, 7, NULL, NULL, 0, 1, 60, NULL, NULL, '2025-01-05 09:54:25', '2024-12-11 08:39:35', '2025-01-05 09:54:25'),
(13, 4, 4, NULL, NULL, 0, 1, 10, NULL, NULL, '2025-01-05 09:54:18', '2024-12-11 09:31:42', '2025-01-05 09:54:18'),
(14, 3, 6, NULL, NULL, 0, -1, 0, NULL, NULL, '2024-12-11 17:39:34', '2024-12-11 16:52:25', '2024-12-11 17:39:34'),
(15, 3, 6, NULL, NULL, 0, -1, 0, NULL, NULL, '2024-12-11 18:02:29', '2024-12-11 17:43:09', '2024-12-11 18:02:29'),
(16, 3, 6, NULL, NULL, 0, -1, 0, NULL, NULL, '2024-12-11 18:06:07', '2024-12-11 18:04:29', '2024-12-11 18:06:07'),
(17, 3, 6, NULL, NULL, 0, -1, 0, NULL, NULL, '2024-12-11 18:12:42', '2024-12-11 18:07:09', '2024-12-11 18:12:42'),
(18, 4, 6, 'image68841734212622.jpg###image70321734212629.jpg###image77701734212636.jpg###', 'video67461734212796.mp4###', 0, 1, 0, NULL, NULL, '2025-01-05 09:54:11', '2024-12-11 18:15:09', '2025-01-05 09:54:11'),
(19, 4, 4, NULL, NULL, 0, 1, 111, NULL, NULL, '2025-01-05 09:54:03', '2024-12-12 06:35:56', '2025-01-05 09:54:03'),
(20, 3, 3, NULL, NULL, 0, -1, 0, NULL, NULL, '2024-12-12 06:40:12', '2024-12-12 06:39:32', '2024-12-12 06:40:12'),
(21, 3, 3, NULL, NULL, 0, -1, 0, NULL, NULL, '2024-12-12 06:40:09', '2024-12-12 06:39:33', '2024-12-12 06:40:09'),
(22, 3, 3, NULL, NULL, 0, -1, 0, NULL, NULL, '2024-12-12 06:40:05', '2024-12-12 06:39:33', '2024-12-12 06:40:05'),
(23, 4, 3, NULL, NULL, 0, 1, 0, NULL, NULL, '2025-01-05 09:53:57', '2024-12-12 06:40:43', '2025-01-05 09:53:57'),
(24, 4, 3, NULL, NULL, 0, 1, 32, NULL, NULL, '2025-01-05 09:53:43', '2024-12-12 06:40:45', '2025-01-05 09:53:43'),
(25, 4, 3, NULL, NULL, 0, 1, 10, NULL, NULL, '2025-01-05 09:54:51', '2024-12-12 06:40:45', '2025-01-05 09:54:51'),
(26, 3, 5, NULL, NULL, 0, -1, 0, NULL, NULL, '2024-12-14 08:21:49', '2024-12-14 08:19:04', '2024-12-14 08:21:49'),
(27, 3, 5, NULL, NULL, 0, 1, 30, NULL, NULL, '2025-01-05 09:54:57', '2024-12-14 08:23:03', '2025-01-05 09:54:57'),
(28, 4, 5, 'application68411734178408.pdf###image11341734178463.jpg###', 'image85131734178382.jpg###', 0, 1, 22, NULL, NULL, '2025-01-05 09:55:01', '2024-12-14 08:34:52', '2025-01-05 09:55:01'),
(29, 4, 3, 'image95331734178741.jpg###', 'image35301734178756.jpg###', 0, 1, 40, NULL, NULL, '2025-01-05 09:55:09', '2024-12-14 08:48:07', '2025-01-05 09:55:09'),
(30, 4, 7, NULL, NULL, 0, -1, 0, NULL, NULL, '2024-12-15 08:17:52', '2024-12-15 08:17:37', '2024-12-15 08:17:52'),
(31, 4, 7, NULL, NULL, 0, 1, 50, NULL, NULL, NULL, '2024-12-15 08:19:06', '2025-01-15 02:25:31'),
(32, 4, 11, NULL, NULL, 0, 1, 20, NULL, NULL, '2024-12-19 17:40:38', '2024-12-17 14:44:08', '2024-12-19 17:40:38'),
(33, 4, 13, NULL, NULL, 0, 1, 20, NULL, NULL, NULL, '2024-12-19 17:39:12', '2024-12-19 17:39:12'),
(34, 4, 14, NULL, NULL, 0, -1, 0, NULL, NULL, '2025-01-05 09:53:14', '2024-12-22 00:26:31', '2025-01-05 09:53:14'),
(35, 4, 16, NULL, NULL, 0, 1, 30, NULL, NULL, NULL, '2024-12-22 00:28:16', '2025-01-06 10:56:41'),
(36, 4, 15, NULL, NULL, 0, 1, 20, NULL, NULL, NULL, '2024-12-22 00:35:11', '2025-01-06 09:10:37'),
(37, 4, 22, NULL, NULL, 0, 1, 40, NULL, NULL, NULL, '2024-12-22 00:43:26', '2025-01-06 10:57:24'),
(38, 4, 23, NULL, NULL, 0, 1, 50, NULL, NULL, NULL, '2024-12-22 00:54:24', '2025-01-06 10:58:54'),
(39, 4, 24, NULL, NULL, 0, 1, 100, NULL, NULL, NULL, '2024-12-22 00:54:44', '2025-01-06 11:00:39'),
(40, 4, 25, NULL, NULL, 0, 1, 30, NULL, NULL, NULL, '2024-12-22 01:04:13', '2025-01-06 11:01:45'),
(41, 4, 26, NULL, NULL, 0, 1, 30, NULL, NULL, NULL, '2024-12-22 01:04:52', '2025-01-06 11:02:27'),
(42, 4, 27, NULL, NULL, 0, 1, 10, NULL, NULL, NULL, '2024-12-22 01:05:03', '2025-01-06 11:03:52'),
(43, 4, 28, NULL, NULL, 0, 1, 30, NULL, NULL, NULL, '2024-12-22 01:05:07', '2025-01-06 11:04:45'),
(44, 4, 21, NULL, NULL, 0, 1, 10, NULL, NULL, NULL, '2024-12-22 01:15:58', '2025-01-06 11:05:54'),
(45, 4, 30, NULL, NULL, 0, 1, 30, NULL, NULL, NULL, '2024-12-22 01:19:46', '2025-01-06 11:06:40'),
(46, 4, 32, NULL, NULL, 0, 1, 40, NULL, NULL, NULL, '2024-12-22 01:30:20', '2025-01-06 11:07:35'),
(47, 4, 33, NULL, NULL, 0, 1, 20, NULL, NULL, NULL, '2024-12-22 01:37:49', '2025-01-06 11:08:05'),
(48, 4, 35, NULL, NULL, 0, 1, 50, NULL, NULL, NULL, '2024-12-22 01:54:27', '2025-01-06 11:08:42'),
(49, 4, 37, NULL, NULL, 0, 1, 30, NULL, NULL, NULL, '2024-12-22 02:48:25', '2025-01-06 10:38:03'),
(50, 4, 39, NULL, NULL, 0, 1, 30, NULL, NULL, NULL, '2024-12-22 02:55:43', '2025-01-06 10:36:57'),
(51, 4, 40, NULL, NULL, 0, 1, 20, NULL, NULL, NULL, '2024-12-22 03:24:20', '2025-01-06 10:36:15'),
(52, 4, 42, NULL, NULL, 0, 1, 40, NULL, NULL, NULL, '2024-12-22 04:26:45', '2025-01-06 10:35:30'),
(53, 4, 43, NULL, NULL, 0, 1, 20, NULL, NULL, NULL, '2024-12-22 04:35:44', '2025-01-06 10:34:34'),
(54, 4, 44, NULL, NULL, 0, 1, 200, NULL, NULL, NULL, '2024-12-22 07:00:21', '2025-01-06 10:32:55'),
(55, 4, 47, NULL, NULL, 0, 1, 30, NULL, NULL, NULL, '2024-12-22 09:12:17', '2025-01-06 10:31:40'),
(56, 4, 48, NULL, NULL, 0, 1, 30, NULL, NULL, NULL, '2024-12-22 09:53:03', '2025-01-06 10:20:42'),
(57, 4, 49, NULL, NULL, 0, -1, 0, NULL, NULL, NULL, '2024-12-22 09:54:50', '2024-12-22 09:54:50'),
(58, 4, 50, NULL, NULL, 0, 1, 30, NULL, NULL, NULL, '2024-12-22 10:06:13', '2025-01-06 09:56:33'),
(59, 4, 51, NULL, NULL, 0, 1, 20, NULL, NULL, NULL, '2024-12-22 11:39:20', '2025-01-06 09:48:11'),
(60, 4, 53, NULL, NULL, 0, 1, 20, NULL, NULL, NULL, '2024-12-22 12:09:57', '2025-01-06 09:47:36'),
(61, 4, 55, NULL, NULL, 0, 1, 20, NULL, NULL, NULL, '2024-12-22 15:48:00', '2025-01-06 09:46:54'),
(62, 4, 58, NULL, NULL, 0, 1, 20, NULL, NULL, NULL, '2024-12-23 09:25:39', '2025-01-06 09:46:15'),
(63, 4, 19, 'image90511735211763.jpg###image89001735212005.jpg###image14751735212235.jpg###image71931735309447.jpg###', NULL, 0, 1, 20, NULL, NULL, NULL, '2024-12-23 14:26:30', '2025-01-06 09:45:02'),
(64, 4, 17, NULL, NULL, 0, 1, 60, NULL, NULL, NULL, '2024-12-23 16:30:43', '2025-01-06 08:18:44'),
(65, 4, 60, NULL, NULL, 0, 1, 30, NULL, NULL, NULL, '2024-12-23 18:56:41', '2025-01-06 09:43:44'),
(66, 4, 56, NULL, NULL, 0, 1, 20, NULL, NULL, NULL, '2024-12-24 09:24:08', '2025-01-06 09:48:28'),
(67, 4, 61, NULL, NULL, 0, -1, 0, NULL, NULL, '2024-12-25 09:02:41', '2024-12-25 08:56:18', '2024-12-25 09:02:41'),
(68, 4, 62, NULL, NULL, 0, -1, 0, NULL, NULL, '2025-01-06 09:39:33', '2024-12-25 09:11:58', '2025-01-06 09:39:33'),
(69, 4, 63, NULL, NULL, 0, 1, 30, NULL, NULL, NULL, '2024-12-25 10:14:41', '2025-01-06 09:31:04'),
(70, 4, 64, 'image95791735213904.jpg###image41531735213911.jpg###image39831735213915.jpg###', NULL, 0, 1, 30, NULL, NULL, NULL, '2024-12-26 08:21:58', '2025-01-06 09:29:35'),
(71, 4, 46, 'image44391735232337.jpgimage31431735235006.jpgimage57681735235346.jpg###image12021735235550.jpg###image50401735236321.jpg###image59911735236392.jpg###image29681735236413.jpg###image1791735236422.jpg###', NULL, 0, 1, 50, NULL, NULL, NULL, '2024-12-26 14:43:50', '2025-01-06 09:25:33'),
(72, 4, 66, NULL, NULL, 0, -1, 0, NULL, NULL, '2024-12-27 03:21:45', '2024-12-27 03:20:52', '2024-12-27 03:21:45'),
(73, 4, 66, 'image57951735282859.jpg###image13171735282943.jpg###image28831735282964.jpg###image13261735282980.jpg###image2501735283031.jpg###image60031735283045.jpg###application25781735283077.heic###application28311735283166.heic###', NULL, 0, 1, 80, NULL, NULL, NULL, '2024-12-27 03:37:38', '2025-01-06 09:22:30'),
(74, 4, 67, NULL, NULL, 0, 1, 20, NULL, NULL, NULL, '2024-12-27 15:19:52', '2025-01-06 09:20:49'),
(75, 4, 68, NULL, NULL, 0, 1, 20, NULL, NULL, NULL, '2024-12-27 16:18:05', '2025-01-06 09:19:14'),
(76, 4, 69, NULL, NULL, 0, 1, 50, NULL, NULL, NULL, '2024-12-27 23:43:32', '2025-01-06 09:18:13'),
(77, 4, 71, NULL, NULL, 0, 1, 20, NULL, NULL, NULL, '2024-12-31 05:28:29', '2025-01-06 09:17:09'),
(78, 4, 70, NULL, NULL, 0, 1, 30, NULL, NULL, NULL, '2025-01-03 10:14:36', '2025-01-06 09:16:12'),
(79, 4, 11, NULL, NULL, 0, 1, 30, NULL, NULL, NULL, '2025-01-04 03:46:36', '2025-01-05 11:48:48'),
(80, 4, 11, NULL, NULL, 0, 1, 50, NULL, NULL, NULL, '2025-01-06 01:49:48', '2025-01-06 08:20:09'),
(81, 4, 77, NULL, NULL, 0, -1, 30, NULL, NULL, NULL, '2025-01-06 02:42:12', '2025-01-08 07:22:07'),
(82, 4, 5, NULL, NULL, 0, 1, 20, NULL, NULL, NULL, '2025-01-07 03:55:05', '2025-01-07 17:00:02'),
(83, 4, 64, 'image18281736237843.jpg###', NULL, 0, -1, 0, NULL, NULL, NULL, '2025-01-07 04:47:24', '2025-01-07 04:47:24'),
(84, 4, 80, 'image45171736240029.jpg###', NULL, 0, -1, 0, NULL, NULL, NULL, '2025-01-07 05:07:56', '2025-01-08 04:01:27'),
(85, 4, 82, NULL, NULL, 0, -1, 0, NULL, NULL, NULL, '2025-01-07 06:08:07', '2025-01-08 07:17:50'),
(86, 4, 84, NULL, NULL, 0, 1, 20, NULL, NULL, NULL, '2025-01-07 12:43:10', '2025-01-08 01:21:09'),
(87, 4, 33, NULL, NULL, 0, 1, 30, NULL, NULL, NULL, '2025-01-07 13:40:43', '2025-01-08 01:22:30'),
(88, 4, 23, NULL, NULL, 0, 1, 100, NULL, NULL, NULL, '2025-01-07 14:05:23', '2025-01-08 01:24:17'),
(89, 4, 28, NULL, NULL, 0, -1, 0, NULL, NULL, '2025-01-07 14:12:35', '2025-01-07 14:12:25', '2025-01-07 14:12:35'),
(90, 4, 78, 'image55611736271798.jpg###image90301736271801.jpg###image15561736271839.jpg###image99651736271905.jpg###', NULL, 0, 1, 30, NULL, NULL, NULL, '2025-01-07 14:15:08', '2025-01-08 01:26:29'),
(91, 4, 28, 'image20341736272077.jpg###', NULL, 0, 1, 30, NULL, NULL, NULL, '2025-01-07 14:18:03', '2025-01-08 01:28:01'),
(92, 4, 89, NULL, NULL, 0, 1, 120, NULL, NULL, NULL, '2025-01-07 15:45:54', '2025-01-08 01:30:33'),
(93, 4, 92, NULL, NULL, 0, 1, 20, NULL, NULL, NULL, '2025-01-07 15:47:08', '2025-01-08 01:32:48'),
(94, 4, 93, NULL, NULL, 0, 1, 20, NULL, NULL, NULL, '2025-01-07 15:48:35', '2025-01-08 01:36:31'),
(95, 4, 94, NULL, NULL, 0, 1, 20, NULL, NULL, NULL, '2025-01-07 15:57:02', '2025-01-08 01:43:30'),
(96, 4, 97, NULL, NULL, 0, 1, 20, NULL, NULL, NULL, '2025-01-07 16:28:26', '2025-01-08 01:45:10'),
(97, 4, 105, NULL, NULL, 0, 1, 30, NULL, NULL, NULL, '2025-01-07 16:44:07', '2025-01-08 01:48:36'),
(98, 4, 108, NULL, NULL, 0, 1, 30, NULL, NULL, NULL, '2025-01-07 16:44:14', '2025-01-08 01:52:07'),
(99, 4, 110, NULL, NULL, 0, 1, 20, NULL, NULL, NULL, '2025-01-07 16:45:01', '2025-01-08 01:56:50'),
(100, 4, 104, NULL, NULL, 0, 1, 30, NULL, NULL, NULL, '2025-01-07 16:48:11', '2025-01-08 02:01:00'),
(101, 4, 111, NULL, NULL, 0, 1, 20, NULL, NULL, NULL, '2025-01-07 16:50:54', '2025-01-08 02:02:07'),
(102, 4, 107, NULL, NULL, 0, 1, 20, NULL, NULL, NULL, '2025-01-07 16:52:08', '2025-01-08 02:03:17'),
(103, 4, 103, NULL, NULL, 0, 1, 80, NULL, NULL, NULL, '2025-01-07 16:53:09', '2025-01-08 02:07:31'),
(104, 4, 112, NULL, NULL, 0, 1, 20, NULL, NULL, NULL, '2025-01-07 16:54:31', '2025-01-08 02:42:14'),
(105, 4, 18, NULL, NULL, 0, 1, 20, NULL, NULL, NULL, '2025-01-07 16:55:29', '2025-01-08 02:44:09'),
(106, 4, 114, NULL, NULL, 0, -1, 0, NULL, NULL, '2025-01-07 17:09:18', '2025-01-07 17:08:03', '2025-01-07 17:09:18'),
(107, 4, 29, NULL, NULL, 0, 1, 40, NULL, NULL, NULL, '2025-01-07 17:14:39', '2025-01-08 02:51:48'),
(108, 4, 117, NULL, NULL, 0, 1, 60, NULL, NULL, NULL, '2025-01-07 17:40:48', '2025-01-08 02:53:50'),
(109, 4, 122, NULL, NULL, 0, 1, 20, NULL, NULL, NULL, '2025-01-07 21:49:03', '2025-01-08 02:55:01'),
(110, 4, 88, NULL, NULL, 0, 1, 30, NULL, NULL, NULL, '2025-01-07 22:38:33', '2025-01-08 02:57:35'),
(111, 4, 57, NULL, NULL, 0, 1, 20, NULL, NULL, NULL, '2025-01-07 23:41:42', '2025-01-08 03:01:33'),
(112, 4, 124, NULL, NULL, 0, 1, 20, NULL, NULL, NULL, '2025-01-08 00:14:13', '2025-01-08 03:02:09'),
(113, 4, 127, NULL, NULL, 0, 1, 20, NULL, NULL, NULL, '2025-01-08 00:51:27', '2025-01-08 03:03:56'),
(114, 4, 123, NULL, NULL, 0, 1, 40, NULL, NULL, NULL, '2025-01-08 01:27:17', '2025-01-08 03:05:01'),
(115, 4, 132, NULL, NULL, 0, 1, 20, NULL, NULL, NULL, '2025-01-08 01:57:15', '2025-01-08 03:05:46'),
(116, 4, 81, NULL, NULL, 0, 1, 10, NULL, NULL, NULL, '2025-01-08 03:27:11', '2025-01-09 05:18:37'),
(117, 4, 134, 'image98931736321637.jpg###', NULL, 0, 1, 50, NULL, NULL, NULL, '2025-01-08 04:02:42', '2025-01-09 05:20:11'),
(118, 4, 135, NULL, NULL, 0, 1, 30, NULL, NULL, NULL, '2025-01-08 10:06:14', '2025-01-09 05:20:55'),
(119, 4, 136, NULL, NULL, 0, 1, 30, NULL, NULL, NULL, '2025-01-08 13:57:49', '2025-01-09 05:22:07'),
(120, 4, 137, NULL, NULL, 0, 1, 20, NULL, NULL, NULL, '2025-01-08 15:09:17', '2025-01-09 05:23:46'),
(121, 4, 139, 'image31481736522074.jpg###image74231736522088.jpg###image57741736522110.jpg###image85181736522120.jpg###image59251736522132.jpg###image46211736522161.jpg###image4971736522175.jpg###image42501736522186.jpg###', NULL, 0, 1, 120, NULL, NULL, NULL, '2025-01-10 11:48:34', '2025-01-12 04:32:36'),
(122, 4, 141, NULL, NULL, 0, 1, 60, NULL, 1, NULL, '2025-01-11 13:30:53', '2025-01-15 14:43:04'),
(123, 0, 70, NULL, NULL, 0, -1, 0, NULL, NULL, '2025-01-15 02:00:22', '2025-01-12 12:05:39', '2025-01-15 02:00:22'),
(124, 0, 70, NULL, NULL, 0, -1, 0, NULL, NULL, '2025-01-15 01:59:56', '2025-01-12 12:05:45', '2025-01-15 01:59:56'),
(125, 0, 70, NULL, NULL, 0, -1, 0, NULL, NULL, '2025-01-15 01:59:28', '2025-01-12 12:05:54', '2025-01-15 01:59:28'),
(126, 0, 70, NULL, NULL, 0, -1, 0, NULL, NULL, '2025-01-15 01:57:19', '2025-01-12 12:05:57', '2025-01-15 01:57:19'),
(127, 0, 70, NULL, NULL, 0, -1, 0, NULL, NULL, '2025-01-15 01:56:50', '2025-01-12 12:06:00', '2025-01-15 01:56:50'),
(128, 4, 38, NULL, NULL, 0, -1, 0, NULL, NULL, NULL, '2025-01-17 15:36:34', '2025-01-17 15:36:34'),
(129, 4, 38, NULL, NULL, 0, -1, 0, NULL, NULL, NULL, '2025-01-17 15:39:01', '2025-01-17 15:39:01'),
(130, 4, 38, NULL, NULL, 0, -1, 0, NULL, NULL, NULL, '2025-01-17 15:39:50', '2025-01-17 15:39:50'),
(131, 4, 38, NULL, NULL, 0, -1, 0, NULL, NULL, NULL, '2025-01-17 15:40:36', '2025-01-17 15:40:36'),
(132, 4, 16, NULL, NULL, 0, -1, 0, NULL, NULL, NULL, '2025-01-17 15:41:17', '2025-01-17 15:41:17'),
(133, 4, 38, NULL, NULL, 0, -1, 0, NULL, NULL, NULL, '2025-01-17 15:41:26', '2025-01-17 15:41:26'),
(134, 4, 38, NULL, NULL, 0, -1, 0, NULL, NULL, NULL, '2025-01-17 15:42:17', '2025-01-17 15:42:17'),
(135, 4, 38, NULL, NULL, 0, -1, 0, NULL, NULL, NULL, '2025-01-17 15:43:18', '2025-01-17 15:43:18'),
(136, 4, 59, NULL, NULL, 0, -1, 0, NULL, NULL, NULL, '2025-01-18 00:28:04', '2025-01-18 00:28:04'),
(137, 4, 59, NULL, NULL, 0, -1, 0, NULL, NULL, NULL, '2025-01-18 00:30:10', '2025-01-18 00:30:10'),
(138, NULL, 84, NULL, NULL, 0, -1, 0, NULL, NULL, NULL, '2025-02-01 15:24:03', '2025-02-01 15:24:03'),
(139, NULL, 84, NULL, NULL, 0, -1, 0, NULL, NULL, NULL, '2025-02-01 15:27:55', '2025-02-01 15:27:55'),
(140, NULL, 84, NULL, NULL, 0, -1, 0, NULL, NULL, NULL, '2025-02-01 15:30:18', '2025-02-01 15:30:18'),
(141, NULL, 194, NULL, NULL, 0, -1, 0, NULL, NULL, NULL, '2025-02-01 23:30:19', '2025-02-01 23:30:19');

-- --------------------------------------------------------

--
-- Table structure for table `promotion_ritual`
--

CREATE TABLE `promotion_ritual` (
  `id` int(11) NOT NULL,
  `ritual_id` int(11) DEFAULT NULL,
  `promotion_id` int(11) DEFAULT NULL
) ENGINE=MyISAM DEFAULT CHARSET=utf8mb3 COLLATE=utf8mb3_persian_ci;

--
-- Dumping data for table `promotion_ritual`
--

INSERT INTO `promotion_ritual` (`id`, `ritual_id`, `promotion_id`) VALUES
(1, 1, 1),
(2, 2, 1),
(3, 4, 1),
(4, 5, 1),
(5, 1, 2),
(6, 2, 2),
(7, 3, 2),
(8, 4, 2),
(9, 6, 2),
(10, 1, 3),
(11, 2, 3),
(12, 3, 3),
(13, 4, 3),
(14, 6, 3),
(15, 4, 4),
(16, 5, 4),
(17, 2, 4),
(18, 1, 4),
(19, 6, 4),
(20, 1, 5),
(21, 2, 5),
(22, 3, 5),
(23, 4, 5),
(24, 6, 5);

-- --------------------------------------------------------

--
-- Table structure for table `rituals`
--

CREATE TABLE `rituals` (
  `id` bigint(20) UNSIGNED NOT NULL,
  `title` varchar(255) DEFAULT NULL,
  `color` varchar(100) DEFAULT NULL,
  `status_id` int(1) DEFAULT 1,
  `deleted_at` timestamp NULL DEFAULT NULL,
  `created_at` timestamp NULL DEFAULT NULL,
  `updated_at` timestamp NULL DEFAULT NULL
) ENGINE=MyISAM DEFAULT CHARSET=utf8mb4 COLLATE=utf8mb4_unicode_ci;

--
-- Dumping data for table `rituals`
--

INSERT INTO `rituals` (`id`, `title`, `color`, `status_id`, `deleted_at`, `created_at`, `updated_at`) VALUES
(1, 'ููฺฉุจ ุฎุงุจุงู', '#FF6347', 1, NULL, NULL, NULL),
(2, 'ููฺฉุจ ุฎุงูฺฏ', '#8A2BE2', 1, NULL, NULL, NULL),
(3, 'ฺฉุงุฑูุงู ุดุงุฏ', '#00CED1', 1, NULL, NULL, NULL),
(4, 'ุงุทุนุงู', '#FF4500', 1, NULL, NULL, NULL),
(5, 'ุฏุณุชู ุนุฒุงุฏุงุฑ', '#32CD32', 1, NULL, NULL, NULL),
(6, 'ุชุฒู ุฎุงุจุงู ู ูุญูู', '#FFD700', 1, NULL, NULL, NULL);

-- --------------------------------------------------------

--
-- Table structure for table `ritual_reports`
--

CREATE TABLE `ritual_reports` (
  `id` bigint(20) UNSIGNED NOT NULL,
  `ritual_id` int(11) DEFAULT NULL,
  `year` varchar(6) DEFAULT NULL COMMENT 'ุณุงู',
  `promotion_report_id` int(11) DEFAULT NULL,
  `promotion_id` int(11) DEFAULT NULL,
  `promoter_id` int(11) DEFAULT NULL,
  `description` text DEFAULT NULL,
  `city_id` int(11) DEFAULT NULL,
  `place_name` varchar(255) DEFAULT NULL,
  `province_id` int(11) DEFAULT NULL,
  `city` varchar(255) DEFAULT NULL,
  `village` varchar(255) DEFAULT NULL,
  `status_id` int(1) DEFAULT 1,
  `deleted_at` timestamp NULL DEFAULT NULL,
  `created_at` timestamp NULL DEFAULT NULL ON UPDATE current_timestamp(),
  `updated_at` timestamp NULL DEFAULT NULL ON UPDATE current_timestamp()
) ENGINE=MyISAM DEFAULT CHARSET=utf8mb4 COLLATE=utf8mb4_unicode_ci;

--
-- Dumping data for table `ritual_reports`
--

INSERT INTO `ritual_reports` (`id`, `ritual_id`, `year`, `promotion_report_id`, `promotion_id`, `promoter_id`, `description`, `city_id`, `place_name`, `province_id`, `city`, `village`, `status_id`, `deleted_at`, `created_at`, `updated_at`) VALUES
(2, NULL, '1403', 10, 2, 6, 'ูุฌูู ุฌุฏุฏ', 304, 'ฺฉุงุฑูุงููุง', 5, 'ุดูุฑ ูู', 'ุฑูุณุชุง ุฌุฏุฏ', 1, '2025-01-05 09:54:39', '2025-01-05 13:24:39', '2025-01-05 09:54:39'),
(23, NULL, '1403', 83, 4, 64, NULL, 424, 'ุงุทุฑุงู ูุณุฌุฏ', 27, 'ูฺฉุง', 'ุฏููุงููู', 1, NULL, NULL, NULL),
(22, NULL, '1403', 83, 4, 64, NULL, 424, 'ูุณุฌุฏ', 27, 'ูฺฉุง', 'ุฏููุงููู', 1, NULL, NULL, NULL),
(21, NULL, '1403', 83, 4, 64, NULL, 424, 'ููุฒู', 27, 'ูฺฉุง', 'ุฏููุงููู', 1, NULL, NULL, NULL),
(6, NULL, '1403', 71, 4, 46, 'ูพุฎุช ุบุฐุง ุฏุฑ ุฎุงุจุงู ุจุฑุง ุนุฒุงุฏุงุฑุงู ุญุถุฑุช ูุงุทูู ุฏุฑ ุฎุง ุจุงู ูุงุฆู ูุดูุฏ ุงู ููู ฺฏุฑูู . ุนู ูุฒุฏฺฉ 30ูุณุฌุฏ ูุฑ ูุณุฌุฏ ู ุฏฺฏ  ูุฌุฒุง ุจุง ููฺฉุงุฑ ูุงุช ุงููุง ูุณุฌุฏ', 396, 'ฺฉูุงุฑ ุฎุง ุจุงู', 11, 'ูุดูุฏ', 'ุณุฏ ุฎุง ุจุงู ูุงุฆู 30', 1, NULL, NULL, NULL),
(11, NULL, '1403', 73, 4, 66, 'ูพุฐุฑุง ุขุด ุจุงููฺฉุงุฑ ฺฉ ุงุฒุฎุงููุงุฏู ูุงุจุฑุง ฒฐฐููุฑุงูุฌุงู ุดุฏ', 13, 'ูุฏุฑุณู', 24, 'ุงูุจุงุฑููู', 'ฺฏูฺฉ ุชูพู ฑ', 1, NULL, NULL, NULL),
(12, NULL, '1403', 73, 4, 66, 'ุชุฒู ูุฏุฑุณูุุจุฑฺฏุฒุงุฑ ููุงุดฺฏุงู ุงุณ ูุจู ูููุงุดฺฏุงู ุญุฌุงุจ ุุฏุฑูุฏุฑุณู ูุฎุชูุท ุฏุฎุชุฑููพุณุฑููู ุงูู ุณูุช ูุงูู ุชุดุน ูุณุชูุฏูุญูู ุงูุณ ุจุงูุฑุงู', 13, 'ูุฏุฑุณู', 24, 'ุงูุจุงุฑููู', 'ฺฏูฺฉ ุชูพู ฑ', 1, NULL, NULL, NULL),
(49, NULL, '1403', 84, 4, 80, NULL, 342, 'ูุณุฌุฏ', 24, 'ฺฉูุงูู', 'ูุญุฏุช', 1, NULL, NULL, NULL),
(48, NULL, '1403', 84, 4, 80, NULL, 342, 'ูุณุฌุฏ', 24, 'ฺฉูุงูู', 'ูุญุฏุช', 1, NULL, NULL, NULL),
(54, NULL, '1403', 85, 4, 82, NULL, 338, 'ุงูุงู ุฒุงุฏู ุณุฏ ูุญูุฏ', 21, 'ฺฉุฑูุงู', NULL, 1, NULL, NULL, NULL),
(42, NULL, '1403', 90, 4, 78, 'ุงุทุนุงูุ ฺฉุงุฑูุงู ุดุงุฏ ููฺฉุจ ุฎุงุจุงู', 423, 'ฺฏุฑูู ุจุงููุงู ุฑุงุญู', 2, NULL, NULL, 1, NULL, NULL, NULL),
(46, NULL, '1403', 103, 4, 103, 'ุฏ  ุฑูุฒ ุดูุงุฏุช ุจุงูู ุฏู ุนุงูู ุญุถุฑุช ูุงุทูู ุฒูุฑุง ุณูุงู ุงููู ุนููุง ุฏุณุชู ุนุฒุงุฏุงุฑ ุฏุฑ ุณุทุญ ุดูุฑ  ูุนุงูุช ุฎูุจ ุฏุงุดุชู ุงุณุช', 417, 'ุฎุงุจุงู ุงุตู ุดูุฑ', 24, 'ูููุฏุดุช', 'ูููุฏุดุช', 1, NULL, NULL, NULL),
(45, NULL, '1403', 103, 4, 103, 'ด ุงุณุชฺฏุงู ุตููุงุช ุจู ูุฏุช ฺูุงุฑ ุฑูุฒ ุฏุฑ ุณุทุญ ุดูุฑุจุฑฺฏุฒุงุฑ ฺฏุฑุฏุฏ', 417, 'ูพุงุฑฺฉ ุดูุฑ', 24, 'ูููุฏุดุช', 'ูููุฏุดุช', 1, NULL, NULL, NULL),
(44, NULL, '1403', 103, 4, 103, 'ุฏุณุชู ุนุฒุงุฏุงุฑ ุฏ ุฑ ุบุฑูุจ ุฑูุฒ ุดูุงุฏุช ุฑุฑฺฏุฒุงุฑ ฺฏุฑุฏุฏ', 358, 'ุฎุงุจุงู ุงุตู', 24, 'ฺฏุงูฺฉุด', 'ฺฏุงูฺฉุด', 1, NULL, NULL, NULL),
(43, NULL, '1403', 103, 4, 103, 'ุงุทุนุงู ุฏุฑ ุดุจ ุดูุงุฏุช ู ุฑูุฒ ุดูุงุฏุช ุจุงูู ุฏู ุนุงูู ุญุถุฑุช ูุงุทูู ุฒูุฑุง ุณูุงู ุงููู ุนููุง ุฏุฑ ุฎุฏูุช ููููู ุจูุฏู', 417, 'ูุณุฌุฏ ุตุงุญุจ ุงูุฒูุงู', 24, 'ูููุฏุดุช', 'ูููุฏุดุช', 1, NULL, NULL, NULL),
(47, NULL, '1403', 107, 4, 29, NULL, 106, 'ุฎุงูู', 8, 'ูพุงุฑฺูู', NULL, 1, NULL, NULL, NULL),
(55, NULL, '1403', 117, 4, 134, 'ููฺฉุจ ุฎุงุจุงู ููุฑุงู ุจุง ุณุฎูุฑุงู ู ูุฏุงุญ ู ูพุฐุฑุง ฺฉู ณตฐ ุงู ดฐฐ ุตูุฏู ูพุฑ ุดุฏ', 157, 'ฺูุงุฑ ุฑุงู ุทุจ ููุงุจู ูุณุฌุฏ ุดูุฏ ุขุช ุงููู ูุฏู', 26, 'ุฎุฑู ุขุจุงุฏ', 'ูุฏุงุดุช', 1, NULL, NULL, NULL),
(53, NULL, '1403', 85, 4, 82, NULL, 338, 'ูุฏุงู ุนู ุจู ุงุจ ุทุงูุจ ุนูู ุงูุณูุงู', 21, 'ฺฉุฑูุงู', NULL, 1, NULL, NULL, NULL);

-- --------------------------------------------------------

--
-- Table structure for table `supports`
--

CREATE TABLE `supports` (
  `id` int(11) UNSIGNED NOT NULL,
  `title` varchar(255) DEFAULT NULL,
  `pack_items` varchar(255) DEFAULT NULL COMMENT 'ุงููุงู ุจุณุชู / ุงฺฏุฑ ุจุณุชู ุจุงุดุฏ',
  `amount` varchar(255) DEFAULT NULL COMMENT 'ูุจูุบ / ุงฺฏุฑ ูุงู ุจุงุดุฏ',
  `type_id` int(11) DEFAULT NULL COMMENT 'ููุน ุญูุงุช',
  `promotion_id` int(11) DEFAULT NULL,
  `description` text DEFAULT NULL,
  `creator_id` int(11) DEFAULT NULL,
  `editor_id` int(11) DEFAULT NULL,
  `status_id` int(1) DEFAULT 1,
  `deleted_at` timestamp NULL DEFAULT NULL,
  `created_at` timestamp NULL DEFAULT NULL,
  `updated_at` timestamp NULL DEFAULT NULL
) ENGINE=MyISAM DEFAULT CHARSET=utf8mb4 COLLATE=utf8mb4_unicode_ci;

--
-- Dumping data for table `supports`
--

INSERT INTO `supports` (`id`, `title`, `pack_items`, `amount`, `type_id`, `promotion_id`, `description`, `creator_id`, `editor_id`, `status_id`, `deleted_at`, `created_at`, `updated_at`) VALUES
(1, NULL, 'ฺฉุชุงุจ\nุจุฑูุดูุฑ', NULL, 1, 1, 'ุจู ุถูุฑุช ูพุณุช ุงุฑุณุงู ุดุฏ', NULL, NULL, 1, NULL, '2024-12-11 08:53:05', '2024-12-11 08:53:05'),
(2, NULL, NULL, '500000 ุชููุงู', 2, 3, 'ุฒุฐุฒุฐุฒ', NULL, NULL, 1, NULL, '2024-12-11 09:45:39', '2024-12-11 09:45:39'),
(3, NULL, 'vdbvdbd', NULL, 1, 2, 'v svs', NULL, NULL, 1, NULL, '2024-12-12 03:48:23', '2024-12-12 03:48:23'),
(4, NULL, NULL, NULL, 2, 2, 'e34e4er', NULL, NULL, 1, NULL, '2024-12-12 04:47:29', '2024-12-12 04:47:29'),
(5, NULL, NULL, '200000', 2, 4, 'ุนูููุน', NULL, NULL, 1, NULL, '2024-12-14 09:03:54', '2024-12-14 09:03:54');

-- --------------------------------------------------------

--
-- Table structure for table `support_types`
--

CREATE TABLE `support_types` (
  `id` bigint(20) UNSIGNED NOT NULL,
  `title` varchar(255) NOT NULL,
  `status_id` int(1) NOT NULL DEFAULT 1,
  `deleted_at` timestamp NULL DEFAULT NULL,
  `created_at` timestamp NULL DEFAULT NULL,
  `updated_at` timestamp NULL DEFAULT NULL
) ENGINE=MyISAM DEFAULT CHARSET=utf8mb4 COLLATE=utf8mb4_unicode_ci;

--
-- Dumping data for table `support_types`
--

INSERT INTO `support_types` (`id`, `title`, `status_id`, `deleted_at`, `created_at`, `updated_at`) VALUES
(1, 'ุจุณุชู ูุฑููฺฏ', 1, NULL, NULL, NULL),
(2, 'ุญูุงุช ูุงู', 1, NULL, NULL, NULL),
(3, 'ุณุงุฑ', 1, NULL, NULL, NULL);

-- --------------------------------------------------------

--
-- Table structure for table `support_users`
--

CREATE TABLE `support_users` (
  `id` int(11) NOT NULL,
  `promoter_id` int(11) DEFAULT NULL,
  `support_id` int(11) DEFAULT NULL,
  `deleted_at` timestamp NULL DEFAULT NULL,
  `created_at` timestamp NULL DEFAULT NULL ON UPDATE current_timestamp(),
  `updated_at` timestamp NULL DEFAULT NULL ON UPDATE current_timestamp()
) ENGINE=MyISAM DEFAULT CHARSET=utf8mb3 COLLATE=utf8mb3_persian_ci;

--
-- Dumping data for table `support_users`
--

INSERT INTO `support_users` (`id`, `promoter_id`, `support_id`, `deleted_at`, `created_at`, `updated_at`) VALUES
(1, 3, 1, NULL, NULL, NULL),
(2, 4, 1, NULL, NULL, NULL),
(3, 5, 1, NULL, NULL, NULL),
(4, 7, 1, NULL, NULL, NULL),
(5, 3, 2, NULL, NULL, NULL),
(6, 5, 2, NULL, NULL, NULL),
(7, 4, 4, NULL, NULL, NULL),
(8, 5, 4, NULL, NULL, NULL),
(13, 7, 5, NULL, NULL, NULL),
(12, 6, 5, NULL, NULL, NULL),
(14, 8, 5, NULL, NULL, NULL);

-- --------------------------------------------------------

--
-- Table structure for table `tickets`
--

CREATE TABLE `tickets` (
  `id` bigint(20) UNSIGNED NOT NULL,
  `title` varchar(255) DEFAULT NULL COMMENT 'ุนููุงู',
  `user_id` int(11) DEFAULT NULL COMMENT 'ุดูุงุณู ฺฉุงุฑุจุฑ ุงุฑุณุงู ฺฉููุฏู',
  `subject_id` int(11) DEFAULT NULL COMMENT 'ุดูุงุณู ููุถูุน',
  `priority_status_id` int(11) NOT NULL DEFAULT 0 COMMENT 'ุดูุงุณู ูุถุนุช ุงูููุช ุจุฑุฑุณ ุชฺฉุชุ ุงุฒ ุฌุฏูู ูุถุนุช ูุง',
  `reply_status_id` int(11) NOT NULL DEFAULT 0 COMMENT 'ุดูุงุณู ูุถุนุช ูพุงุณุฎ ุชฺฉุชุ ุงุฒ ุฌุฏูู ูุถุนุช ูุง',
  `score` int(11) DEFAULT NULL COMMENT 'ุงูุชุงุฒ ฺฉุงุฑุจุฑ ุฏุฑ ูุฑูุฏ ูพุงุณุฎ ุจู ุชฺฉุช',
  `lang` varchar(2) NOT NULL DEFAULT 'fa' COMMENT 'ุฒุจุงู',
  `status_id` int(11) NOT NULL DEFAULT 1 COMMENT 'ุดูุงุณู ูุถุนุช ูุนุงู/ุบุฑ ูุนุงู',
  `deleted_at` timestamp NULL DEFAULT NULL,
  `created_at` timestamp NULL DEFAULT NULL,
  `updated_at` timestamp NULL DEFAULT NULL
) ENGINE=InnoDB DEFAULT CHARSET=utf8mb4 COLLATE=utf8mb4_unicode_ci;

--
-- Dumping data for table `tickets`
--

INSERT INTO `tickets` (`id`, `title`, `user_id`, `subject_id`, `priority_status_id`, `reply_status_id`, `score`, `lang`, `status_id`, `deleted_at`, `created_at`, `updated_at`) VALUES
(1, 'ูุงุทูู', 8, 2, 2, 3, NULL, 'fa', 1, NULL, '2024-12-11 08:11:01', '2025-01-05 11:13:44'),
(2, 'ูุดฺฉู ุซุจุช ูุงู ุฏุง ุฑู', 7, 2, 3, 3, NULL, 'fa', 1, NULL, '2024-12-11 08:29:41', '2024-12-11 08:31:21'),
(3, 'ุจุณุชู ูุฑููฺฏ', 3, 2, 3, 3, 5, 'fa', 1, NULL, '2024-12-11 09:33:12', '2024-12-11 09:34:41'),
(4, 'ูุฑุงุด', 5, 1, 3, 3, 5, 'fa', 1, NULL, '2024-12-15 10:50:07', '2024-12-15 15:30:01'),
(5, 'ุจุฑุฑุณ ุชฺฉุช', 6, 1, 2, 3, NULL, 'fa', 1, NULL, '2024-12-15 15:54:39', '2025-01-05 11:11:38'),
(6, 'ุจุฑฺฏุฒุงุฑ ุงุฑุฏู ุฒุงุฑุช', 55, 2, 3, 3, NULL, 'fa', 1, NULL, '2024-12-22 15:50:53', '2025-01-05 11:09:18'),
(7, 'ูุดฺฉู ุณุงูุงูู', 61, 1, 3, 3, NULL, 'fa', 1, NULL, '2024-12-25 08:57:02', '2025-01-05 11:10:09'),
(8, 'ูุณุงุนุฏุช ูุฏุงุช ูุฑููฺฏ ูุนุชฺฉูู ููุฌูุงู ู ุฌูุงู ู ุจุฒุฑฺฏุณุงู ุจุง ุงูููุช ุตุญูู ุณุฌุงุฏู', 89, 2, 3, 0, NULL, 'fa', 1, NULL, '2025-01-07 15:49:07', '2025-01-07 15:49:07'),
(9, 'ฺฉุชุงุจ ุจูุฑุณุชู', 17, 2, 2, 0, NULL, 'fa', 1, NULL, '2025-02-01 04:32:22', '2025-02-01 04:32:22'),
(10, 'ููู ุดุนุจุงู', 193, 2, 3, 0, NULL, 'fa', 1, NULL, '2025-02-01 19:06:48', '2025-02-01 19:06:48');

-- --------------------------------------------------------

--
-- Table structure for table `ticket_items`
--

CREATE TABLE `ticket_items` (
  `id` bigint(20) UNSIGNED NOT NULL,
  `user_id` int(11) DEFAULT NULL COMMENT 'ุดูุงุณู ฺฉุงุฑุจุฑ ุงุฑุณุงู ฺฉููุฏู',
  `ticket_id` int(11) DEFAULT NULL COMMENT 'ุดูุงุณู ุชฺฉุช',
  `text` text DEFAULT NULL COMMENT 'ูุชู ุชฺฉุช',
  `media` varchar(255) DEFAULT NULL COMMENT 'ูุงู ูุง ูุฏุง',
  `status_id` int(11) NOT NULL DEFAULT 1 COMMENT 'ุดูุงุณู ูุถุนุช ูุนุงู/ุบุฑ ูุนุงู',
  `deleted_at` timestamp NULL DEFAULT NULL,
  `created_at` timestamp NULL DEFAULT NULL,
  `updated_at` timestamp NULL DEFAULT NULL
) ENGINE=InnoDB DEFAULT CHARSET=utf8mb4 COLLATE=utf8mb4_unicode_ci;

--
-- Dumping data for table `ticket_items`
--

INSERT INTO `ticket_items` (`id`, `user_id`, `ticket_id`, `text`, `media`, `status_id`, `deleted_at`, `created_at`, `updated_at`) VALUES
(1, 8, 1, 'ูุฑ ฺู ูพุด ุขุฏ ุฎูุด ุขุฏ', NULL, 1, NULL, '2024-12-11 08:11:01', '2024-12-11 08:11:01'),
(2, 7, 2, 'ููู ุงุณุช', 'image88331733918379.jpg###', 1, NULL, '2024-12-11 08:29:41', '2024-12-11 08:29:41'),
(3, 1, 2, 'ุญูู ุดุฏู ูุฌุฏุฏ ฺฺฉ ฺฉูุฏ', NULL, 1, NULL, '2024-12-11 08:30:53', '2024-12-11 08:30:53'),
(4, 3, 3, 'ุณูุงู\nูุฑุงุฑ ุจูุฏ ุจุณุชู ุจูุฑุณุชุฏ ูููุฒ ุฐุฏุฑุณุฑูุณฺฏุฎ', NULL, 1, NULL, '2024-12-11 09:33:12', '2024-12-11 09:33:12'),
(5, 1, 3, 'ุฏุงูฺฉ ุฆ ุฏุฆุฐุฌุฏุฐุณุฎุฌุฐุณ', NULL, 1, NULL, '2024-12-11 09:33:50', '2024-12-11 09:33:50'),
(6, 3, 3, 'ุฒุฐุฏุฒุฏ', NULL, 1, NULL, '2024-12-11 09:34:20', '2024-12-11 09:34:20'),
(7, 5, 4, 'ุจู ุฌุง ฺฉููู ูุจูุงฺฏ ุงุทูุงุนู ุจุงุดุฏ \nุจู ุฌุง ฺฉููู ุชฺฉุช ุ ุฏุฑุฎูุงุณุช ุจุงุดุฏ', NULL, 1, NULL, '2024-12-15 10:50:07', '2024-12-15 10:50:07'),
(8, 6, 5, 'ุงู ูุชู ุจุฑุง ุชุณุช ุจุฑุฑุณ ุฏุฑุฎูุงุณุช ูู ุซุจุช ูุดูุฏ :)', NULL, 1, NULL, '2024-12-15 15:54:39', '2024-12-15 15:54:39'),
(9, 1, 5, 'ุดูุง ุจุงุฏ ููฺฉุงุฑ ุฏุงุดุชู ุจุงุดุฏ ุฌูุช ุจุฑุฑุณ ุชุณุช', NULL, 1, NULL, '2024-12-15 15:56:16', '2024-12-15 15:56:16'),
(10, 6, 5, 'ุชุดฺฉุฑ ุงุฒ ูพฺฏุฑ ุดูุง', NULL, 1, NULL, '2024-12-15 16:13:05', '2024-12-15 16:13:05'),
(11, 55, 6, 'ุฏุฑุฎูุงุณุช ฺฉูฺฉ ุฏุฑ ุจุฑฺฏุฒุงุฑ ุงุฑุฏู ุฒุงุฑุช ูุดูุฏ ููุฏุณ ุง ูู ู ุฌูฺฉุฑุงู ุจุฑุง ููุฌูุงูุงู ู ุฌูุงูุงู ูุญูุงุช ฺฉู ุจุฑุฎูุฑุฏุงุฑ ุฑุดุช', NULL, 1, NULL, '2024-12-22 15:50:53', '2024-12-22 15:50:53'),
(12, 61, 7, 'ุฐุฐ', NULL, 1, NULL, '2024-12-25 08:57:02', '2024-12-25 08:57:02'),
(13, 11, 1, 'ุงู ุดุงุงููู', NULL, 1, NULL, '2025-01-05 11:12:30', '2025-01-05 11:12:30'),
(14, 11, 1, 'ุชูุงู', NULL, 1, NULL, '2025-01-05 11:13:35', '2025-01-05 11:13:35'),
(15, 89, 8, 'ุถูู ุนุฑุถ ุณูุงู ู ุงุญุชุฑุงู ูุญุถุฑ ุณุฑูุฑุงู ูุนุฒุฒ ุจุงุชูุฌู ุจู ุญุณุงุณุช ููุทูู ุชุจูุบ ู ููุฌูุงุฑ ุจุง ุงุณุชุงู ฺฏูุณุชุงู ู ุชุฑุฏุฏ ุจุด ุงุฒ ุญุฏ ูุงุญุชุงุฌ ุจู ุดูุฑุณุชุงู ูุง ุชููู ุงุณุชุงู ูุง ูู ุฌูุงุฑ ู ุงุญุชูุงู ุชุงุซุฑ ูพุฐุฑ ูุจุงุญุซ ุงุนุชูุงุฏ ู ... ูุฒูู ูุณุงุนุฏุช ูุถุงุนู ูฺฏุฑุฏุฏ', NULL, 1, NULL, '2025-01-07 15:49:07', '2025-01-07 15:49:07'),
(16, 17, 9, 'ูพุฑฺู ฺฉุชุงุจ ุฌูุงุฒ ุจูุฑุณุชุฏ', NULL, 1, NULL, '2025-02-01 04:32:22', '2025-02-01 04:32:22'),
(17, 193, 10, 'ุณูุงู ุนูฺฉู \nุฏุฑ ููู ุดุนุจุงู ุฏุฑ ุดูุฑ  ุจุฑูุงูู ุฌุดู ฺฉูููุชุฑ ุฏุงุฑู ู ููฺูู ุงุนุฒุงู ุจุด ุงุฒ ณฐ ูุจูุบ ุจู ุฑูุณุชุงูุง ูุงูุฏ ุฑูุญุงู ููุญุฑูู ูุงุฒ ุจู ูพุดุชุจุงู ูุงู ู ูุฑููฺฏ ุฏุงุฑู', NULL, 1, NULL, '2025-02-01 19:06:48', '2025-02-01 19:06:48');

-- --------------------------------------------------------

--
-- Table structure for table `ticket_subjects`
--

CREATE TABLE `ticket_subjects` (
  `id` bigint(20) UNSIGNED NOT NULL,
  `title_fa` varchar(200) DEFAULT NULL COMMENT 'ุนููุงู',
  `creator_id` int(11) DEFAULT NULL COMMENT 'ุดูุงุณู ฺฉุงุฑุจุฑ ุซุจุช ฺฉููุฏู',
  `editor_id` int(11) DEFAULT NULL COMMENT 'ุดูุงุณู ฺฉุงุฑุจุฑ ูุฑุงุด ฺฉููุฏู',
  `count_ticket` int(11) NOT NULL DEFAULT 0 COMMENT 'ุชุนุฏุงุฏ ุชฺฉุช ูุง',
  `count_ticket_awaiting` int(11) NOT NULL DEFAULT 0 COMMENT 'ุชุนุฏุงุฏ ุชฺฉุช ูุง ฺฉู ูุถุนุช ุฏุฑุงูุชุธุงุฑ ูพุงุณุฎ ุฏุงุฑูุฏ',
  `count_ticket_checking` int(11) NOT NULL DEFAULT 0 COMMENT 'ุชุนุฏุงุฏ ุชฺฉุช ูุง ฺฉู ูุถุนุช ุฏุฑุญุงู ุจุฑุฑุณ ุฏุงุฑูุฏ',
  `count_ticket_answered` int(11) NOT NULL DEFAULT 0 COMMENT 'ุชุนุฏุงุฏ ุชฺฉุช ูุง ฺฉู ูุถุนุช ูพุงุณุฎ ุฏุงุฏู ุดุฏู ุฏุงุฑูุฏ',
  `count_ticket_closed` int(11) NOT NULL DEFAULT 0 COMMENT 'ุชุนุฏุงุฏ ุชฺฉุช ูุง ฺฉู ูุถุนุช ุจุณุชู ุดุฏู ุฏุงุฑูุฏ',
  `status_id` int(11) NOT NULL DEFAULT 1 COMMENT 'ุดูุงุณู ูุถุนุช ูุนุงู/ุบุฑ ูุนุงู',
  `deleted_at` timestamp NULL DEFAULT NULL,
  `created_at` timestamp NULL DEFAULT NULL,
  `updated_at` timestamp NULL DEFAULT NULL
) ENGINE=InnoDB DEFAULT CHARSET=utf8mb4 COLLATE=utf8mb4_unicode_ci;

--
-- Dumping data for table `ticket_subjects`
--

INSERT INTO `ticket_subjects` (`id`, `title_fa`, `creator_id`, `editor_id`, `count_ticket`, `count_ticket_awaiting`, `count_ticket_checking`, `count_ticket_answered`, `count_ticket_closed`, `status_id`, `deleted_at`, `created_at`, `updated_at`) VALUES
(1, 'ูพุดุชุจุงู ูู', 1, NULL, 3, 0, 0, 0, 3, 1, NULL, '2024-11-30 11:34:55', '2024-11-30 11:34:55'),
(2, 'ูพุดุชุจุงู ู ุขูุงุฏ ูุฑููฺฏ', 1, NULL, 7, 3, 0, 0, 3, 1, NULL, '2024-11-30 11:35:12', '2024-11-30 11:35:12'),
(3, 'ูพุดุชุจุงู ููุงุฑุช', 1, NULL, 0, 0, 0, 0, 0, 0, NULL, '2024-11-30 11:35:27', '2024-11-30 11:35:27');

-- --------------------------------------------------------

--
-- Table structure for table `tribunes`
--

CREATE TABLE `tribunes` (
  `id` bigint(20) UNSIGNED NOT NULL,
  `subject` varchar(255) DEFAULT NULL,
  `promotion_report_id` int(11) DEFAULT NULL,
  `promoter_id` int(11) DEFAULT NULL,
  `promotion_id` int(11) DEFAULT NULL,
  `year` varchar(4) DEFAULT NULL,
  `duration` varchar(10) DEFAULT NULL,
  `audiencetype_id` int(11) DEFAULT NULL,
  `people_count` int(11) DEFAULT NULL,
  `place_name` varchar(255) DEFAULT NULL,
  `city_id` int(11) DEFAULT NULL,
  `province_id` int(11) DEFAULT NULL,
  `city` varchar(255) DEFAULT NULL,
  `village` varchar(255) DEFAULT NULL,
  `status_id` int(1) DEFAULT 1,
  `deleted_at` timestamp NULL DEFAULT NULL,
  `created_at` timestamp NULL DEFAULT NULL ON UPDATE current_timestamp(),
  `updated_at` timestamp NULL DEFAULT NULL ON UPDATE current_timestamp()
) ENGINE=MyISAM DEFAULT CHARSET=utf8mb4 COLLATE=utf8mb4_unicode_ci;

--
-- Dumping data for table `tribunes`
--

INSERT INTO `tribunes` (`id`, `subject`, `promotion_report_id`, `promoter_id`, `promotion_id`, `year`, `duration`, `audiencetype_id`, `people_count`, `place_name`, `city_id`, `province_id`, `city`, `village`, `status_id`, `deleted_at`, `created_at`, `updated_at`) VALUES
(1, 'ูุงุทูู', 4, 4, 1, '1403', '45', 1, 150, 'ุญุณูู', 99, 10, 'ุจุฑุฌูุฏ', NULL, 1, '2024-12-09 12:12:17', '2024-12-09 15:42:17', '2024-12-09 12:12:17'),
(3, 'ุชุณุช ููุจุฑ', 10, 6, 2, '1403', '43', 3, 45, 'ุชุณุช ูฺฉุงู', 21, 4, 'ุงุฑุฏุณุชุงู', 'ุงุฑุฏุณุชุงู ุฑูุณุชุง', 1, '2025-01-05 09:54:39', '2025-01-05 13:24:39', '2025-01-05 09:54:39'),
(10, 'ูุงุทูู', 31, 7, 4, '1403', '50', 1, 29, 'ูุณุฌุฏ', 18, 14, 'ุงุจูุฑ', NULL, 1, NULL, NULL, NULL),
(31, 'ููุจุฑ ฺฉุชุงุจ ูุงุทูู ุจุฑุชุฑู ุจุงูู ูุณุช', 36, 15, 4, '1403', '40', 1, 100, 'ูุณุฌุฏ', 125, 30, 'ุดูุฑ', NULL, 1, NULL, NULL, NULL),
(17, 'ุญุถุฑุช ุฒูุฑุง', 42, 27, 4, '1403', '45', 1, 50, 'ูุณุฌุฏ ู ุญุณูู', 378, 4, 'ุจุงุบุจูุงุฏุฑุงู', 'ฺฉุฑฺฺฏุงู', 1, NULL, NULL, NULL),
(18, 'ูุงุทูู', 44, 21, 4, '1403', '45', 2, 10, 'ูุณุฌุฏ', 43, 13, 'ฐ', 'ฐ', 1, NULL, NULL, NULL),
(19, NULL, 64, 17, 4, '1403', NULL, NULL, NULL, NULL, 375, 17, NULL, NULL, 1, NULL, NULL, NULL),
(20, 'ูุถุงู ุงุฎูุงู ุญุถุฑุช ุฒูุฑุง ุนููุงุงูุณูุงู', 66, 56, 4, '1403', '1', 1, 50, 'ูุณุฌุฏ ุจูุฉโุงููู', 20, 3, 'ุงุฑุฏุจู', NULL, 1, NULL, NULL, NULL),
(65, NULL, 83, 64, 4, '1403', '30', 1, 50, 'ูุณุฌุฏ ุญุถุฑุช ุงุจูุงููุถู ุน', 424, 27, 'ูฺฉุง', 'ุฑูุณุชุง ุฏููุงููู', 1, NULL, NULL, NULL),
(22, 'ููุด ุญุถุฑุช ุฒูุฑุง ุณูุงู ุงููู ุนููุง ุฏุฑ ุชุฑุจุช ูุฑุฒูุฏุงู', 71, 46, 4, '1403', '45', 3, 300, 'ุญุณูู ููุณุฌุฏ', 396, 11, 'ูุดูุฏ', '......', 1, NULL, NULL, NULL),
(23, 'ููุด ุญุถุฑุช ุฒูุฑุง ุณ ุฏุฑ ุฎุงูู ุฏุงุฑ ู ููฺฉุงุฑ ุจุง ุดููุฑ ู.....', 71, 46, 4, '1403', '50', 1, 500, 'ูุณุฌุฏ', 396, 11, 'ูุดูุฏ', NULL, 1, NULL, NULL, NULL),
(25, 'ุงูฺฏู ูุฑุงุฑุฏุงุฏู ุญุถุฑุชุููุงุช ุูุญุจุช ...ุญุถุฑุช ุฒูุฑุงุุงููุงุจ', 73, 66, 4, '1403', '120', 4, 40, 'ุฒูุจู ููุฏุฑุณู', 13, 24, 'ุงูุจุงุฑุงููู', 'ฺฏูฺฉ ุชูพู ฑ', 1, NULL, NULL, NULL),
(26, 'ุดูุงุฏุช ู ููุงุฏุช ุฎุงูู ูุงุทูู ุฒูุฑุง ุณูุงู ุงููู ุนููุง', 74, 67, 4, '1403', '45', 4, 12, 'ุฎุงูู ูุฑุขู ุงู ุงุจูุง ุณูุงู ุงููู ุนููุง', 44, 21, NULL, 'ุจุงุถ', 1, NULL, NULL, NULL),
(27, 'ุจุฑุชุฑู ุจุงูู', 76, 69, 4, '1403', '180', 1, 200, 'ูุณุฌุฏ ุฌุงูุน ุจุฏฺฉ', 409, 31, 'ููุฑูุฒ', NULL, 1, NULL, NULL, NULL),
(142, 'ุจุฎุดฑดูฑต ฺฉุชุงุจ ูุงุทูู ุจูุชุฑู ุจุงูู ูุณุช-ุฌูุณู ุงูู', 81, 77, 4, '1403', '30', 1, 100, 'ูุณุฌุฏ ุงูููุฏ ุนุฌ ุฒุฏ', 332, 4, 'ฺฉุงุดุงู', NULL, 1, NULL, NULL, NULL),
(141, 'ุจุฎุดฑดูฑต ฺฉุชุงุจ ูุงุทูู ุจูุชุฑู ุจุงูู ูุณุช-ุฌูุณู ุฏูู', 81, 77, 4, '1403', '30', 1, 100, 'ูุณุฌุฏ ุงูููุฏ ุนุฌ ุฒุฏ', 332, 4, 'ฺฉุงุดุงู', NULL, 1, NULL, NULL, NULL),
(140, 'ุจุฎุดฑดูฑต ฺฉุชุงุจ ูุงุทูู ุจูุชุฑู ุจุงูู ูุณุช-ุฌูุณู ุณูู', 81, 77, 4, '1403', '30', 1, 100, 'ูุณุฌุฏ ุงูููุฏ ุนุฌ ุฒุฏ', 332, 4, 'ฺฉุงุดุงู', NULL, 1, NULL, NULL, NULL),
(66, NULL, 83, 64, 4, '1403', '45', 1, 70, 'ูุณุฌุฏ ุฌุงูุน ฺฏุฑุฌ ูุญูู', 96, 27, 'ุจูุดุฑ', 'ฺฏุฑุฌ ูุญูู', 1, NULL, NULL, NULL),
(103, 'ูุงุทูู', 82, 5, 4, '1403', '40', 1, 40, 'ููุฒู ุดุฎุต', 7, 4, NULL, 'ุญุณู ุขุจุงุฏ', 1, NULL, NULL, NULL),
(139, 'ุญุถุฑุช ุตุฏูู ุงูุดูุฏู', 84, 80, 4, '1403', '40', 1, 100, 'ูุณุฌุฏ', 342, 24, 'ฺฉูุงูู', 'ูุญุฏุช', 1, NULL, NULL, NULL),
(138, 'ุญุถุฑุช ุตุฏูู ุงูุดูุฏู', 84, 80, 4, '1403', '40', 1, 90, 'ูุณุฌุฏ', 342, 24, 'ฺฉูุงูู', 'ูุญุฏุช', 1, NULL, NULL, NULL),
(137, 'ุญุถุฑุช ุตุฏูู ุงูุดูุฏู', 84, 80, 4, '1403', '30', 1, 80, 'ูุณุฌุฏ', 342, 24, 'ฺฉูุงูู', 'ูุญุฏุช', 1, NULL, NULL, NULL),
(136, 'ุญุถุฑุช ุตุฏูู ุงูุดูุฏู', 84, 80, 4, '1403', '30', 1, 30, 'ูุณุฌุฏ', 342, 24, 'ฺฉูุงูู', 'ูุญุฏุช', 1, NULL, NULL, NULL),
(119, 'ุณุฑู ุฒูุฏฺฏ ุญุถุฑุช ุฒูุฑุง (ุณ)', 86, 84, 4, '1403', '30', NULL, 50, 'ุดูุฑฺฉ ุฌูุงุฏ ุฌูุงุฏฺฏุฑุงูฑต', 360, 23, 'ุฏูฺฏูุจุฏุงู', NULL, 1, NULL, NULL, NULL),
(120, 'ุงุงู ูุงุทูู ุฏูู', 87, 33, 4, '1403', '90', 3, 25, 'ูุณุฌุฏ ุงูุงู ุฎูู(ุฑู)', 334, 20, 'ฺฉุงูุงุฑุงู', NULL, 1, NULL, NULL, NULL),
(121, NULL, 90, 78, 4, '1403', '50', 4, 60, 'ููุงุฒุฎุงูู ูุฏุฑุณู', 423, 2, 'ููุฏู', NULL, 1, NULL, NULL, NULL),
(122, 'ูุงุทูู', 91, 28, 4, '1403', '90', 4, 75, 'ุฏุจุณุชุงู ุญุฌุงุจ', 281, 9, 'ฺฉุงู', NULL, 1, NULL, NULL, NULL),
(123, 'ููุถูุนุงุช ูุฑุจูุท ุจู ุงุงู ูุงุทูู', 95, 94, 4, '1403', '40', NULL, 100, 'ูุณุฌุฏ ุจุงุจ ุงูุญูุงุฆุฌ', 423, 2, 'ุดูุฑ', NULL, 1, NULL, NULL, NULL),
(124, 'ุณุจฺฉ ุฒูุฏฺฏ ูุงุทู ุจุฑฺฏุฑูุชู ุงุฒฺฉุชุงุจ ูุงุทูู ุจุฑุชุฑู ุจุงูู ูุณุช', 100, 104, 4, '1403', '30', 1, 100, 'ุฑูุถู ุฎุงูฺฏ ....ุฏููุดฺฏุงู ....ุญูุฒู', 233, 27, 'ุณุงุฑ', NULL, 1, NULL, NULL, NULL),
(125, 'ุงุงู ูุงุทูู', 101, 111, 4, '1403', '45', 3, 15, 'ุญุณูู ูุงุทููโ ุงูุฒูุฑุง ุณูุงู ุงููู ุนููุง', 176, 22, 'ฺฉุฑูุฏ', NULL, 1, NULL, NULL, NULL),
(126, 'ุณุฑู ุญุถุฑุช ุฒูุฑุง (ุณูุงู ุงููู ุนููุง', 102, 107, 4, '1403', '60', 1, 150, 'ูุณุฌุฏ ุตุงุญุจ ุงูุฒูุงู', 373, 17, 'ุนูุงุฏ ุดูุฑ', NULL, 1, NULL, NULL, NULL),
(127, 'ูุงุทูู', 107, 29, 4, '1403', '40', 1, 100, 'ูุงุณูู ุงูุงู ุญุณู', 106, 8, 'ูพุงฺฉุฏุดุช', NULL, 1, NULL, NULL, NULL),
(128, 'ุงูุฏุงู ูุฏุฑุณูุง ุญุถุฑุช ุฒูุฑุงุณูุงู ุงููู ุนููุง', 108, 117, 4, '1403', '300', 1, 50, 'ูุณุฌุฏ', 71, 26, 'ุจุฑูุฌุฑุฏ', 'ฺฉูุดฺฉ ุนูุง', 1, NULL, NULL, NULL),
(131, 'ูุงุทูู', 109, 122, 4, '1403', '60', 3, 150, 'ุฒูุจู', 375, 17, 'ุงุดฺฉูุงู', NULL, 1, NULL, NULL, NULL),
(130, 'ูุงุทูู', 109, 122, 4, '1403', '60', 4, 50, 'ุญุณูู ุงูุฒูุฑุง ูุฑฺฉุฒ', 375, 17, 'ุงุดฺฉูุงู', NULL, 1, NULL, NULL, NULL),
(129, 'ูุงุทูู', 109, 122, 4, '1403', '60', 3, 80, 'ูุณุฌุฏ ูุจ ุงฺฉุฑู (ุณ)', 375, 17, 'ุงุดฺฉูุงู', NULL, 1, NULL, NULL, NULL),
(134, 'ุณุจฺฉ ุฒูุฏฺฏ ุนุงู ุงุณูุงู', 110, 88, 4, '1403', '30', 3, 40, 'ุชูุณ', 396, 11, 'ูุดูุฏ', NULL, 1, NULL, NULL, NULL),
(133, 'ุณุจฺฉ ุฒูุฏฺฏ ุนุงู ุงุณูุงู', 110, 88, 4, '1403', '30', 3, 10, 'ุงูุงูู', 396, 11, 'ูุดูุฏ', NULL, 1, NULL, NULL, NULL),
(132, 'ุณุจฺฉ ุฒูุฏฺฏ ุนุงู ุงุณูุงู', 110, 88, 4, '1403', '30', 3, 30, 'ุฎุงุจุงู ุฎูุงุฌู ุฑุจุน.ุดูุฏ ูุฑุจุงู ฑน', 396, 11, 'ูุดูุฏ', NULL, 1, NULL, NULL, NULL),
(135, 'ูุงุทูู ุจุฑุชุฑู ุจุงูู ูุณุช', 111, 57, 4, '1403', '45', 1, 200, 'ูุดูุฏ ุชูุณ ตณ ูุณุฌุฏ ุญุถุฑุช ุฑุณูู ุงฺฉุฑู', 396, 11, 'ูุดูุฏ', NULL, 1, NULL, NULL, NULL),
(157, 'ููุจุฑ', 121, 139, 4, '1403', '1', 3, 50, 'ูุณุฌุฏ ุนุจุงุณู ฺฉูฺูุดฺฉ', 443, 30, 'ููุฏุงู', NULL, 1, NULL, NULL, NULL),
(156, 'ููุจุฑ', 121, 139, 4, '1403', '1', 3, 25, 'ุญุณูู ุงูุงู ุฎูู', 443, 30, 'ููุฏุงู', NULL, 1, NULL, NULL, NULL),
(155, 'ููุจุฑ', 121, 139, 4, '1403', '1', 3, 40, 'ูุฌูุณ ุฎุงูฺฏ', 443, 30, 'ููุฏุงู', NULL, 1, NULL, NULL, NULL),
(154, 'ููุจุฑ', 121, 139, 4, '1403', '2', 5, 30, 'ุฏุงูุดฺฏุงู ุนููู ูพุฒุดฺฉ', 443, 30, 'ููุฏุงู', NULL, 1, NULL, NULL, NULL),
(153, 'ููุจุฑ', 121, 139, 4, '1403', '1', 5, 30, 'ุฏุงูุดฺฏุงู ุนููู ูพุฒุดฺฉ', 443, 30, 'ููุฏุงู', NULL, 1, NULL, NULL, NULL),
(152, 'ููุจุฑ', 121, 139, 4, '1403', '2', 5, 30, 'ุฎูุงุจฺฏุงู ุฑุญุงูู', 443, 30, 'ููุฏุงู', NULL, 1, NULL, NULL, NULL),
(151, 'ููุจุฑ', 121, 139, 4, '1403', '1', 5, 30, 'ุฎูุงุจฺฏุงู ุฑุญุงูู', 443, 30, 'ููุฏุงู', NULL, 1, NULL, NULL, NULL),
(158, 'ููุจุฑ', 121, 139, 4, '1403', '1', 3, 20, 'ุญุณูู ููุง ุฌูู', 443, 30, 'ููุฏุงู', NULL, 1, NULL, NULL, NULL);

-- --------------------------------------------------------

--
-- Table structure for table `users`
--

CREATE TABLE `users` (
  `id` bigint(20) UNSIGNED NOT NULL,
  `mobile` varchar(15) DEFAULT NULL,
  `firstname` varchar(255) DEFAULT NULL,
  `lastname` varchar(255) DEFAULT NULL,
  `role_id` int(11) DEFAULT 2,
  `gender_id` int(11) DEFAULT 1,
  `is_not_citizen` int(1) DEFAULT 0 COMMENT 'ุงุชุจุงุน ูุณุชู',
  `codemeli` varchar(10) DEFAULT NULL,
  `khadamat_code` varchar(30) DEFAULT NULL,
  `tablighat_office_code` varchar(30) DEFAULT NULL,
  `tablighat_organization_code` varchar(30) DEFAULT NULL,
  `ovghaf_code` varchar(30) DEFAULT NULL,
  `bank_account_number` varchar(30) DEFAULT NULL,
  `city_id` int(11) DEFAULT NULL COMMENT 'ุดูุฑุณุชุงู ูุญู ุณฺฉููุช',
  `province_id` int(11) DEFAULT NULL COMMENT 'ุงุณุชุงู ูุญู ุณฺฉููุช',
  `city` varchar(100) DEFAULT NULL COMMENT 'ุดูุฑูุญู ุณฺฉููุช',
  `village` varchar(100) DEFAULT NULL COMMENT 'ุฑูุณุชุง',
  `native_province_id` int(11) DEFAULT NULL COMMENT 'ุงุณุชุงู ุจูู',
  `native_city_id` int(11) DEFAULT NULL COMMENT 'ุดูุฑุณุชุงู ุจูู',
  `address` text DEFAULT NULL,
  `postal_code` varchar(15) DEFAULT NULL,
  `photo` varchar(255) DEFAULT 'avatar.png',
  `education_id` int(11) DEFAULT NULL COMMENT 'ุชุญุตูุงุช',
  `status_id` int(11) DEFAULT -1 COMMENT 'ูุถุนุช ุงฺฉุงูุช ฺฉุงุฑุจุฑ',
  `level_id` varchar(5) DEFAULT NULL COMMENT 'ุฑุชุจู',
  `confirm_code` varchar(100) DEFAULT NULL,
  `confirm_time` varchar(100) DEFAULT NULL,
  `password` varchar(255) DEFAULT NULL,
  `last_login` timestamp NULL DEFAULT NULL,
  `creator_id` int(11) DEFAULT NULL,
  `remember_token` varchar(255) DEFAULT NULL,
  `editor_id` int(11) DEFAULT NULL,
  `has_khadamat_code` int(1) DEFAULT 0,
  `has_tablighat_office_code` int(1) DEFAULT 0,
  `has_tablighat_organization_code` int(1) DEFAULT 0,
  `has_ovghaf_code` int(1) DEFAULT 0,
  `report_count` int(11) DEFAULT 0 COMMENT 'ุชุนุฏุงุฏ ฺฏุฒุงุฑุดูุง',
  `agree_count` int(11) DEFAULT 0 COMMENT 'ุชุนุฏุงุฏ ูุดุงุฑฺฉุชูุง',
  `work_status` int(1) DEFAULT 1 COMMENT 'ูุถุนุช ูุนุงูุช ูุฑููฺฏ',
  `deleted_at` timestamp NULL DEFAULT NULL,
  `created_at` timestamp NULL DEFAULT NULL ON UPDATE current_timestamp(),
  `updated_at` timestamp NULL DEFAULT NULL ON UPDATE current_timestamp()
) ENGINE=MyISAM DEFAULT CHARSET=utf8mb4 COLLATE=utf8mb4_unicode_ci;

--
-- Dumping data for table `users`
--

INSERT INTO `users` (`id`, `mobile`, `firstname`, `lastname`, `role_id`, `gender_id`, `is_not_citizen`, `codemeli`, `khadamat_code`, `tablighat_office_code`, `tablighat_organization_code`, `ovghaf_code`, `bank_account_number`, `city_id`, `province_id`, `city`, `village`, `native_province_id`, `native_city_id`, `address`, `postal_code`, `photo`, `education_id`, `status_id`, `level_id`, `confirm_code`, `confirm_time`, `password`, `last_login`, `creator_id`, `remember_token`, `editor_id`, `has_khadamat_code`, `has_tablighat_office_code`, `has_tablighat_organization_code`, `has_ovghaf_code`, `report_count`, `agree_count`, `work_status`, `deleted_at`, `created_at`, `updated_at`) VALUES
(1, '09191964745', 'ูพุฑุณูู', 'ุบุฏุฑ', 1, 1, 0, NULL, NULL, NULL, NULL, NULL, NULL, NULL, NULL, NULL, NULL, NULL, NULL, NULL, NULL, 'image49351733838074.png', NULL, 1, NULL, '2462', '1734246541', '$2y$12$MF4toQZLv5.DSupBLZ00FOYJdeg3LFnVPSbuJNMF52UNGY07pCOX2', '2025-02-03 13:28:39', NULL, 'RFP6YrMJqjKkpJuUyHR3P9A8zrB8eM7PgGXn0eU4wKs3gXWIcStSJrQCy5Ps', 1, 0, 0, 0, 0, 0, 0, 1, NULL, '2025-02-03 16:58:39', '2025-02-03 13:28:39'),
(2, '09198111102', 'ุตุงุฏู', 'ุดุฑ', 1, 1, 0, NULL, NULL, NULL, NULL, NULL, NULL, NULL, NULL, NULL, NULL, NULL, NULL, NULL, NULL, 'image79261733768422.jpg', NULL, 1, NULL, NULL, NULL, '$2y$12$9l/.qnK2iRrIxvNbRecvguUNI3pV0Abtjxpu6hmjh/PC.ciqzgYf6', '2025-02-03 05:43:49', NULL, NULL, 2, 0, 0, 0, 0, 0, 0, 1, NULL, '2025-02-03 09:13:49', '2025-02-03 05:43:49'),
(3, '09189062676', 'ูุจูุบ', 'ุบุฏุฑ', 2, 1, 0, '4032228035', '434', NULL, '5566', NULL, '0132324234', 36, 2, '434', '434', 1, 31, NULL, '434343434', 'avatar.png', 2, 0, '0', '5121', '1733919257', '$2y$12$SbbHP/kZ6s17SKSiYImeJunolUdAuYxsaBvtn2SlAG0nqTAE/ocwi', '2024-12-22 11:50:20', NULL, 'nLGh1AsIA6OemB5mQOmVLS3szqPWKG3JqQpovohgzYW9sWDWQIaR0gcReyZy', 11, 1, 0, 1, 0, 0, 3, 2, NULL, '2025-01-05 13:36:11', '2025-01-05 10:06:11'),
(4, '09360000000', 'ุงุจูุนู', 'ุชุณุช', 2, 1, 0, '1234567654', '1414', '689', NULL, NULL, '344', 349, 3, 'ฺฉูุซุฑ', NULL, 2, 122, NULL, NULL, 'avatar.png', 1, 0, '0', '6046', '1733729073', '$2y$12$mpLc206u.H5AHC2hHc85X.V/P8N6wDsngiOJHr3pdg.HysRuX5nJS', '2024-12-09 03:53:10', NULL, NULL, 11, 1, 1, 0, 0, 0, 1, 0, NULL, '2025-01-05 13:34:52', '2025-01-05 10:04:52'),
(5, '09196660562', 'ููุฏุงุฏ', 'ุจุฑุงุช', 2, 1, 0, '1260660729', '45736', '22035', NULL, '6373', '0700170000000302808262002', 327, 19, 'ูพุฑุฏุณุงู', NULL, 4, 7, 'ูพุฑุฏุณุงู - ูุฌุงุช ุฎูุงู 4 -ฺฉ ุดููุฏุงู  ุฑูฺฏุฑุฒ- ูุฌุชูุน ูููุฏุณู 1 ุจ 4 ู8', NULL, 'image95111734262109.jpg', 3, 1, '5', '6411', '1733741246', '$2y$12$cH0xJJ73AZMyJnucgOe11eK4X4Ln2cEkpiF0OB8exrF0DxtU38pn6', '2025-02-03 06:51:14', NULL, NULL, 11, 1, 1, 0, 1, 1, 4, 1, NULL, '2025-02-03 10:21:14', '2025-02-03 06:51:14'),
(6, '09198526839', 'ูุฑู', 'ุนุจุงุฏ ุฑุงุฏ', 2, 2, 0, '2134543265', '546457474', NULL, NULL, '4645775757', '126754356', 26, 2, 'ูพุฑุฏุณ', NULL, 10, 99, 'ุชูุฑุงู ูพุฑุฏุณ ูุงุฒ 3 ุจููฺฉ 453 ูพูุงฺฉ 436\n\nุฌูุช ุขุฒูุงุด          ุขุฒูุงุด', '65438754', 'image20751736084046.jpg', 4, 0, '0', '9302', '1733744741', '$2y$12$qsApw3I3RCqw5zE0KexRVOoO4BXOGOzmoVke81dOCVdkAm2i5HViq', '2024-12-16 04:05:32', NULL, NULL, 11, 1, 0, 0, 1, 0, 2, 0, NULL, '2025-01-05 13:34:09', '2025-01-05 10:04:09'),
(7, '09133598905', 'ุณุฏ ุงุณูุงุนู', 'ุทุจุงุทุจุง', 2, 1, 0, '4420169516', '167789', NULL, NULL, NULL, '0302825136009', 327, 19, NULL, NULL, 31, 448, 'ุฎุงุจุงู ุงูููุงุจ ฺฉูฺู 17 ูุฑุน 18 ฺฉูฺู ุดูุฏ ุขูู ูพูุงฺฉ 15/3', NULL, 'avatar.pngimage35911734262782.jpg', 3, -1, NULL, '6044', '1733916805', '$2y$12$tw5A5C92AQdpWmmIxo/9vOcpcEsSDtyC51.JIxEmsOmYcLyxDLQzy', '2024-12-16 07:45:39', NULL, 'G5u44sx9V5qMSAcEMh5SGg5Hu6QquZAlqTzFHSJXmXsNi635LssDKOzwiBh5', 7, 1, 0, 0, 0, 1, 2, 1, NULL, '2025-01-05 13:24:25', '2025-01-05 09:54:25'),
(8, '09198555266', 'ูุฌุชุจ', 'ูุงุณู', 2, 1, 0, NULL, NULL, NULL, NULL, NULL, NULL, NULL, NULL, NULL, NULL, NULL, NULL, NULL, NULL, 'avatar.png', NULL, -1, NULL, '1759', '1738393704', '$2y$12$LqPCg0eNvxLmb9ZLC5ncwewA8egFnVY0YDxUCH4/pJGxS5ui0sBfm', '2025-02-01 03:36:29', NULL, 'atIjhc3cm7z0msWNihQszdRBer0pCArmcH1pKio1uNY5pzFC7nE1nPPhyB7P', NULL, 0, 0, 0, 0, 0, 2, 1, NULL, '2025-02-01 07:07:23', '2025-02-01 03:37:23'),
(9, '09196637217', 'ุฏุงูุฏ', 'ุตุงูุน', 2, 1, 0, NULL, NULL, NULL, NULL, NULL, NULL, NULL, NULL, NULL, NULL, NULL, NULL, NULL, NULL, 'avatar.png', NULL, -1, NULL, '2708', '1733916901', '$2y$12$RmN2YD8xi.ps6TPN84rrAufHx0w5nrItE.mjJPVxf02vLUidLvkG.', '2024-12-11 08:03:28', NULL, 'HwKn7LFysKcGpe87SLPhE8VrcLJssi0snI5Jx0T1289mAoiYdlYJF4RCsCBS', NULL, 0, 0, 0, 0, 0, 1, 1, NULL, '2024-12-11 11:35:24', '2024-12-11 08:05:24'),
(10, '09127549713', 'ุณุฏูุญูุฏ ููุฏ', 'ูุงุทู', 2, 1, 0, '1111111111', NULL, NULL, NULL, NULL, '111111', 89, 2, NULL, NULL, 3, 38, NULL, NULL, 'avatar.png', 2, 1, '0', '6743', '1733920001', '$2y$12$iMMNEp/FWxvNZnJRFAeeQO/Cgv2SzYBsvJz9kcN4Ae/W3nAic5xfW', '2024-12-11 08:54:55', NULL, 'O2jgEVfLc8BbZELv6N67wa8yl3hsCOxpOIY7kp8GnaYJyKhXDRI43ZmzZCjU', 1, 0, 0, 0, 0, 0, 0, 1, NULL, '2024-12-14 08:37:58', '2024-12-14 05:07:58'),
(11, '09120000000', 'ูุณุฆูู ุงููุฑ ุชุจูุบ', 'ุจุฑุงุช', 1, 1, 0, NULL, NULL, NULL, NULL, NULL, NULL, NULL, NULL, NULL, NULL, NULL, NULL, NULL, NULL, 'image45361734294246.jpg', NULL, 1, NULL, NULL, NULL, '$2y$12$Qt8TQiShrE0aKJZx5XQQzewolsxbI3zo5HPQh.eUIy4qAt3DROCw2', '2025-02-03 06:44:27', 1, NULL, 11, 0, 0, 0, 0, 0, 0, 1, NULL, '2025-02-03 10:14:27', '2025-02-03 06:44:27'),
(12, '09130000000', 'ูุนุงูู ุงููุฑ ุชุจูุบ ุณุฏ ุงุณูุงุนู', 'ุทุจุงุทุจุง', 1, 1, 0, NULL, NULL, NULL, NULL, NULL, NULL, NULL, NULL, NULL, NULL, NULL, NULL, NULL, NULL, 'image55371734262919.jpg', NULL, 1, NULL, NULL, NULL, '$2y$12$f/BRSRdwtHpxzf9r4y/koOMUQnCxqY6eoixW.bqrg/UC/hXjEsBb.', '2024-12-16 07:46:40', 11, NULL, 12, 0, 0, 0, 0, 0, 0, 1, NULL, '2024-12-16 11:16:40', '2024-12-16 07:46:40'),
(13, '09191494182', 'ูุงุฏ', 'ุฑุฎ ูุฑูุฒ', 2, 1, 0, '4999854813', '50427', '30774', NULL, NULL, '010408315009', 327, 19, 'ูู', NULL, 27, 424, 'ุงูุชูุง ุจุณุช ูุชุฑ ุดูุฏ ุจูุดุช ุฏู ูุชุฑ ุดูุฏฺุฑุงุบูพูุฑูพูุงฺฉ 168', '3719793859', 'avatar.png', 2, 1, '0', '2925', '1737142989', '$2y$12$Pla8kl0S0vV4Y6WDRfaw7.vuTI1O/jjw4k5nzpm5WwxXOanY46Imi', '2025-01-17 16:11:54', NULL, 'fnqPa72XMQIj8iQ572UL9p7vwl0frBPGIbr1ikSAovU8mM73lMFCnWvjb4pV', 11, 1, 1, 0, 0, 1, 2, 1, NULL, '2025-02-01 19:39:51', '2025-02-01 16:09:51'),
(14, '91187566091', 'ุฑูู', 'ูฺฉุฒุงุฆ', 2, 2, 0, '2532567727', '366721', NULL, NULL, NULL, '940170000000356344259003', 13, 24, 'ุงูุจุงุฑุงููู', 'ุงูู ุขุจุงุฏ', 24, 13, NULL, '4939191114', 'avatar.pngimage20211736276412.jpg', 2, 1, '4', '9170', '1734839451', '$2y$12$F9A1RFfvalLikNwMnfRmn.30eyF0EB9yrWHD9xdWzlKb2KPQyskuC', '2024-12-22 00:19:58', NULL, 'xLhzfvcQLTQYJSddQlY9yK2VI0I3eY8OY7gw0sr06XZkMcG9o2iI5pebdmcw', 11, 1, 0, 0, 0, 0, 1, 1, NULL, '2025-01-07 20:19:49', '2025-01-07 16:49:49'),
(15, '09186716204', 'ููุฏ', 'ุดุฑฺฉุงุฆ', 2, 1, 0, '3979740706', '97696', NULL, NULL, NULL, '500170000000322997884005', 125, 30, 'ุชูุณุฑฺฉุงู', NULL, 30, 125, 'ุชูุณุฑฺฉุงู ุดูุฑฺฉ ูุงุฆู ุฎุงุจุงู ุชุฑุจุช ุฎุงุจุงู ุชูุฐุจ ฺฉูฺู ุฏุงูุด ฺฉ', '6581773138', 'avatar.pngimage31531734844281.jpgimage45841736086035.webp', 3, 1, '5', '7867', '1734839492', '$2y$12$Juc0IFO1sXWYbrmGR8q5T.SfYNMLdoRiYt.JMbjn0LBEVp9h8sTIm', '2025-02-01 12:26:35', NULL, 'zH9kivaaxvSbMLiY0frQXRrBhmbstuF1VM0tJzROxvmHtKYWpojetndNMYvo', 15, 1, 0, 0, 0, 1, 2, 1, NULL, '2025-02-01 15:57:15', '2025-02-01 12:27:15'),
(16, '09159250290', 'ูุฑุถู', 'ุดุงู', 2, 1, 0, NULL, NULL, NULL, NULL, NULL, NULL, NULL, NULL, NULL, NULL, NULL, NULL, NULL, NULL, 'avatar.png', NULL, -1, NULL, '8697', '1734839698', '$2y$12$SGCleg6RV1FkLBxeSCEwGO37M2HqW39QPWtceJZd2OGMai3bfhULW', '2024-12-22 00:23:14', NULL, 'idoblFfDSeHhVru7E46vNWhZzKgjedcLwpOBDS5jwE8wjNmCkB2UKgeLX0av', NULL, 0, 0, 0, 0, 1, 1, 1, NULL, '2024-12-22 03:58:16', '2024-12-22 00:28:16'),
(17, '09171848773', 'ูุณูู', 'ูุฑุฒุง', 2, 1, 0, '5159840591', '63790', NULL, 'โโช139411057009โฌโ', NULL, '9001700000003030639916004', 375, 17, 'ูุงูุฑุฏ', 'ฺฉุฑู ููฺ', 17, 375, 'ูุงุฑุณ.ูุงูุฑุฏ..ุฑูุณุชุง ฺฉุฑู ููฺ..ุฎุงุจุงู ุดูุฏ ููุณู ูฺุงุฏ..ฺฉูฺู ููู.ููุฒู ูุณูู ูุฑุฒุง', NULL, 'image19071738413556.jpg', 3, 1, '0', '2370', '1734839573', '$2y$12$U08n2aFrKOQND.RDjbfmpemH4.i8oD8xYDO9Lxoi0nAPzzh9AlJKy', '2024-12-22 00:21:02', NULL, 'mc0TgPMBpkXtgRV7ZxSHw6XHfL4OWxV2NPposAhbZUNVxueKh7IuYUFZI0Ob', 11, 1, 0, 1, 0, 1, 2, 1, NULL, '2025-02-01 15:02:03', '2025-02-01 11:32:03'),
(18, '09130814005', 'ุนู ุงุตุบุฑ', 'ุงุจู ุนู', 2, 1, 0, NULL, NULL, NULL, NULL, NULL, NULL, NULL, NULL, NULL, NULL, NULL, NULL, NULL, NULL, 'avatar.png', NULL, -1, NULL, '6412', '1734839592', '$2y$12$YZLLjsJa2T2jBsGA2h3CFehXIdztiHHYI.t2vg4AvRmDhNWTB83Py', '2024-12-22 00:21:43', NULL, 'WqHoSndvmwwijl0L0Ab7hgif8pKY5BVi2s28IDbINnYQrAaNTX0W8Ycue9m8', NULL, 0, 0, 0, 0, 1, 2, 1, NULL, '2025-02-01 07:59:31', '2025-02-01 04:29:31'),
(19, '09171851123', 'ุฒูุฑู', 'ุงูุตุงุฑ', 2, 1, 0, NULL, NULL, NULL, NULL, NULL, NULL, NULL, NULL, NULL, NULL, NULL, NULL, NULL, NULL, 'avatar.png', NULL, -1, NULL, '4663', '1734839905', '$2y$12$oED.L1jNUa28iCWFEc9Dk.icC96DH1FwVrVBYOzI9p.5so4JuaH8S', '2024-12-22 00:26:44', NULL, 'H6tPRqym4bCINp8HTqT9w033Se4MwDa2NC9j0nkbKYz4l7QJZQ41Bl91FEXd', NULL, 0, 0, 0, 0, 1, 1, 1, NULL, '2024-12-27 14:24:11', '2024-12-27 10:54:11'),
(20, '09352334864', 'ูุญูุฏ', 'ฺฉุฑุงูุช', 2, 1, 0, '6029169807', '80723', '139076625', '139076625', NULL, '910170000000303919673007', 336, 5, 'ฺฉูุงู ุดูุฑ', 'ุฎุฑูุฏุดุช', 5, 336, 'ฺฉุฑุฌ  ฺฉูุงูุดูุฑ  ุดูุฑฺฉ ุฎุฑูุฏุดุช  ูุซู ณ ููููุฑ ด ูพูุงฺฉ ดด', NULL, 'avatar.pngimage87721734841380.jpg', 2, -1, NULL, '1313', '1734840410', '$2y$12$m1EpyyvS8pfnUl8fPOzQh.2wAPC8PY1B8wYovTJrXpXGpkmNdW9Gm', '2025-01-17 17:53:03', NULL, NULL, 20, 1, 1, 1, 0, 0, 1, 1, NULL, '2025-01-17 21:23:03', '2025-01-17 17:53:03'),
(21, '09371422878', 'ุนูู', 'ุดุฑู', 2, 1, 0, '1850039941', '185291', NULL, NULL, NULL, '040170000000344241694007', 43, 13, NULL, NULL, 13, 43, 'ุงูุฏู\nฺฉู ุทุงููุงู ุฎฑฒูุชุฑ\nุฌูุจ ูุบุงุฒู ุตูุฏุดุฑู', NULL, 'avatar.png', 2, -1, NULL, '3693', '1734840744', '$2y$12$JkdxycHaWvoOcnHuD7/5CuxYgpagxhXtFPBwCJGDE5WCxjzSpIdH.', '2025-02-01 13:03:11', NULL, NULL, 21, 1, 0, 0, 0, 1, 1, 1, NULL, '2025-02-01 16:47:15', '2025-02-01 13:17:15'),
(22, '09189036118', 'ุงุจุฑุงูู', 'ุฌูุงุฏ ุซุงุจุช', 2, 1, 0, NULL, NULL, NULL, NULL, NULL, NULL, NULL, NULL, NULL, NULL, NULL, NULL, NULL, NULL, 'avatar.png', NULL, -1, NULL, '7278', '1734840765', '$2y$12$g1vrnyuB/owevkVY2CyD2OlX.t9ul4ezoy53ST1bqI0q6QVTBQ2oC', '2024-12-22 00:40:58', NULL, '3S8nivvMZEPJ5lMfEnOp3BwPEnFNYfMmFpmPBzRpHtcexsIFD86Q14GbGMWT', NULL, 0, 0, 0, 0, 1, 0, 1, NULL, '2024-12-26 10:37:36', '2024-12-26 07:07:36'),
(23, '09356231274', 'ูุฑุถู', 'ุฎุฏุงูุฑุฏุงู', 2, 2, 0, '1263434649', '137780', NULL, '139901103550', NULL, '440600243370011093712001', 332, 4, 'ฺฉุงุดุงู', NULL, 4, 332, NULL, NULL, 'image60771738511319.jpg', 2, -1, NULL, '9317', '1734841035', '$2y$12$.YOSLWl9Qs6VlLbgP5oC1err6uH1jhSOWVw9AUhboB299OpSRRsP6', '2025-02-02 11:54:07', NULL, '6BokAHllSKVP4TWUbLxzgonEJ1OKHnnMRk7HKFXrJ5A3cLIvK8CzI6FuGJaS', 23, 1, 0, 1, 0, 2, 2, 1, NULL, '2025-02-02 15:48:44', '2025-02-02 12:18:44'),
(24, '09155631783', 'ุณุนุฏ', 'ุฒูู', 2, 1, 0, '0640243010', '214838', '29246', NULL, NULL, '200170000000313319504002', 99, 10, NULL, NULL, 10, 99, NULL, NULL, 'avatar.pngimage63951738409515.jpg', 3, -1, NULL, '8325', '1737139922', '$2y$12$CdRPTWUXfn2MbSJt92vPG.Umh4CeVpJETGvVnLJ7aFo2KKT1G1iPW', '2025-01-17 15:20:25', NULL, 'ramyIuuxsGhUU3e48vKWY79efj2P4tcmJPzsD9lK2KvAZ3yaTVeeDnro8m2N', 24, 1, 1, 0, 0, 1, 1, 1, NULL, '2025-02-01 11:31:59', '2025-02-01 08:01:59'),
(25, '09145551257', 'ุฒูุฑุง', 'ุณู ูพูุฑ', 2, 2, 0, '2900304601', 'ณธณธนธ', NULL, NULL, NULL, '0227851673007', 423, 2, NULL, NULL, 2, 423, NULL, NULL, 'image97321738430717.jpg', 2, -1, NULL, '6510', '1734841835', '$2y$12$KqNKx7upXYiHV4zYe0ScTea8K2aM8X/UkFgx6JtcTcXFMYsZEIKre', '2024-12-22 00:58:46', NULL, 'fTOSvaAreqOzE3an80nIEaLNR41V9nHNifWDPCFnMR9qYPq2QeJ5UCvjLblU', 25, 1, 0, 0, 0, 1, 2, 1, NULL, '2025-02-01 17:25:24', '2025-02-01 13:55:24'),
(26, '09398405068', 'ุฎุฏุฌู', 'ูุงุดู ุฎุงู', 2, 2, 0, '0320438147', '32235042', NULL, NULL, NULL, '4401700000003428860095007', 336, 5, 'ูุงูุฏุดุช', NULL, 5, 336, 'ุงูุจุฑุฒุ ฺฉุฑุฌุ ูุงูุฏุดุชุ ูุฏุงู ููุงุฒุ ฺฉูฺู ุดูุฏ ููู ูพูุงฺฉ ณฑ', '3189919434', 'image31291738504235.jpg', 2, -1, NULL, '9696', '1734842003', '$2y$12$pFKqrm.Zg4jzAvGoE8px7uMz7qoAOVvdALUWmr3aPSDoAY5S5hOou', '2024-12-22 01:01:59', NULL, 'tzwGXjXGmhppNqKH5dJVRFRVh4hYYb7zExUF8zoW56VnSFEjWy17Y1BG9AZ5', 26, 1, 0, 0, 0, 1, 1, 1, NULL, '2025-02-02 13:55:35', '2025-02-02 10:25:35'),
(27, '09131105844', 'ุฑูุญโุง', 'ุฑุญู', 2, 1, 0, '1091760578', '45302', 'ูุฏุงุฑู', 'ูุฏุงุฑู', 'ูุฏุงุฑู', '800170000000303188998007', 378, 4, 'ุจุงุบุจูุฏุฑุงู', 'ฺฉุฑฺฺฏุงู', 4, 378, 'ุงุตููุงู /ููุฌุงู/ุจุงุบุจูุงุฏุฑุงู/ุฑูุณุชุง ฺฉุฑฺฺฏุงู/ฺฉู ุจูุงุฑ ุดุด/ูพูุงฺฉ ุดุด', '8479115713', 'avatar.pngimage22941737144166.jpg', 2, -1, NULL, '5944', '1737143199', '$2y$12$A3JJhSYc0a1pu7UolCH.2ORBvWHBvsIqXyyDC0S.xyyU02zh5nb5y', '2025-01-17 16:14:58', NULL, 'BzL14OgKVGBPCX1xqpPUvV278ZtkD1TE72q80jfs3er9NdV2YaNTeDCN9pAf', 27, 1, 1, 1, 1, 1, 2, 1, NULL, '2025-02-01 08:02:07', '2025-02-01 04:32:07'),
(28, '09915525365', 'ูุฑฺฏุณ', 'ุดุงูุฑุฎ ุดูุฑฺฉ', 2, 2, 0, '4622692287', '115926', NULL, NULL, NULL, '700170000000304000933001', 281, 9, 'ฺฉุงู', NULL, 9, 281, 'ุฎุงุจุงู ุจุงููุฑ ฺฉูฺู 20ูพูุงฺฉ 17', NULL, 'avatar.png', 2, -1, NULL, '3050', '1738397002', '$2y$12$YUsuN8B18HdDOZV3ZVwxMO/woe376tlpJl44jYFlanXhr0zeHEzj.', '2025-02-01 04:31:27', NULL, 'd5Mj1p4pwRch3hrOktOU5MIVw3vU2dS2dqLWVKo8myi6v2HlzfhalKasod8z', 28, 1, 0, 0, 0, 2, 2, 1, NULL, '2025-02-01 08:03:33', '2025-02-01 04:33:33'),
(29, '09907646359', 'ุงุณูุงุนู', 'ูุฑูุฒุงุฑ', 2, 1, 0, '0559833148', 'ฑดดทถณ', NULL, NULL, NULL, '190170000000307108420002', 106, 8, 'ูพุงฺฉุฏุดุช', NULL, 28, 165, 'ูพุงฺฉุฏุดุช ุจููุงุฑ ุดูุฏุง ุฑุญู ุญูุฒู ุนููู ุงูุงู ุตุงุฏู ุนูู ุงูุณูุงู', NULL, 'image55931736282107.jpg', 3, -1, NULL, '8639', '1736281816', '$2y$12$RgWTYUz2afH4hJgyzNmZw.ZkiKZXtZWoUtgJrtCNLGJZemSTk/1cm', '2025-02-01 06:29:44', NULL, '9ku3YGPVeH1ocdZ5CbD7WUNYmN3PMLfAYOuSuhPPg3gafKJtgW2SQXTkujhk', 29, 1, 0, 0, 0, 1, 2, 1, NULL, '2025-02-01 10:00:57', '2025-02-01 06:30:57'),
(30, '09187003622', 'ููู', 'ุณุจุญุงู', 2, 1, 0, NULL, NULL, NULL, NULL, NULL, NULL, NULL, NULL, NULL, NULL, NULL, NULL, NULL, NULL, 'avatar.png', NULL, -1, NULL, '5669', '1734842917', '$2y$12$Z1.HeYu6EBcRmwADkKGPSuGE6zGGT3nM1Ov05i2GCK3gLpBzOu6mu', '2024-12-22 01:16:53', NULL, 'xmzCqtU0J6zzFijmkzNt1XUOCZaz1X5JCIplqFE5z9elPazibGkKrRT1Q2YP', NULL, 0, 0, 0, 0, 1, 1, 1, NULL, '2024-12-22 04:49:46', '2024-12-22 01:19:46'),
(31, '09191501644', 'ูุฑุชุถ', 'ุนุฑุจ ุฎุงูุต', 2, 1, 0, NULL, NULL, NULL, NULL, NULL, NULL, NULL, NULL, NULL, NULL, NULL, NULL, NULL, NULL, 'avatar.png', NULL, -1, NULL, '4662', '1737140087', '$2y$12$kLpxhBlNzxCc2lALQxVaqunppHUYoq16d4OUqH4ScIH3ZsL7x2LZ6', '2025-01-17 15:23:01', NULL, 'KajfhrLQgzyqv2UtVxCwe0TB72ZDfkw1mJKrCLCWKjBVBq8EXYoEazzcaiDY', NULL, 0, 0, 0, 0, 0, 0, 1, NULL, '2025-01-17 18:56:47', '2025-01-17 18:56:47'),
(32, '09123902693', 'ุญุณู', 'ุงุดูุฏ', 2, 1, 0, '0076295087', '62540', '200292', '139311003660', NULL, '7801700000102053938003', 327, 19, 'ูู', NULL, 8, 126, 'ูุฏุงู ุจุณุฌ 30 ูุชุฑ ููุฑุณุชุงู ุฎุงุจุงู ูุฑุฒุงฺฉูฺฺฉ ุฎุงู ฺฉูฺู 3 ูพูุงฺฉ5', '3715846954', 'avatar.pngimage80481734843974.jpg', 4, -1, NULL, '1780', '1734843469', '$2y$12$GG0bram2Bj7VyKcoz6r7FeXT34FX/eka7O8b3/4jhljTVsU8VrLfS', '2025-01-17 15:19:17', NULL, 'NdCfc18PWUZtAqTRNYT6jbnzEzjH7WrwEda8eEqLAZgJMKBrDvELgczJqnnh', 32, 1, 1, 1, 0, 1, 2, 1, NULL, '2025-02-01 08:03:25', '2025-02-01 04:33:25'),
(33, '09192951545', 'ุณุฑุงู', 'ฺฉูุฑุฒ ูพูุฑ', 2, 2, 0, '3838347269', 'ถฐณฐต', NULL, NULL, NULL, '322075451004', 334, 20, 'ฺฉุงูุงุฑุงู', NULL, 20, 334, 'ฺฉุงูุงุฑุงู ุฎุงุจุงู ุดูุฏ ูุตุทู ุฎูู ฺฉูฺู ุดูุฏ ูููฺูุฑ ูพูุงฺฉ ฑธนน', 'ถถณฑธณณธทฑ', 'avatar.png', 3, -1, NULL, '2639', '1734844063', '$2y$12$IDXM/xRRdbNmVuFh3Dbq9eIRvE9QvEOw4g3Jpjq723Yu2P9yKBDL.', '2025-02-01 08:12:33', NULL, 'rDc61maPi4OAfYB8ditja8ZcgwKsQh7qlOqKr8MVzoHVKZEhXBR3dhvrMpiF', 33, 1, 0, 0, 0, 1, 1, 1, NULL, '2025-02-01 11:42:33', '2025-02-01 08:12:33'),
(34, '09185066141', 'ุณุฌุงุฏ', 'ุณูุฑูุฑุฏ', 2, 1, 0, NULL, NULL, NULL, NULL, NULL, NULL, NULL, NULL, NULL, NULL, NULL, NULL, NULL, NULL, 'avatar.png', NULL, -1, NULL, '7854', '1734844669', '$2y$12$d1vjuvWBo7193X2II5QBY.BRYDfrSm1YHZBzvDOYzRJ6Q0JMRYc8G', '2024-12-22 01:46:03', NULL, 'kmGMxiUsW2OmXMvOjoHL3Ixum7wKKR7V1NUelXNrY0Ro1ngvaQa3BSXDcRO5', NULL, 0, 0, 0, 0, 0, 0, 1, NULL, '2024-12-22 05:17:52', '2024-12-22 05:17:52'),
(35, '09137862564', 'ุงฺฉุจุฑ', 'ุตุงูุญ', 2, 1, 0, NULL, NULL, NULL, NULL, NULL, NULL, NULL, NULL, NULL, NULL, NULL, NULL, NULL, NULL, 'avatar.png', NULL, -1, NULL, '5410', '1734845007', '$2y$12$f/WbR7/PbIkko/zcdnaIT.WDKuhfZ2dCwhzY11VXqahEB6cd6wPKK', '2024-12-22 01:51:38', NULL, 'WyMP2YYnKTXGChZbAMSl1cLKf9YJl3R4wKGImnLESvAjWUotBB2ioHjPwRtK', NULL, 0, 0, 0, 0, 1, 2, 1, NULL, '2025-02-01 10:00:53', '2025-02-01 06:30:53'),
(36, '09118599711', 'ูุฌุฏ', 'ุฎูุดู ฺุฑุฎ', 2, 1, 0, NULL, NULL, NULL, NULL, NULL, NULL, NULL, NULL, NULL, NULL, NULL, NULL, NULL, NULL, 'avatar.png', NULL, -1, NULL, '7839', '1734846343', '$2y$12$V88mkZz.Ym6n4IiNVdppEO1aLYdHwAlkQg3/lZb7OuVcz1OzR1ici', '2024-12-22 02:13:56', NULL, 'PeXK3cRYjxoxOVoxU7jA5LT8vZsYtCH7HBVHvrTbY873ebrEDbyrNXx87yNL', NULL, 0, 0, 0, 0, 0, 0, 1, '2025-01-07 04:21:50', '2025-01-07 07:51:50', '2025-01-07 04:21:50'),
(37, '09162527342', 'ุญูุฏู', 'ุขุฑููุฏุฌุฑุฌูุฏ', 2, 1, 0, NULL, NULL, NULL, NULL, NULL, NULL, NULL, NULL, NULL, NULL, NULL, NULL, NULL, NULL, 'avatar.png', NULL, -1, NULL, '2364', '1734848190', '$2y$12$QDurDNoeCr02QTtvl3dAyOPxzSYBXWWR.CVGJ8yzfqvV9qvcreS3e', '2024-12-22 02:44:51', NULL, 'XljEAXaStebT7sNen9Dr4k8SFB8ttWDSqh245R5AqrVrM0CMi1RbWiN25ZgB', NULL, 0, 0, 0, 0, 1, 1, 1, NULL, '2025-02-03 06:53:59', '2025-02-03 03:23:59'),
(38, '09300754576', 'ุนูุฑุถุง', 'ููุณููุฏ', 2, 1, 0, '3861581957', NULL, NULL, NULL, NULL, '6037998173423327', NULL, 30, 'ูุฑุงูุฌ', 'ุงุฑุฒุงูููุฏ', 30, 443, NULL, NULL, 'avatar.pngimage4561737141677.jpg', 1, -1, NULL, '4948', '1734848403', '$2y$12$buul2.IrsM9tBiITEqJilOGO1EUrpiFLtSFcPjIZvduJQCDcx2oSG', '2025-02-01 12:18:57', NULL, NULL, 38, 0, 0, 0, 0, 7, 0, 1, NULL, '2025-02-01 15:48:57', '2025-02-01 12:18:57'),
(39, '09385437365', 'ุณูู', 'ุงุจุฑุงูู', 2, 1, 0, '4011820911', '168372', NULL, NULL, NULL, '510170000000306346679008', 407, 6, NULL, NULL, 30, 29, NULL, NULL, 'image27801737146641.jpg', 4, -1, NULL, '7378', '1734848698', '$2y$12$8gS5/eN7DexbPv0ymf2hb.L6jH5poE50ctqtZKWV0qigT74Cwxjk6', '2024-12-22 02:53:17', NULL, 'TCJBQ443j9E1VT7gdS6EO2OI9yCF9i5pnjkYbFIndmq6Uur7aE6ziXpL6Asc', 39, 1, 0, 0, 0, 1, 1, 1, NULL, '2025-01-17 20:46:44', '2025-01-17 17:16:44'),
(40, '09159395797', 'ูุตุทู', 'ุฌูุงู ุฏฺฉ', 2, 1, 0, NULL, NULL, NULL, NULL, NULL, NULL, NULL, NULL, NULL, NULL, NULL, NULL, NULL, NULL, 'avatar.png', NULL, -1, NULL, '6760', '1734849900', '$2y$12$B.OyADGy.q1G13tKpleh6.g5ncoF03b4wg78wTj5YM0TN0.Ps.ES.', '2024-12-22 03:13:25', NULL, 'M28DnhYismXsQmiXMTx2zxJyfzJgYgSuiQo0UghIYlTHU5N9NCAbRJYoqgU9', NULL, 0, 0, 0, 0, 1, 0, 1, NULL, '2024-12-22 06:54:20', '2024-12-22 03:24:20'),
(41, '09921960463', 'ุฑุงุถู', 'ุนุจูุฏ', 2, 1, 0, NULL, NULL, NULL, NULL, NULL, NULL, NULL, NULL, NULL, NULL, NULL, NULL, NULL, NULL, 'avatar.png', NULL, -1, NULL, '7554', '1734852366', '$2y$12$6CUgRGLGuzHYvHGVLPX.g.ofR1/ofLu3q/ukCTzIlTyXU54AedsN6', '2025-01-18 17:06:24', NULL, NULL, NULL, 0, 0, 0, 0, 0, 1, 1, NULL, '2025-01-18 20:36:24', '2025-01-18 17:06:24'),
(42, '09135032141', 'ูุงุทูู', 'ุนูุฒุงุฏู', 2, 2, 0, '3052301871', '379827', NULL, '63475', NULL, '160170000000357545793005', 214, 21, 'ูุฑฺฉุฒ', NULL, 21, 214, NULL, NULL, 'image73471737207563.jpg', 3, -1, NULL, '8424', '1737207116', '$2y$12$LtA0bLP/aKp9uh2pNFUH4.1/0ISP9AbbJgr6YdgasoJ8n1tjvN4Ze', '2025-02-01 12:23:15', NULL, NULL, 42, 1, 0, 1, 0, 1, 2, 1, NULL, '2025-02-01 15:53:57', '2025-02-01 12:23:57'),
(43, '09130849238', 'ููุฏ', 'ุตุญุฑุง', 2, 1, 0, NULL, NULL, NULL, NULL, NULL, NULL, NULL, NULL, NULL, NULL, NULL, NULL, NULL, NULL, 'avatar.png', NULL, -1, NULL, '4342', '1734854642', '$2y$12$B/es3kHvwb8FlBoLDIb.ReKjoiFjL1xLZaAuJyH9m8T7/ji9yaueu', '2024-12-22 04:33:34', NULL, 'uOELNw1feH8eEMNARrAjKgQB84iGVJ4PsMKQ7e3G3kBMra1B71Rg8qiYT1K3', NULL, 0, 0, 0, 0, 1, 1, 1, NULL, '2024-12-22 08:05:44', '2024-12-22 04:35:44'),
(44, '09158231483', 'ุฌุนูุฑ', 'ููุธู', 2, 1, 0, '6509938316', 'ฑฑฑณถต', 'ฑ', 'ฑ', NULL, '0170000000320019422000', 117, 11, 'ุชุฑุจุช ุญุฏุฑู', NULL, 11, 117, 'ุฎุฑุงุณุงู ุฑุถู ุชุฑุจุช ุญุฏุฑู ุจููุงุฑ ุจุงููุฑ ตธ/ด ูพูุงฺฉ ฑธ', NULL, 'avatar.png', 4, -1, NULL, '4198', '1734862886', '$2y$12$sPxvZ8hIxlFratzakzNfeu0HwT.6AfLpp15W6Csf1bOiYC08nl2Ei', '2025-02-01 13:42:24', NULL, 'zmYgFTVxPiqlaYakjZFSGKtQZpQlLXfryb1jSaGcbXvDlfmCLJy4q3N42Fya', 44, 1, 1, 1, 0, 1, 2, 1, NULL, '2025-02-01 17:13:20', '2025-02-01 13:43:20'),
(45, '09139958817', 'ุฒูุจ', 'ูุงุณู ุฑุดฺฉ ุณููุงุฆ', 2, 1, 0, NULL, NULL, NULL, NULL, NULL, NULL, NULL, NULL, NULL, NULL, NULL, NULL, NULL, NULL, 'avatar.png', NULL, -1, NULL, '5224', '1737141239', '$2y$12$sbLJNbIjvsXMGJ0bKDFlIuPbvR5W2xjTTBA1XtQRjlA2w6DXeYmPy', '2025-01-17 15:42:32', NULL, 'I5CBl5r2nL3pxHNPAseQlfvUvEEB6UUGg4hrbsPSOd3kuX3MoJ6yLDvjRKfl', NULL, 0, 0, 0, 0, 0, 1, 1, NULL, '2025-01-17 19:12:32', '2025-01-17 15:42:32'),
(46, '09151216037', 'ุนู ุฌุงู', 'ุฒุญูุชฺฉุงุฑ', 2, 1, 0, '0889315140', '101569', '139150197', '139311044817', NULL, '200170000000303964840007', 396, 11, 'ูุดูุฏ', NULL, 11, 396, 'ุฎุฑุงุณุงู ุฑุถู ูุดูุฏ ููุฏุณ ฺฉู ุณุฏ ุจูููุงุฑ ุดูุฏ ุงุตูุงู 47 ูุฑุฌ 4 ูพูุงฺฉ 93', NULL, 'image94501735230824.jpg', 2, -1, NULL, '6784', '1734869118', '$2y$12$2kuwn.JHEi.u6YItaos8c.hJ0TghqK40R8uvx0A5.bKVjkWb8OJCO', '2025-02-01 14:58:37', NULL, 'hZEYkNxKKg2zVt58XDyIfL2pUpszKw03kmPYxnWFPnKORya7RaoYaGeHTiRL', 46, 1, 1, 1, 0, 1, 2, 1, NULL, '2025-02-01 18:31:00', '2025-02-01 15:01:00'),
(47, '09137404256', 'ุขุฑุฒู', 'ุฑุถุง', 2, 1, 0, NULL, NULL, NULL, NULL, NULL, NULL, NULL, NULL, NULL, NULL, NULL, NULL, NULL, NULL, 'avatar.png', NULL, -1, NULL, '1937', '1734871335', '$2y$12$BrwHcjuG5c5Q//WuPpJbSuLF4XZ9hcjVjO6ho/1gVjnniuRisy4mq', '2024-12-22 09:10:20', NULL, 'nTvO6yaHfPV9UfFR6KhMmwx6pQUNff43Yt1f8PQdrgsPr4L6mKZSzu5cn65L', NULL, 0, 0, 0, 0, 1, 0, 1, NULL, '2024-12-22 12:42:17', '2024-12-22 09:12:17'),
(48, '09186221966', 'ูุญูุฏุฑุถุง', 'ุณุนุฏ', 2, 1, 0, '3241317994', NULL, NULL, NULL, NULL, '970170000000207601169000', 339, 22, NULL, NULL, 22, 339, NULL, NULL, 'avatar.png', 4, -1, NULL, '5119', '1734873671', '$2y$12$uXpyBbt8kvNQo40k/LQm7ulM1zjXcNZO3vUTKkVAbbfQeoXUOLAsG', '2025-02-01 06:44:20', NULL, 'hUoOEgo1p4EDs5E69RHofHV4HJSuMx61fQ5ZGK7cne1qCDuIvJaOWnDb6K0r', 48, 0, 0, 0, 0, 1, 1, 1, NULL, '2025-02-01 10:16:10', '2025-02-01 06:46:10'),
(49, '09185535765', 'ุขุฐุฑ', 'ุนุจุฏ ูพูุฑ', 2, 1, 0, NULL, NULL, NULL, NULL, NULL, NULL, NULL, NULL, NULL, NULL, NULL, NULL, NULL, NULL, 'avatar.png', NULL, -1, NULL, '3151', '1734873736', '$2y$12$rux.46phQtcunwLRvu5mqOuvv1k9MGfTwai7W9B8m5.E0xFHxYJTu', '2024-12-22 09:50:34', NULL, 'C2QyDmIVjCSr3fRKRuRX8GmY4jLMdY95LjTHb4l2Hv6SdMmfJe9ftLGU2GxH', NULL, 0, 0, 0, 0, 1, 0, 1, NULL, '2024-12-22 13:24:50', '2024-12-22 09:54:50'),
(50, '09140565996', 'ุญููุง', 'ูุญูุฏ ุฒุงุฏู', 2, 1, 0, NULL, NULL, NULL, NULL, NULL, NULL, NULL, NULL, NULL, NULL, NULL, NULL, NULL, NULL, 'avatar.png', NULL, -1, NULL, '1371', '1734874516', '$2y$12$hesciaTp/pYEaVQnuJguI.K.oi0Yo0yF9F5Hy9uX5uPYIQHVVav1K', '2024-12-22 10:03:25', NULL, 'Q7d64Ln9ZX1qBC1T35a34OE4WFbNSfHr7zePEL9BLMkcbhtPcwCdu06LgGBc', NULL, 0, 0, 0, 0, 1, 2, 1, NULL, '2025-02-01 09:27:44', '2025-02-01 05:57:44'),
(51, '09151541539', 'ูุฌุฏ', 'ุดุงฺฉุฑ', 2, 1, 0, '1050075706', '155060', '32056', '1050075706', '1050075706', '9.101700000003086e+23', 327, 19, 'ูู', 'ูู', 19, 327, 'ุขุฏุฑุณ: ูู ุ ูพุฑุฏุณุงู ุ ุฎุงุจุงู ุดูุฏุงู ุชูู ุ ุฎุงุจุงู ุดูุฏ ูุณูู ูู ูพูุฑุ ูุฌุชูุน ุฎูุงูุณุงุฑุ ุจููฺฉ ธ ุ ุทุจูู ฒุูุงุญุฏ ท', '3749195968', 'image26381738421226.jpgimage46631738421372.JPG', 3, -1, NULL, '6147', '1734880190', '$2y$12$SzVZ4wrvHoVCvecz4023weZyI/Y.PaPQ7vYOqxbZzJ85AYBI9yr9a', '2024-12-22 11:38:01', NULL, 'jf2aVMK7QIpgUvXz62opPiLjYuiFJCJk6FzT3oDkgLLVCSmjClSjLsufTT8k', 51, 1, 1, 1, 1, 1, 2, 1, NULL, '2025-02-01 14:50:26', '2025-02-01 11:20:26'),
(52, '09195448600', 'ุฌูุงุฏ', 'ุฎุงููู', 2, 1, 0, NULL, NULL, NULL, NULL, NULL, NULL, NULL, NULL, NULL, NULL, NULL, NULL, NULL, NULL, 'avatar.png', NULL, -1, NULL, '1889', '1734881779', '$2y$12$1JQ8dU7aw9YSUKJtV2VXcu4J85Mn3nsmEIDgOgree4q0Y/vZ.3pKm', '2024-12-22 12:04:28', NULL, 'g4CiENXUy7XufweCVijLWM8Kg3tg2ThY52SKKqJlxQj1Z2mMRyk46tfNXDSh', NULL, 0, 0, 0, 0, 0, 0, 1, NULL, '2024-12-22 15:36:18', '2024-12-22 15:36:18'),
(53, '09901443267', 'ูุฑุจุง', 'ุดูุฑุงุฑูพูุฑ', 2, 2, 0, '2994124610', '398052', NULL, NULL, NULL, '130170000000333454309004', 222, NULL, 'ุฑฺฏุงู', 'ูุฑุขุจุงุฏ ฺฉูุงุฑุฏุดุช', 21, 222, NULL, 'ทถนฑณฑณฑธต', 'image34471738414662.jpg', 2, -1, NULL, '4009', '1734881835', '$2y$12$ba9QpJj9RRSs.2ShEFa3Zu2MdMFink2ZxIAC4eQWLbqBPQgw6wZCq', '2024-12-22 12:05:36', NULL, 'J8r0coKbcemAaT92IILLzCeZE5E5H5FRpHm0rcBaS2aJqh4Q1DY2JRt7Z8Ah', 53, 1, 0, 0, 0, 1, 2, 1, NULL, '2025-02-01 12:57:47', '2025-02-01 09:27:47'),
(54, '09165529875', 'ุงุญูุฏ', 'ุฎุฏุฑู', 2, 1, 0, NULL, NULL, NULL, NULL, NULL, NULL, NULL, NULL, NULL, NULL, NULL, NULL, NULL, NULL, 'avatar.png', NULL, -1, NULL, '7880', '1736305102', '$2y$12$PfTClj3FGRVOPg6bUgh0UO879APSWQi9nDGT1Y0upkSPjT.vxORja', '2025-01-07 23:26:35', NULL, '6EA7syZs1MJj2YX7PUcA4FksT5Ywi5jNfG47jlFkB5425fQFiBOZVZbepMce', NULL, 0, 0, 0, 0, 0, 1, 1, NULL, '2025-01-08 02:56:35', '2025-01-07 23:26:35'),
(55, '09127508105', 'ุงูุฑ', 'ฺูุฑ', 2, 1, 0, NULL, NULL, NULL, NULL, NULL, NULL, NULL, NULL, NULL, NULL, NULL, NULL, NULL, NULL, 'avatar.png', NULL, -1, NULL, '4437', '1736278225', '$2y$12$QyjL08uq82AROEj9UHEQIOIXS1vM3XyeXYF9mTTGgZDc2xggcLHNK', '2024-12-22 15:45:09', NULL, 'yLUDj3KchAkwwA4KiquKwrCG0Nt7ToEgNRkykOkizaiXIWNQfp52LNn6NQet', NULL, 0, 0, 0, 0, 1, 0, 1, NULL, '2025-01-07 19:28:20', '2025-01-07 15:58:20'),
(56, '09148633368', 'ุงูุฑ ููุฏ', 'ฺฏู ุขูุฑ', 2, 1, 0, '1451744900', '405716', '201145', NULL, NULL, '930170000000216918005007', 327, 19, 'ูู', 'ูู', 3, 20, 'ูู ุฎุงุจุงู ุงูููุงุจ ฺฉูฺู ดท', '3715848514', 'image86471735214799.jpgimage40821735214835.jpg', 2, -1, NULL, '2042', '1734925191', '$2y$12$KMtaUcgySstvRa8REMV7buX0SUkfe2aHOgUEdA5wvN2eVBbu0lPhq', '2024-12-23 00:08:08', NULL, '8IcMeGqCfOEVqq3e1lG8URCzI1AHahwL0Ebu1lhQMPgrRrphH6Y0gZHnXwPQ', 56, 1, 1, 0, 0, 1, 1, 1, NULL, '2025-02-01 12:29:40', '2025-02-01 08:59:40'),
(57, '09156845468', 'ูุฑูุงุฏ', 'ุชูุถู', 2, 1, 0, NULL, NULL, NULL, NULL, NULL, NULL, NULL, NULL, NULL, NULL, NULL, NULL, NULL, NULL, 'avatar.png', NULL, -1, NULL, '1116', '1734926131', '$2y$12$4uajGK/WniuhVe7gCy8BI..OegNar/.xA9GDjOScIsNAAAeWjyOx6', '2024-12-23 00:23:42', NULL, 'yU5nMCOMCtkrDg7KDkEHF3q37pnrZ9EnIlh6NdvvxuAmBIDZB8OGRXfrU68l', NULL, 0, 0, 0, 0, 1, 1, 1, NULL, '2025-01-08 06:31:33', '2025-01-08 03:01:33'),
(58, '09142572895', 'ุญุงูุฏ', 'ฺฉุฑู ุฒุงุฏ', 2, 1, 0, '1490286853', '51419', NULL, NULL, NULL, '840170000000108072917002', 115, 1, 'ุชุจุฑุฒ', NULL, NULL, 115, NULL, '5175763796', 'avatar.pngimage16411734958797.jpgimage92751738427289.jpg', 4, -1, NULL, '5710', '1734958545', '$2y$12$LvKvxdsv2s0ykA4XFGvi/ePTlSbibQrX/yo2NfCLFFuB5cAsuMp9W', '2025-02-01 12:55:31', NULL, 'o0TijwZn7QVfKX5y4fUcE2p13ZZxM50aUONmFfCqGJJNqsndxs0QaFShla6H', 58, 1, 0, 0, 0, 1, 2, 1, NULL, '2025-02-01 16:28:13', '2025-02-01 12:58:13'),
(59, '09140418699', 'ุดูุง', 'ุฌุฒู ุฒุงุฏู', 2, 1, 0, NULL, NULL, NULL, NULL, NULL, NULL, NULL, NULL, NULL, NULL, NULL, NULL, NULL, NULL, 'avatar.png', NULL, -1, NULL, '3880', '1734975386', '$2y$12$1M0Yzdi41zNv3sA0DUsSYO6Q4phxT/sQojnja0UCbiLuoYACAqhra', '2024-12-23 14:04:49', NULL, 'XWrlaiZvDkjtFLbdw0nBlWpRztfWgWNSWMD7WjvUYxTNYVTGhbDqRWpaQcUs', NULL, 0, 0, 0, 0, 0, 1, 1, NULL, '2024-12-23 17:35:21', '2024-12-23 14:05:21'),
(60, '09157407932', 'ูุณูู', 'ุทุงูุจ', 2, 1, 0, NULL, NULL, NULL, NULL, NULL, NULL, NULL, NULL, NULL, NULL, NULL, NULL, NULL, NULL, 'avatar.png', NULL, -1, NULL, '5445', '1734992788', '$2y$12$X2.rPqNi3UcpaaruqNO0NOafcBhzz2LtA7R8SDHw9wzm8zzqM1ibu', '2024-12-23 18:54:41', NULL, 'pHkkeQPitKsuIOF3ljPj91dhMczEJaL2A5QhMwssBKfGKvEuDAVEkN2OQ2c2', NULL, 0, 0, 0, 0, 1, 0, 1, NULL, '2024-12-23 22:26:41', '2024-12-23 18:56:41'),
(61, '09362222222', 'ูุญูุฏ', 'ฺฉุฑู', 2, 1, 0, '2343333333', NULL, '5353', NULL, NULL, '535353', 235, 5, 'ูพุฑุฏุณ', NULL, 4, 37, NULL, '3553636363', 'avatar.pngimage85231735129122.jpg', 3, -1, '0', '5273', '1735129095', '$2y$12$UBbmmlK38XFODG4ogih2aeI72EY0QMPk/uMiBAUzzpFzhgwUDNEIW', '2024-12-25 08:46:33', NULL, 'vHiTBCFootyaKf1NgtwGwdSvhLIxCGSADZpqs2pmo9T9MSMwjRTPsTh69Fwv', 2, 0, 1, 0, 0, 0, 1, 1, NULL, '2024-12-25 12:33:15', '2024-12-25 09:03:15'),
(62, '09361022252', 'ูุญูุฏ', 'ฺฉุฑู', 2, 1, 0, '5566666666', NULL, NULL, NULL, NULL, '846464646466464', 101, 3, 'ุชุณุช', NULL, 2, 89, 'ุชุณุช', '6737733', 'avatar.png', 2, -1, NULL, '3137', '1735130279', '$2y$12$l6jkJ3VAz3TGlTtvsizqm.KeviOO2UprDhQ1Y55t70X56EL0JTz7i', '2024-12-25 09:06:11', NULL, 'IUX6Vw5kJVfxq5osftWm6f52HbJ9iXmHOTQkjHzB6AoaGVDnEUA8R0QvMqAk', 62, 0, 0, 0, 0, 0, 1, 1, NULL, '2025-01-06 13:09:33', '2025-01-06 09:39:33'),
(63, '09360349647', 'ุญูุฏู', 'ูุฌู', 2, 2, 0, '6169921145', 'ฒธณฑทถ', 'ถฒนฑฒ', NULL, NULL, '0344014898008', 54, 6, 'ุงูุงู', NULL, 6, 54, 'ุงูุงู ุ ุงูุงูุุงูุชูุง ุฎุงุจุงู ุงูุฑฺฉุจุฑุ', 'ถนดฑฑฑณทฐต', 'avatar.png', 3, -1, NULL, '8667', '1735134241', '$2y$12$QSKqDL9SVftS4yyk8Egg5u5SniJFsJZctGxjEQFLItQSGCVcCECLu', '2025-02-01 16:55:26', NULL, 'GrSh07vxAomn6UxyTmgVOOS7EKiJ866H1EMv8LZg6QyezopvhHPRP8VsDeGJ', 63, 1, 1, 0, 0, 1, 2, 1, NULL, '2025-02-01 20:26:32', '2025-02-01 16:56:32'),
(64, '09118599711', 'ูุฌุฏ', 'ุฎูุดู ฺุฑุฎ', 2, 1, 0, '2080210785', '253227', '38034', NULL, NULL, '130170000000112380180000', 327, 19, 'ูู', 'ุดูุฑฺฉ ููุฏู', 27, 424, 'ุงุณุชุงู ูุงุฒูุฏุฑุงู ุดูุฑุณุชุงู ูฺฉุง ุฑูุณุชุง ุฏููุงููู ฺฉูฺู ุนุฏุงูุช 5', '4853195443', 'avatar.pngimage90811735212225.jpg', 3, 1, '5', '5659', '1737141767', '$2y$12$SZlh7zmJQWNSgkv1XqgwveX4uzP89PIIHTu8Qxz6K0hTDbld7DLVO', '2025-01-17 15:51:00', NULL, 'McUO93HNAUT4Fhoinvz8XSGoEP7ZWyQE7E3NSgSytPa4E2TUBEW9hIBq2W87', 64, 1, 1, 0, 0, 2, 2, 1, NULL, '2025-02-01 12:02:05', '2025-02-01 08:32:05'),
(65, '09179520132', 'ูุญูุฏุญุณู', 'ูุชุงุญ', 2, 1, 0, NULL, NULL, NULL, NULL, NULL, NULL, NULL, NULL, NULL, NULL, NULL, NULL, NULL, NULL, 'avatar.png', NULL, -1, NULL, '9156', '1735222478', '$2y$12$rOBGEPqliL0ILzHVl6LND.z/LtHiH2XbAp72ttV.sC97YiavsD.fa', '2024-12-26 10:42:54', NULL, 'fFs56Ei8nYsltvXriNKobkdtq82X7jPyHNvP8YiTJSUIWVcD3iZ94BbYkVWJ', NULL, 0, 0, 0, 0, 0, 0, 1, NULL, '2024-12-26 14:12:54', '2024-12-26 14:12:54'),
(66, '09366923141', 'ููุง', 'ุนู  ุตูู ุฌูุงู', 2, 2, 0, '4970012563', '360429', NULL, NULL, NULL, '750170000000110554703001', 13, 24, 'ุงูุจุงุฑููู', NULL, 24, 13, 'ฺฏุฑฺฏุงูุุขู ููุงุุดูุฑุงูุจุงุฑูููุุฎ ุงูุงู ุฺฉูฺู ุขุฐุฑุฎุดุุณูุช ฺูพ ุฏุฑุจ ูพูุฌู', '4939114446', 'image49551735280959.jpg', 2, 1, '5', '4339', '1735280784', '$2y$12$3Ecql0UPPT488AGKRyZI0uVTJ/ToDHeE.2VXYl/blQV2RMyiOZYX6', '2024-12-27 02:54:35', NULL, '5e2yqNfYwmyLQxiF7QR5L3DgzoqlHp2q0SYBrLP8pD30UoUMblTWlOg9ROLt', 11, 1, 0, 0, 0, 1, 2, 1, NULL, '2025-02-02 04:03:41', '2025-02-02 00:33:41'),
(67, '09136682197', 'ุฑุงุถู', 'ุนุจุงุณ', 2, 2, 0, '5420002698', '152951', NULL, NULL, NULL, '360170000000341898239003', 44, 21, NULL, 'ุจุงุถ', 21, 44, NULL, '7749135483', 'avatar.png', 2, -1, NULL, '1054', '1735325311', '$2y$12$I2ihh7/H8p0J3NXr1EBccORtsk.Hzhpe8oOTSwthg8kbuas2.VK9G', '2024-12-27 15:16:48', NULL, '0rbCNp5ciMOPWI1XkfgeOsSBuq4NTGwgvhDwdLRA1S8qV8xrNg25R7PNvBq8', 67, 1, 0, 0, 0, 1, 1, 1, NULL, '2025-01-18 11:14:59', '2025-01-18 07:44:59'),
(68, '09157030867', 'ุบูุงูุญุณู', 'ูุญูุฏุฒุงุฏู', 2, 1, 0, NULL, NULL, NULL, NULL, NULL, NULL, NULL, NULL, NULL, NULL, NULL, NULL, NULL, NULL, 'avatar.png', NULL, -1, NULL, '3710', '1735328556', '$2y$12$t3VsI7my7S9kQStnCwUvu.hUoztTVDa9uCZp7mAhAxP10J8xvJEl6', '2024-12-27 16:10:50', NULL, '1RXbfeIUdJ9RXn9HeCNXPbswXpvotsL7XwrFBXJ7noBwelAQnQHCMJ9k3nVB', NULL, 0, 0, 0, 0, 1, 1, 1, NULL, '2024-12-27 19:48:05', '2024-12-27 16:18:05'),
(69, '09134546770', 'ูุญูุฏุญุณู', 'ุฒุงุฑุน', 2, 1, 0, '4469731838', '73514', NULL, NULL, NULL, '490170000000303161210005', 409, 31, NULL, 'ุฑูุณุชุง ุนุตูุช ุขุจุงุฏ', 31, 409, 'ุงุณุชุงู ุฒุฏ ุดูุฑุณุชุงู ููุฑุฒ ุฑูุณุชุง ุนุตูุช ุขุจุงุฏ ฺฉูฺู ูุงุฆู', '8981148491', 'image19441735355185.jpgimage73081735355256.jpg', 2, -1, NULL, '5309', '1735355039', '$2y$12$WzQkgstQn1.VidYYGbel7OfO55.cdddcwpWpfS96h4.wyLa7fBOHW', '2024-12-27 23:32:05', NULL, 'D6TZ4iPQtmjiDLPaVf8qSfJtLzP9wPmAN4XCCiacJ7gPPBictPwM2dhQefBd', 69, 1, 0, 0, 0, 1, 2, 1, NULL, '2025-02-01 10:19:15', '2025-02-01 06:49:15'),
(70, '09380303731', 'ูุฑฺฏุณ', 'ูฺฉุฒุง', 2, 2, 0, '4979958036', '356889', NULL, NULL, NULL, '090170000000110840705003', 13, 24, 'ุขู ููุง', 'ุงูููุงุจ', 24, 13, 'ุงุณุชุงู ฺฏูุณุชุงู ุดูุฑุณุชุงู ุงู ููุง ุจุฎุด ุณุฏ ูุดูฺฏุฑ ุฑูุณุชุง ุงูููุงุจ ููุฒู ููุฑุนู  ุฎูุงุฌู', '4939188575', 'avatar.png', 2, -1, NULL, '2438', '1735631593', '$2y$12$jigwaNy0e.RibUYxzw.QQ.4sBcBXSIy0EHhzkfAB.woP.qFv0BGZ6', '2024-12-31 04:21:25', NULL, 'cEfdanQQHw3WTZnRDwOqvYklC9tYUi0neMvlsCjESlQ18hobbXzHSJ4kDTAR', 70, 1, 0, 0, 0, 1, 1, 1, NULL, '2025-01-15 05:30:22', '2025-01-15 02:00:22'),
(71, '09373696609', 'ุฑูู', 'ูฺฉุฒุงุฆ', 2, 2, 0, '4979818481', '366721', NULL, NULL, NULL, '940170000000356344259003', NULL, NULL, 'ุงูุจุงุฑุงููู', 'ุงูู ุขุจุงุฏ', 24, 13, 'ุงุณุชุงู ฺฏูุณุชุงู ุดูุฑุณุชุงู ุขู ููุง ุดูุฑุงูุจุงุฑุงููู ุจุฎุด ูุดูฺฏุฑ ุฑูุณุชุง ุงูู ุขุจุงุฏ ฺฉูฺู ุงูุงู ุฎูู ฺฉู ููุฒู ุนุจุงุณ ฺุดฺฉ ุฑูู ูฺฉุฒุงุฆ', '4939191114', 'avatar.pngimage72941735634025.jpg', 2, 1, '4', '7960', '1735631604', '$2y$12$EkvcjDSeNwsLTY/CtogVMOvT.jjPLhHD6Z1/7bmPx3L56EM8s4WvG', '2024-12-31 04:21:44', NULL, 'DOK1AhsrsKRJamP2tApbf4WpXNhQtSArO7UtDjnhKplIrxIPhfD7Y5MkN61P', 11, 1, 0, 0, 0, 1, 1, 1, NULL, '2025-01-05 13:12:08', '2025-01-05 09:42:08'),
(72, '09012454885', 'ฺฉูุซูู', 'ุงูุฑ', 2, 1, 0, NULL, NULL, NULL, NULL, NULL, NULL, NULL, NULL, NULL, NULL, NULL, NULL, NULL, NULL, 'avatar.png', NULL, -1, NULL, '1503', '1735631669', '$2y$12$pFOGRp7Y91kJ3MR6YrS/Y.00BUHdoGwXH2/sbR3linH0GYxRPAIGC', '2024-12-31 04:29:39', NULL, NULL, NULL, 0, 0, 0, 0, 0, 0, 1, NULL, '2024-12-31 07:59:39', '2024-12-31 04:29:39'),
(73, '09026336534', 'ูุงุทูู', 'ฺุงุฑ', 2, 2, 0, '4970191026', '335580', NULL, NULL, NULL, '370170000000110344585001', 13, 24, 'ุงูุจุงุฑุงููู_ ุจุฎุด ูุดูฺฏุฑ', 'ุงูููุงุจ', 24, 13, 'ุงุณุชุงู ฺฏูุณุชุงู ุดูุฑุณุชุงู ุขู ููุง ุดูุฑ ุงูุจุงุฑุงููู ุจุฎุด ูุดูฺฏุฑ ุฑูุณุชุง ุงูููุงุจ', '4939188337', 'avatar.png', 2, -1, NULL, '5080', '1735631911', '$2y$12$9ZkdZp7DV2.5/IfPgVR4HuVqER45DAuJohVlnUzHCUqFvHolP3eXi', '2024-12-31 04:26:44', NULL, 'dEYF62KvuKxmLDGdiJFVuFnukvMryjI6QubCiNp9rxL9OFP7Ux8Sf4EXcbzS', 73, 1, 0, 0, 0, 0, 0, 1, NULL, '2024-12-31 08:02:26', '2024-12-31 04:32:26'),
(74, '09379967236', 'ุนู', 'ุนุงู ุฒุงุฏู', 2, 1, 0, NULL, NULL, NULL, NULL, NULL, NULL, NULL, NULL, NULL, NULL, NULL, NULL, NULL, NULL, 'avatar.png', NULL, -1, NULL, '8698', '1735733698', '$2y$12$tBDbyK8RQQXQiFTqFKw/3eYe/3XPdj2IX4vYJKcXr9BRR2oqbMJh2', '2025-01-01 08:43:34', NULL, 'WMzHAk2s8xcWNCTbCX2YQrj8fs9LZlIhBitcpIp6nfgCk9VzRiapGE63ApOh', NULL, 0, 0, 0, 0, 0, 0, 1, NULL, '2025-01-01 12:13:34', '2025-01-01 12:13:34'),
(75, '09389177962', 'ุฒูุฑุง', 'ุงุณูุนู', 2, 1, 0, NULL, NULL, NULL, NULL, NULL, NULL, NULL, NULL, NULL, NULL, NULL, NULL, NULL, NULL, 'avatar.png', NULL, -1, NULL, '7671', '1735939863', '$2y$12$TMJFzBr4uuM0wyn7fI3zIOU6XlmxREWHKUr5oa4efOwTk9hxoR.8K', '2025-01-03 17:59:58', NULL, 'WZtd3UPE5oTK74ESYJdaU7HzvP3sw8W08nUZV0QFGcCJjuAnYbljplWRGgQG', NULL, 0, 0, 0, 0, 0, 1, 1, NULL, '2025-01-03 21:30:31', '2025-01-03 18:00:31'),
(76, '09130396918', 'ุนู', 'ููฺฉุงุฑุฒ', 2, 1, 0, NULL, NULL, NULL, NULL, NULL, NULL, NULL, NULL, NULL, NULL, NULL, NULL, NULL, NULL, 'avatar.png', NULL, -1, NULL, '7457', '1735973631', '$2y$12$w5M2MhTKsZkD/zhTGCSY0O47lkET4aIIOalsbPMPgQzF3Nn.yRRQO', '2025-01-05 06:03:18', NULL, NULL, NULL, 0, 0, 0, 0, 0, 0, 1, '2025-01-05 11:42:52', '2025-01-05 15:12:52', '2025-01-05 11:42:52'),
(77, '09130396918', 'ุนู', 'ููฺฉุงุฑุฒ', 2, 1, 0, '1050352361', '249440', NULL, '139711081146', NULL, '0338714425006', 332, 4, 'ฺฉุงุดุงู', NULL, 11, 432, 'ฺฉุงุดุงู .ูุฏุงู ุฌูุงุฏ .ุจููุงุฑ ูุงุฏุฑ', NULL, 'image12141735974716.jpg', 4, 1, '0', '3580', '1736143738', '$2y$12$7wdMESeFN.yF2En6cIRkNONP9xHwA0RT8kxMkI71wx420.JNRPNSW', '2025-01-06 02:37:17', NULL, 'PYgWhLOvjTcyJDml7bacPbGF6z4rmqPiZ7nFCuXtgz6pkaZWoS7RTcqhNHTb', 77, 1, 0, 1, 0, 1, 1, 1, NULL, '2025-01-08 10:52:07', '2025-01-08 07:22:07'),
(78, '09140661725', 'ูุฑุถู', 'ูุงุธู ุฎููููุฏ', 2, 2, 0, '2900040663', '344626', NULL, NULL, NULL, '0349666320006', 423, 2, NULL, NULL, 2, 423, NULL, NULL, 'avatar.pngimage12451736270419.jpg', 2, -1, NULL, '4309', '1737144125', '$2y$12$td6iSWB7Reav.wln.XTtauzYHJMdRkAdslpkFkCoKG0QmZK./apoi', '2025-01-17 16:30:46', NULL, 'oa0zOMerWkhjMbBXQENOXixbTXRzaIawvZPDKMo3e22abB8WdxTeHiaQOkwk', 78, 1, 0, 0, 0, 1, 2, 1, NULL, '2025-02-01 09:48:22', '2025-02-01 06:18:22'),
(79, '09147256036', 'ููุฏ', 'ุงุญุณุงู', 2, 1, 0, NULL, NULL, NULL, NULL, NULL, NULL, NULL, NULL, NULL, NULL, NULL, NULL, NULL, NULL, 'avatar.png', NULL, -1, NULL, '6461', '1736237986', '$2y$12$pVYsNf4Q8M7ZgHTLiEoE7uYuvjuLENKJOP0sMIZU11XDqhUVwS5Im', '2025-01-07 04:48:05', NULL, 'L0Pa9aXvfJaq84h8fqPLO7hP22VvZ2YSmnYoaoj8sXy0CJF9cKwlKrDw4BEO', NULL, 0, 0, 0, 0, 0, 1, 1, NULL, '2025-01-07 08:18:51', '2025-01-07 04:48:51'),
(80, '09100311933', 'ุฌูุงุฏ', 'ููุญุฏ ูุฑ', 2, 1, 0, NULL, NULL, NULL, NULL, NULL, NULL, NULL, NULL, NULL, NULL, NULL, NULL, NULL, NULL, 'avatar.png', NULL, -1, NULL, '5989', '1736238864', '$2y$12$78VGaXQtw/8bgsUne6gEAOPY4HA.SDuaFgcntEv9FMRmqIKNDnLUy', '2025-01-07 05:25:35', NULL, '7um9fsJhSNaxlDq4quUSfEQ5GThHG9zFw58N7tNUeqph4nufseVuGOohy9EX', NULL, 0, 0, 0, 0, 1, 1, 1, NULL, '2025-01-08 07:31:27', '2025-01-08 04:01:27'),
(81, '09366911866', 'ุงูุงู', 'ุดูุฑุงุฑ', 2, 1, 0, NULL, NULL, NULL, NULL, NULL, NULL, NULL, NULL, NULL, NULL, NULL, NULL, NULL, NULL, 'avatar.png', NULL, -1, NULL, '7802', '1736239524', '$2y$12$jm0YkXWUegGk0iDQtA57Ae1QPS7xuEgNy/Dta5VKdIgUPTTCjAs7W', '2025-01-07 05:13:31', NULL, 've1nnUZd6K6kNRKytKQGlEAUXMq5o4BxUyJpc1ccyPaVlZ32IbuzS16qCwzy', NULL, 0, 0, 0, 0, 1, 1, 1, NULL, '2025-01-09 08:48:37', '2025-01-09 05:18:37'),
(82, '09369839916', 'ุนุจุงุณ', 'ุงุณุฏ', 2, 1, 0, '0371342635', '281487', '200982', NULL, NULL, '710170000000345732796007', 327, 19, 'ูู', NULL, 19, 327, NULL, NULL, 'image24431736335623.jpeg', 3, -1, NULL, '2670', '1736242676', '$2y$12$nk9qDjxFbLeRHKlZAVwU0Otbkm3Osp9qXz/hYUknhdYO2g1ZIUHSi', '2025-01-08 07:05:07', NULL, 'e1t4uyZwihDIbXGyPrjKclXqPZnU0EbEA4CKsliMdWUaJ84zmJdtJ3Os53qB', 82, 1, 1, 0, 0, 1, 0, 1, NULL, '2025-01-08 11:28:20', '2025-01-08 07:58:20'),
(83, '09945556581', 'ุณููุงู', 'ุตุงุฏู', 2, 1, 0, NULL, NULL, NULL, NULL, NULL, NULL, NULL, NULL, NULL, NULL, NULL, NULL, NULL, NULL, 'avatar.png', NULL, -1, NULL, '5139', '1736249056', '$2y$12$jqgZJVcW1IaP2TarwNqws.TMVxIJ0gdYItonDvSExBYNSMStuKYP.', '2025-01-07 07:52:35', NULL, 'TLZ8YWWB1dWT9dhdE06HjsZ8ONpTwmEVvLhbMHaGtCnpjnk1sMNx28Ixbp90', NULL, 0, 0, 0, 0, 0, 0, 1, NULL, '2025-01-07 11:22:35', '2025-01-07 11:22:35'),
(84, '09174584229', 'ุณูุง', 'ุทุงูุฑุงู', 2, 1, 0, NULL, NULL, NULL, NULL, NULL, NULL, NULL, NULL, NULL, NULL, NULL, NULL, NULL, NULL, 'avatar.png', NULL, -1, NULL, '7992', '1736266059', '$2y$12$Ztfgk9JBaoSWGe5azx55ZuIR.qTcyLxGPngTo/ws1xzIJJ/dP4BsG', '2025-01-07 12:35:48', NULL, 'eBCHApcnWN6k1nqbdrRnnQ1ck0e1t3ceqHxK1rhOH7SNTJopjTDGVoIF3TVD', NULL, 0, 0, 0, 0, 1, 2, 1, NULL, '2025-02-01 18:51:39', '2025-02-01 15:21:39'),
(85, '09196638264', 'ูุฑฺฏุณ', 'ูุฑุจุงู ูพูุฑ', 2, 1, 0, NULL, NULL, NULL, NULL, NULL, NULL, NULL, NULL, NULL, NULL, NULL, NULL, NULL, NULL, 'avatar.png', NULL, -1, NULL, '9172', '1736273492', '$2y$12$LpidmsKxxmIaHWHJt1VkKeoyBaH3lt5l5wGDSnuV5Dknapk82CpC6', '2025-01-07 14:39:45', NULL, 'J4S5rIYzlY7UCdNJgwYrFNbTPnYmTGTJxGUgMrj0snVN4knkV6omSeDntRCF', NULL, 0, 0, 0, 0, 0, 0, 1, NULL, '2025-01-07 18:09:45', '2025-01-07 18:09:45'),
(86, '09186217494', 'ูพูุงู', 'ุจุฏุฑ', 2, 1, 0, '3240879174', NULL, NULL, NULL, NULL, '950170000000230831215006', 339, 22, NULL, NULL, 22, 339, NULL, NULL, 'avatar.png', 1, -1, NULL, '4504', '1736274330', '$2y$12$AVV4LEjcIvjcSnwcKipcgeuHNvathOiURIjEfQBYOAVDR6927MxOO', '2025-01-27 14:30:39', NULL, 'vMDfxC7m8pSYa2emc3ndZcQM4nSYfXUkSnMN57NnmxF7ZZiZSm1SXCYvZOPE', 86, 0, 0, 0, 0, 0, 1, 1, NULL, '2025-01-27 18:07:49', '2025-01-27 14:37:49'),
(87, '09916505819', 'ูุงุทูู', 'ุณุนุฏ ุฏูุงูุงู', 2, 1, 0, NULL, NULL, NULL, NULL, NULL, NULL, NULL, NULL, NULL, NULL, NULL, NULL, NULL, NULL, 'avatar.png', NULL, -1, NULL, '1700', '1736276628', '$2y$12$VdRjgmJV6Orelk0EjQDvXuOCB5F6N4XaKIutETSQGLyjKqcCG2m02', '2025-01-07 15:33:17', NULL, 'NgaCfryX7L93Ll1LsfJorFWUpvV5BROOBeSKnJXRpcPGvb9HVMlP8BD3nsnW', NULL, 0, 0, 0, 0, 0, 0, 1, NULL, '2025-01-07 19:03:17', '2025-01-07 19:03:17'),
(88, '09331105463', 'ุงูุฏ', 'ุฏุฑุญ', 2, 1, 0, NULL, NULL, NULL, NULL, NULL, NULL, NULL, NULL, NULL, NULL, NULL, NULL, NULL, NULL, 'avatar.png', NULL, -1, NULL, '5476', '1736276768', '$2y$12$H7DSazSZwNFxSDuesVDqzOA9fi7R.vyw6eKmP9GI6kau41NQdQG5m', '2025-01-07 15:34:55', NULL, 'mbKRKREg9z4Ahic2As01O5oDARCSFb75PivZzzfeP3iDoApX1Aka32f33xbS', NULL, 0, 0, 0, 0, 1, 0, 1, NULL, '2025-01-08 06:27:35', '2025-01-08 02:57:35'),
(89, '09127487179', 'ุญ', 'ุญุณุงู', 2, 1, 0, NULL, NULL, NULL, NULL, NULL, NULL, NULL, NULL, NULL, NULL, NULL, NULL, NULL, NULL, 'avatar.png', NULL, -1, NULL, '3481', '1736276886', '$2y$12$jwtTVvRJUQ1MX4CacFqrRO.exvvYhGnBtpPaCA/nYrCUWg26418/K', '2025-01-07 15:36:38', NULL, 'Mcpr3hDHjioOW8wrrjpulFMeR3yhs6dOvTbW1QDHomTKTA8fMqxFxdnm5NKr', NULL, 0, 0, 0, 0, 1, 1, 1, NULL, '2025-01-08 05:00:33', '2025-01-08 01:30:33'),
(90, '09176830793', 'ูุนุตููู', 'ุนุจุงุณ', 2, 1, 0, NULL, NULL, NULL, NULL, NULL, NULL, NULL, NULL, NULL, NULL, NULL, NULL, NULL, NULL, 'avatar.png', NULL, -1, NULL, '2836', '1736276996', '$2y$12$DhHEtIOZkmRXaxccgo4/v.Xd1H.rpD8Dt6NGsYedKGX5agEKaOvRO', '2025-01-07 15:38:11', NULL, 'RRO95jL7z5db7JkCxBGToUTLEQKi77BIpTT7izLRO8ZVRZDAP72QKIg7vXfN', NULL, 0, 0, 0, 0, 0, 1, 1, NULL, '2025-01-07 19:39:22', '2025-01-07 16:09:22'),
(91, '09191486248', 'ุฑูุญ ุงููู', 'ูุฏู ุฒุงุฏู', 2, 1, 0, NULL, NULL, NULL, NULL, NULL, NULL, NULL, NULL, NULL, NULL, NULL, NULL, NULL, NULL, 'avatar.png', NULL, -1, NULL, '7664', '1736277136', '$2y$12$yBsM4mToatsBoJsYWs/imuvb.A4i3uLAdrjOxrJ1pd44Cqw0DcV1S', '2025-01-07 15:41:56', NULL, 'TdZhQxBzZ1mwcaF6yAf5UE44yQjXMeCqSc7uMBqbiKE2qzT7QVbphqUgPE6J', NULL, 0, 0, 0, 0, 0, 0, 1, NULL, '2025-01-07 19:11:56', '2025-01-07 19:11:56'),
(92, '09385542341', 'ุงุตุบุฑ', 'ุฒุงุฑุน', 2, 1, 0, '0384819060', 'ถฐตณน', NULL, NULL, NULL, '500170000000302932645007', 300, 30, 'ูุงููู', 'ุฒุฑูุงู   ุฎูุด ุงุจุงุฏ', 30, 300, NULL, 'ถตถฑฑตทนดถ', 'avatar.pngimage68801736277838.jpg', 3, -1, NULL, '6286', '1736277286', '$2y$12$JPDZyu.xPwNofw6XfzLjK.4MDdwTtZs2gT4wi.LYWpvlw3bT2ffH.', '2025-01-07 15:43:05', NULL, 'CErE0bXWvEvA0BQeCgnHleOhgTDbiT7YVMcMTIeSFsFH0nIPT3uUCElQXNyu', 92, 1, 0, 0, 0, 1, 1, 1, NULL, '2025-01-08 05:02:48', '2025-01-08 01:32:48'),
(93, '09364484997', 'ูุญูุฏ', 'ุงุญูุฏ', 2, 1, 0, NULL, NULL, NULL, NULL, NULL, NULL, NULL, NULL, NULL, NULL, NULL, NULL, NULL, NULL, 'avatar.png', NULL, -1, NULL, '9909', '1736277356', '$2y$12$Gnp24N9CzlpYP.ogKofhOOulYEQL8IEwHHz3KYUJ6E1ZCxdSne90K', '2025-01-07 15:44:09', NULL, 'BrbD7IAmdu57YyA7sMPKX7jKrt0qjq89bRyQwEvoa0Y18m6wk4GPIoEOtDXC', NULL, 0, 0, 0, 0, 1, 0, 1, NULL, '2025-01-08 05:06:31', '2025-01-08 01:36:31'),
(94, '09125529068', 'ุนู', 'ุดูุฑูุฒูุฑ', 2, 1, 0, '2909514102', '1263', '13707', NULL, NULL, '050170000000328534464007', 327, 19, 'ูู', NULL, 2, 423, 'ูู ดตูุชุฑ ุตุฏูู ุณ ูุชุฑ ูุงุฆู ฺฉูฺู ุดูุงุฑู  ต ฺูุงุฑุฑุงู ุฏูู ุฏุณุช ฺูพ ฺฉูฺู ุดูุฏูุนูุงุฑุงู', 'ตทถฑทดดทตฑ', 'image4701736525552.jpg', 3, -1, NULL, '6003', '1736277602', '$2y$12$7YUdrveIz/GWUSU/jdrH2OmRsoH.IoOPikloIwN2aNOeSRuyeABUa', '2025-02-01 07:00:10', NULL, NULL, 94, 1, 1, 0, 0, 1, 2, 1, NULL, '2025-02-01 10:31:39', '2025-02-01 07:01:39'),
(95, '09182970838', 'ููุดุฏ', 'ุงูุฑุงุณุงุจ', 2, 1, 0, NULL, NULL, NULL, NULL, NULL, NULL, NULL, NULL, NULL, NULL, NULL, NULL, NULL, NULL, 'avatar.png', NULL, -1, NULL, '9358', '1736278340', '$2y$12$KutLHtAHBvFV/JBvlDg6QeiZW8v5ZBMpKxGj4tIGdm94OUYoXZR9C', NULL, NULL, NULL, NULL, 0, 0, 0, 0, 0, 0, 1, NULL, '2025-01-07 19:30:15', '2025-01-07 16:00:15'),
(96, '09191602034', 'ูุญูุฏ', 'ุงูุชุงุฏู', 2, 1, 0, NULL, NULL, NULL, NULL, NULL, NULL, NULL, NULL, NULL, NULL, NULL, NULL, NULL, NULL, 'avatar.png', NULL, -1, NULL, '9844', '1736278538', '$2y$12$pYfziw6uik4OnMqXXi1V4.AB165NRtnczwhBUcLXkkSa/lBxp7JU2', NULL, NULL, NULL, NULL, 0, 0, 0, 0, 0, 0, 1, NULL, '2025-01-07 19:33:33', '2025-01-07 16:03:33'),
(97, '09193591448', 'ูุญูุฏ ุญุณู', 'ููุงุญ ุฎุฏุงู', 2, 1, 0, NULL, NULL, NULL, NULL, NULL, NULL, NULL, NULL, NULL, NULL, NULL, NULL, NULL, NULL, 'avatar.png', NULL, -1, NULL, '3172', '1736279362', '$2y$12$W0J4MII0/v.4F31s3IXrI.Db8kUsr7t2jn/Q4Hkvb9C90pSVf1zeO', '2025-01-07 16:21:06', NULL, NULL, NULL, 0, 0, 0, 0, 1, 0, 1, NULL, '2025-01-08 05:15:10', '2025-01-08 01:45:10'),
(98, '09916661401', 'ูุฑุถู', 'ุณูฺูู', 2, 1, 0, NULL, NULL, NULL, NULL, NULL, NULL, NULL, NULL, NULL, NULL, NULL, NULL, NULL, NULL, 'avatar.png', NULL, -1, NULL, '9564', '1736279457', '$2y$12$aCSn.97BPAgMA8xN0VRAwO/fvDzgFkcbHo7i7PHOf31eH/OaQLQUm', '2025-01-07 16:19:14', NULL, NULL, NULL, 0, 0, 0, 0, 0, 0, 1, NULL, '2025-01-07 19:49:14', '2025-01-07 16:19:14'),
(99, '09380383654', 'ุฒูุฑุง', 'ุณูุงุฑ', 2, 1, 0, NULL, NULL, NULL, NULL, NULL, NULL, NULL, NULL, NULL, NULL, NULL, NULL, NULL, NULL, 'avatar.png', NULL, -1, NULL, '6026', '1736279574', '$2y$12$Vt9HLAeN.yOXZPGHAnoI0uBK7flHkJm0LMZNkF.bvstFKTAJzFWTy', '2025-01-07 16:21:53', NULL, NULL, NULL, 0, 0, 0, 0, 0, 1, 1, NULL, '2025-01-07 19:53:31', '2025-01-07 16:23:31'),
(100, '09159211971', 'ุณุฏ ุฎูู ุงููู', 'ุฑูุญุงู', 2, 1, 0, NULL, NULL, NULL, NULL, NULL, NULL, NULL, NULL, NULL, NULL, NULL, NULL, NULL, NULL, 'avatar.png', NULL, -1, NULL, '9786', '1736279680', '$2y$12$OhIWNWJJar2xFaD4K1Y9ZuS8f1/ZGUH2YL0zIIg1lNzGi/EzrnFx2', '2025-01-07 16:26:07', NULL, NULL, NULL, 0, 0, 0, 0, 0, 0, 1, NULL, '2025-01-07 19:56:07', '2025-01-07 16:26:07'),
(101, '09183123831', 'ุนู', 'ุณุงุญ ุดุนุงุน', 2, 1, 0, NULL, NULL, NULL, NULL, NULL, NULL, NULL, NULL, NULL, NULL, NULL, NULL, NULL, NULL, 'avatar.png', NULL, -1, NULL, '7994', '1736280058', '$2y$12$X2M/3Cil5LWU236dVxDFDuuP6GobpzGKDt37aYw7MSn6C3PKaL65G', NULL, NULL, NULL, NULL, 0, 0, 0, 0, 0, 0, 1, NULL, '2025-01-07 19:58:53', '2025-01-07 16:28:53'),
(102, '09104646733', 'ูุญูุฏ ุญุณู', 'ุทุงูุจ', 2, 1, 0, NULL, NULL, NULL, NULL, NULL, NULL, NULL, NULL, NULL, NULL, NULL, NULL, NULL, NULL, 'avatar.png', NULL, -1, NULL, '4677', '1736280194', '$2y$12$LueNNBExUBoaGTjL9.HVg.yYAFzP/RqkkrgyVUmmrPva7M3cgBXRm', '2025-02-01 07:28:22', NULL, NULL, NULL, 0, 0, 0, 0, 0, 1, 1, NULL, '2025-02-01 10:58:54', '2025-02-01 07:28:54'),
(103, '09119763086', 'ุญุณู', 'ุนูู ูพูุฑ', 2, 1, 0, '4888695717', NULL, NULL, NULL, NULL, '460170000000223773615004', 417, 24, NULL, NULL, 24, 417, 'ุงุณุชุงู ฺฏูุณุชุงู ุดูุฑุณุชุงู ูููุฏุดุช ุฎุงุจุงู ุณุฏ ุฌูุงู ุงูุฏู ฺฉูฺู ุดูุฏ ฺุดูฺฉ ูพูุงฺฉ ท', '4981666156', 'avatar.pngimage4121737141835.jpg', 2, -1, NULL, '6583', '1736280412', '$2y$12$/RPS6ERDS4Lxz5jc0OgG3OKZERadhkhRMXwu1eKZBsVqinNeLAVC.', '2025-02-01 11:09:07', NULL, NULL, 103, 0, 0, 0, 0, 1, 2, 1, NULL, '2025-02-01 14:41:40', '2025-02-01 11:11:40'),
(104, '09112547184', 'ุงฺฉุฑู', 'ูุฑุฌ ููุงุฏู', 2, 1, 0, NULL, NULL, NULL, NULL, NULL, NULL, NULL, NULL, NULL, NULL, NULL, NULL, NULL, NULL, 'avatar.png', NULL, -1, NULL, '5059', '1736280617', '$2y$12$hu.scf7H8RZ/uWb./TtsbuLwgYGL4ZuZqONkUvk/CNEzLbVn/E6n.', '2025-01-07 16:38:40', NULL, '8aKD8cD7ZLrCiwDsE8K2uAJhb0u0LBbnJbXkQkf7eotJ949J675UbwSekzJi', NULL, 0, 0, 0, 0, 1, 0, 1, NULL, '2025-01-08 05:31:00', '2025-01-08 02:01:00'),
(105, '09162667613', 'ุฒูุฑุง', 'ฺฉููุฑุซ', 2, 1, 0, NULL, NULL, NULL, NULL, NULL, NULL, NULL, NULL, NULL, NULL, NULL, NULL, NULL, NULL, 'avatar.png', NULL, -1, NULL, '2468', '1736280637', '$2y$12$/FrYsMasz9uF7Mj/xUD06e1SoqaAQ2EJmNngYWWATADg7RnsjeXii', '2025-01-07 16:39:38', NULL, 'vJLiGDHLr7dVgO44cD18r7cq470CUcoCyo52FXXx8ftmYxwY6uOeYLx2K52F', NULL, 0, 0, 0, 0, 1, 1, 1, NULL, '2025-01-08 05:18:36', '2025-01-08 01:48:36'),
(106, '09145636374', 'ุณูุฑุง', 'ุงุณุฏูพูุฑ', 2, 1, 0, NULL, NULL, NULL, NULL, NULL, NULL, NULL, NULL, NULL, NULL, NULL, NULL, NULL, NULL, 'avatar.png', NULL, -1, NULL, '2265', '1736280682', '$2y$12$W2FftZoHLt8fHk/WMZa83utWihB4YrnELCwWZoONHLy/AcIM8RV6S', '2025-01-07 16:39:30', NULL, '0AxSeaaNo6NPXEZM7qUAot6SV4mbjcx3Q1BdpAJLRAYWC6TWaa9R5h8hBCx3', NULL, 0, 0, 0, 0, 0, 0, 1, NULL, '2025-01-07 20:09:30', '2025-01-07 20:09:30'),
(107, '09102809864', 'ููุฏ', 'ุจ ุจุงฺฉ', 2, 1, 0, '2572037912', '65059', '139429094', NULL, NULL, '760170000000205870087008', 327, 19, 'ูู', 'ูู', 19, 327, 'ูู  ูพุฑุฏุณุงู ุฎ  ูุฌุงุช ุฎูุงู ูุฌุชูุน ุณุฏููุฏ ุฑูุญุงู ุจููฺฉ ฒูุงุญุฏฑฒ', 'โโชณทฑฑณธถนนธโฌโ', 'avatar.png', 4, -1, NULL, '7437', '1736280727', '$2y$12$5vshCtIWwDCbck6wmUsye.X/EGFulzdVoU/.zsZ2wWFsFf2jhWob6', '2025-01-07 16:40:23', NULL, 'ktgkvuppvgKfnZcanrRUyCT6s2QvFJgp12fC7bzDxXlzsYTuodLy3Lodk3Oy', 107, 1, 1, 0, 0, 1, 0, 1, NULL, '2025-01-08 05:33:17', '2025-01-08 02:03:17'),
(108, '09118747132', 'ุงุญูุฏ', 'ุทูุณ', 2, 1, 0, NULL, NULL, NULL, NULL, NULL, NULL, NULL, NULL, NULL, NULL, NULL, NULL, NULL, NULL, 'avatar.png', NULL, -1, NULL, '8604', '1736280810', '$2y$12$FOPV7GB/HwqMZ3j8.7swlOvYk7oi/O7Qyb3HAsjn3fm8I0497x8qi', '2025-01-07 16:41:35', NULL, '1LcMdEYJhMV0aNHCMrLsM6gVs7OUJOme5Umm5eh3FZMC16U6hRKqS91VDTOY', NULL, 0, 0, 0, 0, 1, 0, 1, NULL, '2025-01-08 05:22:07', '2025-01-08 01:52:07'),
(109, '09133634158', 'ุนุจุงุณ', 'ุญุฏุฑุงู ููุฏู', 2, 1, 0, NULL, NULL, NULL, NULL, NULL, NULL, NULL, NULL, NULL, NULL, NULL, NULL, NULL, NULL, 'avatar.png', NULL, -1, NULL, '1016', '1736280820', '$2y$12$a3Bsr6Z3bKchKj/HCK8k1uxKzglJEXNvOhvDKr7BKSmThmRD4OWQq', '2025-01-07 16:41:48', NULL, 'gENHCfT96sUB87bRaMg4LNOfm8jIy9NRpSZq0RnXIlDwcJBehy38VMik14Cl', NULL, 0, 0, 0, 0, 0, 2, 1, NULL, '2025-02-01 16:36:56', '2025-02-01 13:06:56'),
(110, '09142135406', 'ูุงุทูู', 'ูุฑูุงุช ุฎู', 2, 1, 0, NULL, NULL, NULL, NULL, NULL, NULL, NULL, NULL, NULL, NULL, NULL, NULL, NULL, NULL, 'avatar.png', NULL, -1, NULL, '8275', '1736280836', '$2y$12$x..9hwCfj4uMziHqqdleReABxx9o6YPNqbgS0MFe/Ul0LQQDa8klG', '2025-01-07 16:42:41', NULL, 'NKj61QJq9uaDbELnZnhI7F4xXXH1ZY4OdYy28Vuy5QAtrfYhwM85mwOLAyz1', NULL, 0, 0, 0, 0, 1, 1, 1, NULL, '2025-01-08 05:26:50', '2025-01-08 01:56:50'),
(111, '09100997440', 'ูุฏุง', 'ฺุฑุงุบ', 2, 2, 0, '4940018652', NULL, NULL, NULL, NULL, '0357908502000', 176, 22, 'ฺฉุฑูุฏุบุฑุจ', 'ฺฏุงูุฏุงูู ุฎูุฑ', 22, 176, NULL, 'ถทถตฑธฑณทธ', 'image39891736281946.jpg', 2, -1, NULL, '9444', '1736280872', '$2y$12$Bt/UUUjpRzgvIgWQIV69Ne8keIKQiJSuLmYtIN4eyYIfe27Q3r1jy', '2025-01-07 16:42:40', NULL, 'hy0n7FyOGvUg0qrVso3lSvHown3wkvucIhDXXQ7O4k53wx01pH32XNtnd9Sk', 111, 0, 0, 0, 0, 1, 1, 1, NULL, '2025-01-08 05:32:07', '2025-01-08 02:02:07');
INSERT INTO `users` (`id`, `mobile`, `firstname`, `lastname`, `role_id`, `gender_id`, `is_not_citizen`, `codemeli`, `khadamat_code`, `tablighat_office_code`, `tablighat_organization_code`, `ovghaf_code`, `bank_account_number`, `city_id`, `province_id`, `city`, `village`, `native_province_id`, `native_city_id`, `address`, `postal_code`, `photo`, `education_id`, `status_id`, `level_id`, `confirm_code`, `confirm_time`, `password`, `last_login`, `creator_id`, `remember_token`, `editor_id`, `has_khadamat_code`, `has_tablighat_office_code`, `has_tablighat_organization_code`, `has_ovghaf_code`, `report_count`, `agree_count`, `work_status`, `deleted_at`, `created_at`, `updated_at`) VALUES
(112, '09134735684', 'ูุงุทูู', 'ุจุงูุฑ ฺฉูุงู', 2, 2, 0, '0381766748', 'ฑธฐถฐน', NULL, 'ฐณธฑทถถทดธ', NULL, '322121217007', 332, 4, 'ฺฉุงุดุงู', NULL, 4, 332, 'ุงุตููุงู ฺฉุงุดุงู ุฎ ุงูุฑ ฺฉุจุฑ ุงูุงุฑุณุชุงู ดฐ', NULL, 'avatar.png', 3, -1, NULL, '1596', '1736281373', '$2y$12$uCvCZTEY5fW..l4FY0qYx.6vtkGQKYZyMjIYhTxzPljEdYKoy8Ce2', '2025-01-07 16:52:25', NULL, 'JTuaMtC4tXJ8b1DcFfLiv2ya6GN00IJUCtpbOGShd09878cinzq2r5MpkSgQ', 112, 1, 0, 1, 0, 1, 1, 1, NULL, '2025-01-08 06:12:14', '2025-01-08 02:42:14'),
(113, '09123530993', 'ูุญูุฏุฑุถุง', 'ุดุฌุงุน', 2, 1, 0, NULL, NULL, NULL, NULL, NULL, NULL, NULL, NULL, NULL, NULL, NULL, NULL, NULL, NULL, 'avatar.png', NULL, -1, NULL, '9902', '1736281385', '$2y$12$6UtrmOE55oQStK2P0Nb42eA0qFqeAerIm0ERs0/XTogXyb5W6C7AC', '2025-01-07 16:51:21', NULL, 'aT8sSBP7uzvRKtUTZ34VYflrRDkzhr3WDKKsc0fgoPTBhs6brc5oci11g68w', NULL, 0, 0, 0, 0, 0, 0, 1, NULL, '2025-01-07 20:21:21', '2025-01-07 20:21:21'),
(114, '09127493112', 'ููุฏ', 'ุขูุงุฒุงุฏู', 2, 1, 0, '2668815924', 'ตถทธธ', 'ฒฒฐตด', NULL, NULL, '780170000000102494997003', 327, NULL, 'ูู', NULL, 25, 380, 'ูู ูพุฑุฏุณุงู ุฎุงุจุงู ุดูุฏุญุงูุฏูุงูุฌุชูุน ุดูุฏุณุนุฏ ุจููฺฉ ถูุงุญุฏท', NULL, 'image91791738408067.jpg', 4, -1, NULL, '1374', '1736282098', '$2y$12$SUCQ0SynwVxkHF9jgsPwp.CU6wVJuPpf6ee8COEbQ3dn8FQAZiZ/2', '2025-01-07 17:03:28', NULL, 'q77srAf6C4ADQ9C0ARxO86i7AW8dhrCfiQnsDom62oi8vcThO5mDpU9pQKEM', 114, 1, 1, 0, 0, 0, 2, 1, NULL, '2025-02-01 11:08:03', '2025-02-01 07:38:03'),
(115, '09931246238', 'ูุฑุจุง', 'ุตูุฏ ุงูุตุงุฑ', 2, 1, 0, NULL, NULL, NULL, NULL, NULL, NULL, NULL, NULL, NULL, NULL, NULL, NULL, NULL, NULL, 'avatar.png', NULL, -1, NULL, '5122', '1736283087', '$2y$12$PyWmq0Olbhfxn5khtLMHueiowdJHkr3c5jDnnxd6utrMmDVx2w4k.', '2025-01-07 17:19:46', NULL, '3oBrkJSFHjWwrTU1lqeDdAVC8mM0IcZawO5ORRpYuJZVgD2mjfPEaHSQxeDp', NULL, 0, 0, 0, 0, 0, 0, 1, NULL, '2025-01-07 20:49:46', '2025-01-07 20:49:46'),
(116, '09179300744', 'ุนูู', 'ุดูุน', 2, 1, 0, '2491588099', '66004', NULL, '139411033308', NULL, '550170000000306424684008', 430, 17, 'ู ุฑุฒ', NULL, 17, 430, 'ู ุฑุฒ ุฎ ุงูุงู ุฎูู ุฑู \nฺฉูฺู ุงูุงูโุฒุงุฏฺฏุงู ุน', '7491848468', 'avatar.pngimage84781736283642.png', 3, -1, NULL, '5197', '1736283282', '$2y$12$Za2p2BiFUBbNOUGtMU9mc.4vgx1QIdta98UpWo5oAGngRz2r69hqa', '2025-01-07 17:22:54', NULL, '4OkRg1Fx2aa2eNOs59zrpOEN84lapP2hJWrRn3otvZM7u7jybOX3DDIytvkr', 116, 1, 0, 1, 0, 0, 0, 1, NULL, '2025-01-07 21:02:59', '2025-01-07 17:32:59'),
(117, '09139873078', 'ููุฏ', 'ูุฑุฒุง', 2, 1, 0, NULL, NULL, NULL, NULL, NULL, NULL, NULL, NULL, NULL, NULL, NULL, NULL, NULL, NULL, 'avatar.png', NULL, -1, NULL, '4354', '1736284051', '$2y$12$U/pIERoFvULMLPH1miPZ8uPLdjbWejycrCcOf1fv1YeILTiAEY/em', '2025-01-07 17:35:57', NULL, 'xgzOksMlXaBIEK4OKzuCuGZAtDHEkdOIWq9HrxFiNztZqPi3rNJQwtr6eWgo', NULL, 0, 0, 0, 0, 1, 1, 1, NULL, '2025-01-08 06:23:50', '2025-01-08 02:53:50'),
(118, '09186761800', 'ุณุฏ ูุญูุฏ ุนู', 'ููุญ', 2, 1, 0, NULL, NULL, NULL, NULL, NULL, NULL, NULL, NULL, NULL, NULL, NULL, NULL, NULL, NULL, 'avatar.png', NULL, -1, NULL, '7855', '1736284326', '$2y$12$s.bCEWPbUqSk76ZfjUtvYeW4Rq5mtcpbLD1t1KjuZucGbcT8daCJ.', '2025-01-07 17:40:33', NULL, 'BzeQfcFF21f3B7F1lo8TugIrGcoqubDdAnotLkdS28VeFrykFGTitfWFoHwb', NULL, 0, 0, 0, 0, 0, 0, 1, NULL, '2025-01-07 21:10:33', '2025-01-07 21:10:33'),
(119, '09192514957', 'ุนู', 'ุตุงุฏู ูุง', 2, 1, 0, NULL, NULL, NULL, NULL, NULL, NULL, NULL, NULL, NULL, NULL, NULL, NULL, NULL, NULL, 'avatar.png', NULL, -1, NULL, '7127', '1736284780', '$2y$12$KP7IP48ymEeASzYqAQyBsOcTT55yuCssEivPe1pSetjnCnc4LG1yu', '2025-01-07 17:48:01', NULL, '3bRmzSzWBCPnuaRsOt0A1rhE5Pcon62Oq8FCZLe05yNZFXGzv0qkQmeuPKwa', NULL, 0, 0, 0, 0, 0, 0, 1, NULL, '2025-01-07 21:18:01', '2025-01-07 21:18:01'),
(120, '09175461593', 'ูุงุทูู', 'ุณุงูุงุฑ', 2, 2, 0, '4699473946', 'ณนตณฒต', NULL, NULL, NULL, '330170000000340057530003', 216, 29, 'ุฏูุจุงุฑุฒ', 'ุฎ ุดูุฏ ุฏุณุชุบุจ', 29, 216, 'ูุฑูุฒฺฏุงู.ุฑูุฏุงู.ุฏูุจุงุฑุฒ .ุฎ ุดูุฏ ุฏุณุชุบุจ', 'ทนนฑนนดณฑต', 'avatar.pngimage70251738517317.heic', 2, -1, NULL, '7870', '1736284897', '$2y$12$zIiBYFgZQS9leRYvAkehAeDoB3jg4GxBuJfu2Yvj3cIv8lJqRoD/O', '2025-01-07 17:51:19', NULL, '18wApqfUHL4oBtpSOcylZgIowMXcfCgYxcBQHC68tjXChrug7CUc2Fob7ku5', 120, 1, 0, 0, 0, 0, 2, 1, NULL, '2025-02-02 17:29:17', '2025-02-02 13:59:17'),
(121, '09171682412', 'ุงุจุฑุงูู', 'ุฌุนูุฑ  ุฎูุดู ุขุจุงุฏ', 2, 1, 0, NULL, NULL, NULL, NULL, NULL, NULL, NULL, NULL, NULL, NULL, NULL, NULL, NULL, NULL, 'avatar.png', NULL, -1, NULL, '7858', '1736286494', '$2y$12$xieJXdRx6b0dlGDY8DpyJuyLZ24PmuZdsH3WVWCHk1OwyoClzVZKu', '2025-01-07 18:16:38', NULL, 'qE3WRGEeQVaXpNhxEqpIPpxrArrSVk5QNoYTDyqvljxMnkRbO5vrgilazG7T', NULL, 0, 0, 0, 0, 0, 1, 1, NULL, '2025-01-07 21:48:20', '2025-01-07 18:18:20'),
(122, '09178210145', 'ุขููู', 'ุดุฑุฏู', 2, 2, 0, '5479918435', '414752', NULL, NULL, NULL, '870170000000218886543000', 375, 17, 'ุงุดฺฉูุงู', NULL, 17, 375, 'ุงุดฺฉูุงู . ุฎุงุจุงู ุณุฑุฏุงุฑ ุณููุงู ฺฉูฺู ูุนุฑุงุฌ ููุฒู ุณุฏ ุญุณู ุณุฎู ุณูุฌ', '7439114477', 'avatar.png', 2, -1, NULL, '1538', '1736298943', '$2y$12$KWXy3cTf3ohRipKEj7JNYeBS75h9f3OcCYPBG1JpPFP9mkf7n3p/K', '2025-01-07 21:43:59', NULL, 'XYsROV3qbjldW8rSZbRKMAOPNMN2GMPcf1fYt1xPGlWI97tFEUHbddQZB4Mq', 122, 1, 0, 0, 0, 1, 2, 1, NULL, '2025-02-01 13:41:05', '2025-02-01 10:11:05'),
(123, '09139302762', 'ูุฑุชุถ', 'ูุณูุงู', 2, 1, 0, NULL, NULL, NULL, NULL, NULL, NULL, NULL, NULL, NULL, NULL, NULL, NULL, NULL, NULL, 'avatar.png', NULL, -1, NULL, '6923', '1736301660', '$2y$12$d.igza7H0dxFOD7k7EdF4.S0IFSOb3vxaqvAi/PSVpLFbkO2az.5m', '2025-01-08 01:24:21', NULL, 'ocOh0m97cQCAysyKPoHivqMHTaY5ygBlbz5DznvvypoqPDWCGSMPFhvwH4Lx', NULL, 0, 0, 0, 0, 1, 1, 1, NULL, '2025-01-08 06:35:01', '2025-01-08 03:05:01'),
(124, '09188193029', 'ูุฏุง', 'ุณุนุงุฏุช ุตูุง', 2, 1, 0, NULL, NULL, NULL, NULL, NULL, NULL, NULL, NULL, NULL, NULL, NULL, NULL, NULL, NULL, 'avatar.png', NULL, -1, NULL, '9895', '1736307729', '$2y$12$4h.mkTg7Gtf/o2tTzgOfGOWxAtHI6CrD2SZwZloxbMp7I.AKDFWYi', '2025-01-08 00:10:28', NULL, '04NHCC31f9AZniT6cHlAOrBpJOd1Q4SejpBpK0ztlyBb9Kbvwq6gd9T02OHh', NULL, 0, 0, 0, 0, 1, 0, 1, NULL, '2025-01-08 06:32:09', '2025-01-08 03:02:09'),
(125, '09918535249', 'ุนู', 'ุนุงุดูุฑ', 2, 1, 0, NULL, NULL, NULL, NULL, NULL, NULL, NULL, NULL, NULL, NULL, NULL, NULL, NULL, NULL, 'avatar.png', NULL, -1, NULL, '7032', '1736309060', '$2y$12$69Y525mgvoolSAYtdf7m0eJaWzm7273mhQyMe4m7ltNbwpVxGOtNS', '2025-01-08 00:32:37', NULL, '1gm9sg7PFmWhgOGrB3jW8pbpcRo5ubzTc4y9JmYsp57TtIADfxk65GDFYDyU', NULL, 0, 0, 0, 0, 0, 1, 1, NULL, '2025-01-08 04:04:08', '2025-01-08 00:34:08'),
(126, '09179828078', 'ูุฑฺฏุณ', 'ูุฑุด', 2, 1, 0, NULL, NULL, NULL, NULL, NULL, NULL, NULL, NULL, NULL, NULL, NULL, NULL, NULL, NULL, 'avatar.png', NULL, -1, NULL, '5144', '1736309539', '$2y$12$JPns3.oJelQZrPcWe6pODeK8f9qWkUKovUZxeZpKT9aUbJYsm6422', '2025-01-08 00:41:17', NULL, 'r8W687tA4DMIJ9trjgfEA4SIL6LgVu8yrUcQ6GRP4RC5GCiJy5EoPfLg8DOH', NULL, 0, 0, 0, 0, 0, 0, 1, NULL, '2025-01-08 04:11:17', '2025-01-08 00:41:17'),
(127, '09138971315', 'ุญูุฏ', 'ฺฉุงุฑฺฏุฑ', 2, 1, 0, NULL, NULL, NULL, NULL, NULL, NULL, NULL, NULL, NULL, NULL, NULL, NULL, NULL, NULL, 'avatar.png', NULL, -1, NULL, '6925', '1736309997', '$2y$12$y/9.9kLFs/kEOkZbXpOYBO4AiDLjaQ5WfIgseoqz6nQIN9gjc8B0u', '2025-01-08 00:48:09', NULL, 'jgOMM4f4wWIdFkS23w8rFz3MBiRkU6a1NaF0re24zHiQRBNeiLVH22snfD4K', NULL, 0, 0, 0, 0, 1, 0, 1, NULL, '2025-01-08 06:33:56', '2025-01-08 03:03:56'),
(128, '09357334517', 'ูุญุณู', 'ฺฉููุณุชุงู', 2, 1, 0, NULL, NULL, NULL, NULL, NULL, NULL, NULL, NULL, NULL, NULL, NULL, NULL, NULL, NULL, 'avatar.png', NULL, -1, NULL, '7853', '1736311430', '$2y$12$tphZWxTvagyVruLnayvMb.27k/aFTE7o6.ObiyYdyt/sgyvDScjq6', '2025-01-08 01:12:45', NULL, 'pOeL3lt4dCf4yi6GX81zFbaqIimH8QkPtR5gHpFiqxpYTCdtRaWLqjhQmgLJ', NULL, 0, 0, 0, 0, 0, 1, 1, NULL, '2025-02-03 05:27:18', '2025-02-03 01:57:18'),
(129, '09189514421', 'ุญุณู', 'ุฎุฒุงุฆ', 2, 1, 0, NULL, NULL, NULL, NULL, NULL, NULL, NULL, NULL, NULL, NULL, NULL, NULL, NULL, NULL, 'avatar.png', NULL, -1, NULL, '9611', '1738428221', '$2y$12$qqyacJBTETtAM94Zkc4c8ef5TRc/rq8ISoE2Yn.plZynfdVDIVKde', '2025-02-01 13:11:52', NULL, '7sofesa19lMvOxmu7PFqnJh40uRAwCkwhj6CtRKkgHY45e7rlz1jOhzUXyG1', NULL, 0, 0, 0, 0, 0, 1, 1, NULL, '2025-02-01 16:43:26', '2025-02-01 13:13:26'),
(130, '09194510873', 'ุงููุงุฑ', 'ูุญุณู', 2, 1, 0, NULL, NULL, NULL, NULL, NULL, NULL, NULL, NULL, NULL, NULL, NULL, NULL, NULL, NULL, 'avatar.png', NULL, -1, NULL, '7326', '1736312550', '$2y$12$7Sh83SlZkeaC0eyYssnSsOpe5D2iGfX4f5fE2mvDjjXHipaBbeZOe', '2025-01-08 01:30:43', NULL, 'CrzPjFNzZSBZQA3TzaOl63J1oa6uG1WyZwaDeeaMSP7qeGQwEC1XKOBsMSZj', NULL, 0, 0, 0, 0, 0, 0, 1, NULL, '2025-01-08 05:00:43', '2025-01-08 05:00:43'),
(131, '09153216541', 'ุณุฏ ูุญูุฏ', 'ูุงุฌ', 2, 1, 0, NULL, NULL, NULL, NULL, NULL, NULL, NULL, NULL, NULL, NULL, NULL, NULL, NULL, NULL, 'avatar.png', NULL, -1, NULL, '8765', '1736313106', '$2y$12$uLSYjdAVIdde0RXWsWwMcubgFBpr2KB1AyHLJq320KwxdOtSEK90S', '2025-01-08 01:39:56', NULL, 'AxQxTuQ93XrCKB2ZNVXKaEPv3i2lhEETPtbLZxYdjnjU6sQ94zrVoqDhxHVl', NULL, 0, 0, 0, 0, 0, 0, 1, NULL, '2025-01-08 05:09:56', '2025-01-08 05:09:56'),
(132, '09352659924', 'ูุญูุฏ', 'ฺฉูุงู', 2, 1, 0, '0640719279', '427133', NULL, NULL, NULL, '362221852003', 396, 11, NULL, NULL, 10, 99, 'ุณุฏโ.ุฎุงุจุงู ูุงุฆู.ูุขู ณณ.ูพูุงฺฉ ฑท', NULL, 'avatar.png', 2, -1, NULL, '8974', '1736313978', '$2y$12$ehxKxdO8Zi/IXPsEm9AsiumW9RQtD21FS3IHSauSlmR0648MgTfyi', '2025-01-08 01:54:25', NULL, '1wAYYJT7ustgxdV9qDB1OwNflQqFgBbetHz3EB2EUKhgXeSH8iCmY5PIx8na', 132, 1, 0, 0, 0, 1, 1, 1, NULL, '2025-01-17 19:31:01', '2025-01-17 16:01:01'),
(133, '09151672206', 'ูุญูุฏ ูุงุฏ', 'ุงูุฑ', 2, 1, 0, NULL, NULL, NULL, NULL, NULL, NULL, NULL, NULL, NULL, NULL, NULL, NULL, NULL, NULL, 'avatar.png', NULL, -1, NULL, '4330', '1736318211', '$2y$12$44DsUn4dJBGwLZOO1sCGT.l515Bl4NZMssyayBxHuMpV70uahBts6', '2025-01-08 03:05:27', NULL, 'JQgZxdu7UrAmSzTOnKC3eCV6UNXIEe7gLtPMU1gWJjrA6L2s2tKcq7VhP9KH', NULL, 0, 0, 0, 0, 0, 1, 1, NULL, '2025-01-08 06:36:20', '2025-01-08 03:06:20'),
(134, '09366201700', 'ุนุจุงุณ', 'ุฎุฏุฑ', 2, 1, 0, NULL, NULL, NULL, NULL, NULL, NULL, NULL, NULL, NULL, NULL, NULL, NULL, NULL, NULL, 'avatar.png', NULL, -1, NULL, '1448', '1736319975', '$2y$12$Cbe5dpiXDuT1RuglEDx0l.vCDAp6kVzDyT77ZIyGRxf32/2Q3Oxcy', '2025-01-08 03:34:25', NULL, '8gBvQobL1wYShZoSGolVV590gGfUID7Vb8Jaro5TZtHL9IWAtXlk5Y2xlQmc', NULL, 0, 0, 0, 0, 1, 1, 1, NULL, '2025-01-09 08:50:11', '2025-01-09 05:20:11'),
(135, '09139575423', 'ุตุบุฑ', 'ุฑุงุฒููุงู', 2, 1, 0, NULL, NULL, NULL, NULL, NULL, NULL, NULL, NULL, NULL, NULL, NULL, NULL, NULL, NULL, 'avatar.png', NULL, -1, NULL, '6574', '1736343224', '$2y$12$Xa6qljAZ4Oliu4GDy1uVm.Q.hWASmTkZLhDCE2rcBwOSKi.xtPbhK', '2025-01-08 10:02:01', NULL, 'TCEx7f0xVywwnYmbd8erDlykd1J021qWstJEjls2SM3RGZEQVWBB1edac1W4', NULL, 0, 0, 0, 0, 1, 0, 1, NULL, '2025-01-09 08:50:55', '2025-01-09 05:20:55'),
(136, '09374129940', 'ุฑูุญ ุงููู', 'ุญุฏุฑ', 2, 1, 0, NULL, NULL, NULL, NULL, NULL, NULL, NULL, NULL, NULL, NULL, NULL, NULL, NULL, NULL, 'avatar.png', NULL, -1, NULL, '7891', '1736357164', '$2y$12$UcSuaoEGd4O/OV/bLCGxIeTFmJPfT2U.j7ecW1gWfQj2GXyY8kypq', '2025-01-08 14:00:54', NULL, 'NLYeUqXB2T4v0tDu9WKsggA9cV7MogfjlpwuaFlWRlfhZzLxCLO6hUmSqc5d', NULL, 0, 0, 0, 0, 1, 0, 1, NULL, '2025-01-09 08:52:07', '2025-01-09 05:22:07'),
(137, '09108417355', 'ุงููู', 'ููุฑูุงูุงู', 2, 2, 0, '0016194764', '404907', NULL, NULL, NULL, '670620000000201335343001', 336, 5, NULL, NULL, 8, 126, 'ฺฉุฑุฌ ุนุธูู ูุฏุงู ุงุณุจ ุจููุงุฑ ุงุณุชููุงู ุดูุงู ุงูุชูุง ฺฉูฺู ุงููุงู ุดูุฏ ูุฎุชุงุฑ ูพูุงฺฉ 36 ูุงุญุฏ 8', NULL, 'avatar.png', 2, -1, NULL, '3650', '1736361602', '$2y$12$IbtR8OzfPf53SBuGNKGnuuY66siCLAl4kWH6LnbxK6qXDPRnpd9RO', '2025-01-18 10:01:34', NULL, '2XtlQHvqoM2HM09guDALA5Y9uSCQnjsuaEeOlwTPSjJARdfn6IBUcHr9SO73', 137, 1, 0, 0, 0, 1, 0, 1, NULL, '2025-01-18 13:31:34', '2025-01-18 10:01:34'),
(138, '09187248414', 'ูุญูุฏ', 'ุนุฒุฒ', 2, 1, 0, NULL, NULL, NULL, NULL, NULL, NULL, NULL, NULL, NULL, NULL, NULL, NULL, NULL, NULL, 'avatar.png', NULL, -1, NULL, '8128', '1736403110', '$2y$12$GIL79/zVJpj3Xx9FdCcAMO9/GKEFUPhHmc2DxH4kMn3cUIlJ2/L/a', NULL, NULL, NULL, NULL, 0, 0, 0, 0, 0, 0, 1, NULL, '2025-01-09 06:09:45', '2025-01-09 02:39:45'),
(139, '09188124541', 'ูุฑู', 'ูพููู', 2, 1, 0, NULL, NULL, NULL, NULL, NULL, NULL, NULL, NULL, NULL, NULL, NULL, NULL, NULL, NULL, 'avatar.png', NULL, -1, NULL, '5354', '1736490351', '$2y$12$/8bDIoQXHmKdibdIKgvIF.OmQDsSFj8EOedzPAJBf4yO8UJQbHf5a', '2025-01-10 02:53:58', NULL, 'PuWiCW5kW1fOtx1zvPjQAH1cjqKtYneiYfYPNH5GAJ3aIa4gQgJ4l1TYRCIC', NULL, 0, 0, 0, 0, 1, 0, 1, NULL, '2025-01-12 08:02:36', '2025-01-12 04:32:36'),
(140, '09019421609', 'ุงูู', 'ููุงุตุฑ', 2, 1, 0, NULL, NULL, NULL, NULL, NULL, NULL, NULL, NULL, NULL, NULL, NULL, NULL, NULL, NULL, 'avatar.png', NULL, -1, NULL, '8248', '1736495821', '$2y$12$QeD7ZxJZ2By3nol4ndSi0uTsjunCHuQ.vNuy9br/FEXPqH1hKuNcK', '2025-01-10 04:25:09', NULL, 'hyW1FWFyITISc6OCAvOykVYWgDnGQtZUqzbOFU4izQ0sgLsquipl23QAlqkU', NULL, 0, 0, 0, 0, 0, 1, 1, NULL, '2025-01-10 07:55:56', '2025-01-10 04:25:56'),
(141, '09184105607', 'ูุชุฑุง', 'ุญูู ูุจุตุฑ', 2, 2, 0, '3980155628', '341571', '3980155625', '3980155625', NULL, '480170000000351670419009', NULL, 30, 'ฺฉุจูุฏุฑุงููฺฏ', 'ูู', 30, 335, 'ฺฉุจูุฏุฑุงููฺฏ .ูพุงฺฏุงู ููุง ุดูุฏ ููฺู', '6551163135', 'image28191736615322.jpg', 2, -1, NULL, '4397', '1736614633', '$2y$12$Q9ieR.wfxRAnI3fxas8eFet.vrvul0XjOObTasfXyafORjWWH/huK', '2025-01-11 13:25:21', NULL, 'wdpWIAxCjf4jfJSkotAROhuM7QTboaIsRdUUXFlX06UnCEh1i388inwntbpg', 141, 1, 1, 1, 0, 1, 1, 1, NULL, '2025-01-15 18:13:04', '2025-01-15 14:43:04'),
(142, '09360911696', 'ููุฏ', 'ุงูุฑ', 2, 1, 0, NULL, NULL, NULL, NULL, NULL, NULL, NULL, NULL, NULL, NULL, NULL, NULL, NULL, NULL, 'avatar.png', NULL, -1, NULL, '9587', '1736764995', '$2y$12$ZGyn8JKjGfAPfzc9OFLcwOA5qd5lgetkeHXMtAzs4GEYnCTYCrIZO', '2025-01-13 07:11:25', NULL, 'KujbjFBSe1kmNJ0WmWt4SwCjHGLqpzGIU2XvhPWd9cdbFkaDrc7cXWmtsHOh', NULL, 0, 0, 0, 0, 0, 1, 1, NULL, '2025-01-13 10:45:35', '2025-01-13 07:15:35'),
(143, '09371108884', 'ููุญู', 'ุฑููฺฉ', 2, 2, 0, '0053699017', 'ณฐฑดฑท', '272052', NULL, NULL, '0170000000343468970001', 304, 5, 'ูุฑุฏุณ', 'ูุฑุฏุณ', 5, 304, 'ูุฑุฏุณ ููฺฉู ฺูุงุฑู ุฎุงุจุงู ฺููู ุดุฑู ูุฏุฑุณู ุนููู ุชุฎุตุต ฺฉูุซุฑ', '3175975648', 'image93741737140212.jpg', 2, -1, NULL, '2479', '1737139599', '$2y$12$vhcNWq/VyFlnGqhevAlKhOCz/NBMHMZl7dyjAQk.1l5SGhLtngYIq', '2025-01-17 15:14:46', NULL, 'UCazfe8gcboKXp544gsU8gl3i0L1Zn3PpnLgDuLoYHfopbUbhFxDfYfdMz2X', 143, 1, 1, 0, 0, 0, 0, 1, NULL, '2025-01-17 18:56:56', '2025-01-17 15:26:56'),
(144, '09149816172', 'ูุญูุฏ', 'ุฌูุงููุฑุฏ', 2, 1, 0, NULL, NULL, NULL, NULL, NULL, NULL, NULL, NULL, NULL, NULL, NULL, NULL, NULL, NULL, 'avatar.png', NULL, -1, NULL, '1629', '1737139644', '$2y$12$vgZ.U.vuOACT10uolnYp2OkKIQGgq9Xs0.3yYXP/6LpGVNTkcpP5.', '2025-01-17 15:15:30', NULL, 'p47MvBHnr0MZif6zukx2XUXYDrMVoeUEA3EbyNx4mRDCiw3bED9rXoZfO1ZC', NULL, 0, 0, 0, 0, 0, 0, 1, NULL, '2025-01-17 18:45:30', '2025-01-17 18:45:30'),
(145, '09037323440', 'ูุงุทูู', 'ุขูุงูุฑุฏ', 2, 1, 0, NULL, NULL, NULL, NULL, NULL, NULL, NULL, NULL, NULL, NULL, NULL, NULL, NULL, NULL, 'avatar.png', NULL, -1, NULL, '5808', '1737139697', '$2y$12$sbdz7XadtL416p7k.rShxOU5pj7RJOsU/qpKpwBuq1havodovrz8K', '2025-01-17 15:16:50', NULL, 'Qq5uy3rG5CG13ZoY2HO7QyxWCzaQpGIEQOzCjuJQGsY5dG7cA4QPGg0Qu5fM', NULL, 0, 0, 0, 0, 0, 0, 1, NULL, '2025-01-17 18:46:50', '2025-01-17 18:46:50'),
(146, '09178813118', 'ุจุชูู', 'ุฒุงุฑุน', 2, 1, 0, NULL, NULL, NULL, NULL, NULL, NULL, NULL, NULL, NULL, NULL, NULL, NULL, NULL, NULL, 'avatar.png', NULL, -1, NULL, '5592', '1737139925', '$2y$12$ienwtAM2Kdi5r3vFNFLcvuS.ld8p5Ab0xiyEmxij/q7BUp.q0H7nC', '2025-01-17 15:20:25', NULL, 'IZkblq0bIxN1Fyr2kijk7yRId06G2wKHfNeK21iSq5Lji24OeMLEK676lctk', NULL, 0, 0, 0, 0, 0, 1, 1, NULL, '2025-02-01 11:17:47', '2025-02-01 07:47:47'),
(147, '09106125818', 'ุงุณุฑ', 'ุนุจุฏ ููุฏ', 2, 1, 0, NULL, NULL, NULL, NULL, NULL, NULL, NULL, NULL, NULL, NULL, NULL, NULL, NULL, NULL, 'avatar.png', NULL, -1, NULL, '9410', '1737140174', '$2y$12$OqzLOL1izKr4bm6KrCtWseQAoG57VQ6XDLCZCUWZtPx2A3JrJ0o6m', '2025-01-17 15:24:39', NULL, 'g3mtzJiDvzHiDH2uRCckLzeuYkAvzkTWdXpObq0ODslqpQ0NgwXqKgLeuYMP', NULL, 0, 0, 0, 0, 0, 0, 1, NULL, '2025-01-17 18:54:39', '2025-01-17 18:54:39'),
(148, '09397883044', 'ุจููู', 'ุจุงูุฑ ูุณฺฉ', 2, 1, 0, NULL, NULL, NULL, NULL, NULL, NULL, NULL, NULL, NULL, NULL, NULL, NULL, NULL, NULL, 'avatar.png', NULL, -1, NULL, '4967', '1737140224', '$2y$12$pG.ezT0mLdMCRVnUr/164Oh8RNc9fvH1BzDqYmVlAyx3hHJiHWHzS', '2025-01-17 15:26:55', NULL, 'mzUHXCAHTmJtburzJ8YZJZwfkWffKvIMRFmCXaBRwlMYi1MG2VnQMGxBMjCs', NULL, 0, 0, 0, 0, 0, 0, 1, NULL, '2025-01-17 18:57:25', '2025-01-17 18:57:25'),
(149, '09137009100', 'ุณุฏุงุจูุงููุงุณู', 'ุงูุถู ุจุฑูุฌู', 2, 1, 0, NULL, NULL, NULL, NULL, NULL, NULL, NULL, NULL, NULL, NULL, NULL, NULL, NULL, NULL, 'avatar.png', NULL, -1, NULL, '7635', '1737140629', '$2y$12$ahhf980DZMXpZJFMT4RQEuRZHoQcO./twU9q7A.6Ew75FbvtcHVFG', '2025-01-17 15:31:54', NULL, 'sJRuFPlCBDiZoMmwDmzYtOD0FZxM9iJiKmcvV6k0LSppxCihh6eMzlYEngcW', NULL, 0, 0, 0, 0, 0, 0, 1, NULL, '2025-01-17 19:01:54', '2025-01-17 19:01:54'),
(150, '09389376974', 'ูุฑู', 'ุฑูุฌุจุฑ', 2, 1, 0, NULL, NULL, NULL, NULL, NULL, NULL, NULL, NULL, NULL, NULL, NULL, NULL, NULL, NULL, 'avatar.png', NULL, -1, NULL, '4047', '1737140786', '$2y$12$NmPZ0rwcb4TxmqhGyv1x6e9JfDRtM64oszmo7iTEd9q2LOW3D4J8.', '2025-01-17 15:34:52', NULL, '9k7b5XYpUPybNBGh5bEFaB90sANkZ1sjNaNgdfhH3rP6oBJ1rDRTPhfU6On6', NULL, 0, 0, 0, 0, 0, 0, 1, NULL, '2025-01-17 19:04:52', '2025-01-17 19:04:52'),
(151, '09010282779', 'ุจุชูู', 'ููุงุญ ุฑุฌุจ ุฒุงุฏู', 2, 1, 0, NULL, NULL, NULL, NULL, NULL, NULL, NULL, NULL, NULL, NULL, NULL, NULL, NULL, NULL, 'avatar.png', NULL, -1, NULL, '3800', '1737140853', '$2y$12$BR8JfZ8c7oUuhQBbD/WRUuDCLGefmJ46XQ6WUIj/gWL6xSib1j4tS', '2025-01-17 15:36:11', NULL, 'rYKvT4i9xS9SUfSpGtHfJrbd3iz6k81jponj2KR3BVmOGFV2xVe1Q842wRYc', NULL, 0, 0, 0, 0, 0, 0, 1, NULL, '2025-01-17 19:06:11', '2025-01-17 19:06:11'),
(152, '09140587412', 'ุณูุฑุง', 'ุจุฑุฌ', 2, 1, 0, NULL, NULL, NULL, NULL, NULL, NULL, NULL, NULL, NULL, NULL, NULL, NULL, NULL, NULL, 'avatar.png', NULL, -1, NULL, '6491', '1737141169', '$2y$12$K5vT1YoUoRpMi5jirZJi9.yzni19EAPeU5ChRGTDUOWzneaCht2Vm', '2025-01-17 15:41:16', NULL, 'QuuvaNUNHG2idyP81nmUMReVak5st1RyKjZ4L95TpeBL5ZC1fJDsTwhGZuBB', NULL, 0, 0, 0, 0, 0, 0, 1, NULL, '2025-01-17 19:11:16', '2025-01-17 19:11:16'),
(153, '09183153089', 'ุนู ุงฺฉุจุฑ', 'ุณูุฑุงุจ', 2, 1, 0, NULL, NULL, NULL, NULL, NULL, NULL, NULL, NULL, NULL, NULL, NULL, NULL, NULL, NULL, 'avatar.png', NULL, -1, NULL, '2432', '1737141643', '$2y$12$h7iyPD5V0VxgpYePgg.F6.vYiGsW3iyO8Xr8g7aQNNAEZV6NubLcq', NULL, NULL, NULL, NULL, 0, 0, 0, 0, 0, 0, 1, NULL, '2025-01-17 19:18:38', '2025-01-17 15:48:38'),
(154, '09137586962', 'ูุญุจูุจู', 'ูููุฏุฑ', 2, 1, 0, NULL, NULL, NULL, NULL, NULL, NULL, NULL, NULL, NULL, NULL, NULL, NULL, NULL, NULL, 'avatar.png', NULL, -1, NULL, '1783', '1737141701', '$2y$12$XUzORdPfh9oxPTNrMjdUieLcD9JqNuJTWO.1xC/aAckchiSxcVlmG', '2025-01-17 15:50:08', NULL, 'EPmNaIbtfwAR6Oo8dzt9cHQNWrfdErhEgPuM9GKYsHT1iDpdBlzXRvEZcmlj', NULL, 0, 0, 0, 0, 0, 0, 1, NULL, '2025-01-17 19:20:08', '2025-01-17 15:50:08'),
(155, '09147148527', 'ุงุนุธู', 'ุจุงูุฑ', 2, 2, 0, '2909680924', '236893', NULL, NULL, NULL, '0314412304001', 423, 2, 'ููุฏู', 'ุจุฎุด ูุญูุฏุงุฑ', 2, 423, 'ุขุฐุฑุจุงุฌุงู ุบุฑุจ ุดูุฑุณุชุงู ููุฏูุฐุจุฎุด ูุญูุฏุงุฑ ุฎุงุงู ุดูุฏ ูฺฉุฎูุงู ููุฒู ุจุงูุฑ', '5766147331', 'avatar.png', 3, -1, NULL, '3243', '1737141784', '$2y$12$.AQCUQUoZXO3F2TB5UDVo./bRFxdFJDPgOIKkqhAIvtuzeHeHLVbW', '2025-01-17 15:51:32', NULL, 'ZzaoBeQwOCXe1uATvR3Ge9gwTPQ6QQtHf91g7jDK65AqH3b5j41eR4lEqQZ1', 155, 1, 0, 0, 0, 0, 0, 1, NULL, '2025-01-17 19:36:44', '2025-01-17 16:06:44'),
(156, '09179638653', 'ูุฑู', 'ุฑุญู ุฒุงุฏู', 2, 1, 0, NULL, NULL, NULL, NULL, NULL, NULL, NULL, NULL, NULL, NULL, NULL, NULL, NULL, NULL, 'avatar.png', NULL, -1, NULL, '6485', '1737142428', '$2y$12$Tk4EjWFQZMbXv4G9zEXlXuZHnY8cIZsZKBIHxa9WmWsEe1SF3YZZC', '2025-01-17 16:02:14', NULL, 'CvLcqeRUvBfQTT31WFgEzTdsXvXvemCXovVZHgJy9VznZUn0k79fBAiBffD8', NULL, 0, 0, 0, 0, 0, 0, 1, NULL, '2025-01-17 19:32:14', '2025-01-17 19:32:14'),
(157, '09162094456', 'ูุตุฑุช', 'ุขุฑููุฏ ุฌุฑุฌูุฏ', 2, 1, 0, NULL, NULL, NULL, NULL, NULL, NULL, NULL, NULL, NULL, NULL, NULL, NULL, NULL, NULL, 'avatar.png', NULL, -1, NULL, '6257', '1737142538', '$2y$12$OXUH5/f0M6nyZ4NMh.ooFO6eewZd6HVZ4m90efgFaYsNR7GZePXgW', '2025-01-17 16:03:47', NULL, '7qZuWXXybXaU6ajb3PU09mGepMExnS81BA1GBzEZWYtMkoAyqYZLuhu4P0SI', NULL, 0, 0, 0, 0, 0, 0, 1, NULL, '2025-01-17 19:33:47', '2025-01-17 19:33:47'),
(158, '09139488332', 'ุฒูุจ', 'ุงูุฑ ููุฒุง', 2, 1, 0, NULL, NULL, NULL, NULL, NULL, NULL, NULL, NULL, NULL, NULL, NULL, NULL, NULL, NULL, 'avatar.png', NULL, -1, NULL, '8285', '1737143361', '$2y$12$2ZCbNCbtpK1.4CVV5.TZheCIoKVzthDT1skRoxgQ9jypYKEGDztzC', '2025-01-17 16:17:35', NULL, 'OCPCWJ9rgpAl24ETrR6zNxAnCXzDH12TFsOfkK0J1qg8xZAOX0wt82TESuSp', NULL, 0, 0, 0, 0, 0, 1, 1, NULL, '2025-02-01 09:07:05', '2025-02-01 05:37:05'),
(159, '09132621784', 'ุฑูุญ ุงููู', 'ุนุจุงุณ', 2, 1, 0, '1262493064', 'ถถณทฐ', 'ณฒฑถด', 'ณฐดฑนฐฐตณ', NULL, '0307007209000', 7, 4, 'ุงุจูุฒุฏุขุจุงุฏ', 'ุญุณูู ุขุจุงุฏ ฺฉูุฑ', 4, 7, 'ุงุตููุงู ุดูุฑุณุชุงู ุขุฑุงู ูุจุฏฺฏู ุดูุฑ ุงุจูุฒุฏุขุจุงุฏ ุฏูุณุชุงู ุญุณู ุขุจุงุฏ ฺฉูุฑ  ุฑูุจุฑู ุญุฑู ูุทูุฑ ุดูุฏุง ฺฏููุงู', 'ธทดนฑตตนณถ', 'image96501738425245.jpg', 2, -1, NULL, '9586', '1737143393', '$2y$12$L7zxp1zf84XSKDS18ZKmRuWqgSceABLS405jCWiT7FOpOnDDA0Prq', '2025-02-01 12:22:40', NULL, 'hHrLrKlwUJOJdNDZS3jtXvFAC9gSKa7rKptBnanv1QXecCXiW3s9f6yMgEMz', 159, 1, 1, 1, 0, 0, 1, 1, NULL, '2025-02-01 16:00:02', '2025-02-01 16:00:02'),
(160, '09148583320', 'ูุงุทูู', 'ุจุฑุงู ุฒุงุฏู ฺุงูู', 2, 1, 0, NULL, NULL, NULL, NULL, NULL, NULL, NULL, NULL, NULL, NULL, NULL, NULL, NULL, NULL, 'avatar.png', NULL, -1, NULL, '5042', '1737144125', '$2y$12$RGw/PzXNRvRx5KXj/lbsw.5wWKtFpHxLmewScsHu8PvBUZmCQ8gBK', '2025-01-17 16:32:21', NULL, NULL, NULL, 0, 0, 0, 0, 0, 0, 1, NULL, '2025-01-17 20:02:21', '2025-01-17 16:32:21'),
(161, '09939118400', 'ุณูุฏู', 'ุตุงุฏู ุฌุนูุฑ', 2, 1, 0, NULL, NULL, NULL, NULL, NULL, NULL, NULL, NULL, NULL, NULL, NULL, NULL, NULL, NULL, 'avatar.png', NULL, -1, NULL, '1335', '1737144892', '$2y$12$FdRtN2IMCKf62q9bTiB7YuhI4xefFoUo98G0tk0vTZdvl3UwjZfeK', '2025-01-17 16:43:18', NULL, 'L9MreFt8inoXbU5zwmzMXoaLBSTnVNtKXplP7kQiXyu54jRABzdQzw4nt0e1', NULL, 0, 0, 0, 0, 0, 0, 1, NULL, '2025-01-17 20:13:18', '2025-01-17 20:13:18'),
(162, '09393085119', 'ุฎุฏุฌู', 'ุณุฑุญุฏ', 2, 1, 0, NULL, NULL, NULL, NULL, NULL, NULL, NULL, NULL, NULL, NULL, NULL, NULL, NULL, NULL, 'avatar.png', NULL, -1, NULL, '3425', '1737147613', '$2y$12$T3FeY82RXef1ACbMzsHFJ.LKmHQFMY34PjspOHwWTc2KKmlhrNyuC', '2025-01-17 17:28:33', NULL, '3jHBm1KwaGjQOrel92PqmXqDGIbj0fx5BBITPZDiG6UzTlVOwvK1IhZNH3Jm', NULL, 0, 0, 0, 0, 0, 0, 1, NULL, '2025-01-17 20:58:33', '2025-01-17 17:28:33'),
(163, '09101573253', 'ูุทู ุงููู', 'ููุงุนูุฏ', 2, 1, 0, NULL, NULL, NULL, NULL, NULL, NULL, NULL, NULL, NULL, NULL, NULL, NULL, NULL, NULL, 'avatar.png', NULL, -1, NULL, '5113', '1737148692', '$2y$12$5EEFu.mhJnrs1zK41qSr3OWzRuW/AHo031bRMlJE1PQIpX2i9QzL6', '2025-01-17 17:46:29', NULL, 'QLnbtTr46GEwG48LR3e3hk4ydaOUtlSinSzJrT8sOq9AcfgOLxeoiNIyLSOM', NULL, 0, 0, 0, 0, 0, 0, 1, NULL, '2025-01-17 21:16:29', '2025-01-17 21:16:29'),
(164, '09902865405', 'ูุฑุฏู', 'ุญุณู', 2, 1, 0, NULL, NULL, NULL, NULL, NULL, NULL, NULL, NULL, NULL, NULL, NULL, NULL, NULL, NULL, 'avatar.png', NULL, -1, NULL, '3561', '1737151733', '$2y$12$WtKlOEqWkBlzLps39XdJlOdoKcAsv2a2vq.FmuyCV97KANZqrzu32', '2025-01-17 18:37:08', NULL, 'Pyw6iYG6UttfFy8On7ydYHhj8CoPVLYNFQfrClV5u7oFZMNbaQZUVx2CG206', NULL, 0, 0, 0, 0, 0, 1, 1, NULL, '2025-02-02 13:24:53', '2025-02-02 09:54:53'),
(165, '09178829591', 'ุฒูุฑุง', 'ูููุฑุฏ', 2, 1, 0, NULL, NULL, NULL, NULL, NULL, NULL, NULL, NULL, NULL, NULL, NULL, NULL, NULL, NULL, 'avatar.png', NULL, -1, NULL, '5646', '1737169759', '$2y$12$bd4hjkVD0wN36XZcN42mI.kqWWrR7C7fXStjRMrg2cAJ5q8FCi.D6', '2025-01-17 23:37:45', NULL, 'skdkRERZrXbsIGd6BwFTIUpT938H51BvVZ4DxderelP22egf8opjN6uD3QEc', NULL, 0, 0, 0, 0, 0, 0, 1, NULL, '2025-01-18 03:07:45', '2025-01-18 03:07:45'),
(166, '09036091920', 'ุณุฏ ุงูุฑ', 'ููุณู', 2, 1, 0, NULL, NULL, NULL, NULL, NULL, NULL, NULL, NULL, NULL, NULL, NULL, NULL, NULL, NULL, 'avatar.png', NULL, -1, NULL, '2533', '1737171970', '$2y$12$QwQWuVpoStj57JJ8SfMiIecu31kWGiCVQOh0pSNs8oYjaMP9tzE32', '2025-01-18 00:18:38', NULL, NULL, NULL, 0, 0, 0, 0, 0, 0, 1, NULL, '2025-01-18 03:48:38', '2025-01-18 00:18:38'),
(167, '09158360873', 'ูุฑุชุถ', 'ุงุฒุฏ ุฒุฏุงู ุขุจุงุฏ', 2, 1, 0, NULL, NULL, NULL, NULL, NULL, NULL, NULL, NULL, NULL, NULL, NULL, NULL, NULL, NULL, 'avatar.png', NULL, -1, NULL, '8588', '1737175134', '$2y$12$9j0/SWMTQy.QTb2xIz1CYuwBjRitzaepP9KE0ruuDUWGGn8lJZp2q', '2025-01-18 01:07:09', NULL, 'Q3TORwODAGtBWHeoZY404Cc7SoOhXmv4Deu2Z6pHBLTzAaS2uoXbUWDVaZ2e', NULL, 0, 0, 0, 0, 0, 0, 1, NULL, '2025-01-18 04:37:09', '2025-01-18 04:37:09'),
(168, '09331284715', 'ุงุนุธู', 'ุขุฐุฑููู', 2, 1, 0, NULL, NULL, NULL, NULL, NULL, NULL, NULL, NULL, NULL, NULL, NULL, NULL, NULL, NULL, 'avatar.png', NULL, -1, NULL, '7313', '1737177090', '$2y$12$WTGIIWAWAtzBRR0OAtNqVu5sLkMvahIfsY0cV7Qu1zWUUfcn9qGna', '2025-01-18 01:39:34', NULL, 'gOJHyWfzZAzSTfsCet3It5XttdPQAZitLgYRnxDeGHXYPL2PlPEEfSAnOXbo', NULL, 0, 0, 0, 0, 0, 0, 1, NULL, '2025-01-18 05:09:34', '2025-01-18 05:09:34'),
(169, '09187248413', 'ูุญูุฏ', 'ุนุฒุฒ', 2, 1, 0, NULL, NULL, NULL, NULL, NULL, NULL, NULL, NULL, NULL, NULL, NULL, NULL, NULL, NULL, 'avatar.png', NULL, -1, NULL, '3108', '1737189342', '$2y$12$h2Fj5N62Lvsr0kQ3tCM0uOX7rF267vAFRiwVMnazNT2QhFg0cGjeu', '2025-02-01 15:01:33', NULL, 'waPyXFaKRjVqX0Bs8Ie3cpX4bRlxQJMmA124ZQr8c8zCY6GTa89WYtdM9YjN', NULL, 0, 0, 0, 0, 0, 1, 1, NULL, '2025-02-01 18:32:31', '2025-02-01 15:02:31'),
(170, '09118645607', 'ุทุงูุฑู', 'ฺฉุฑูุงู', 2, 1, 0, NULL, NULL, NULL, NULL, NULL, NULL, NULL, NULL, NULL, NULL, NULL, NULL, NULL, NULL, 'avatar.png', NULL, -1, NULL, '1703', '1737302105', '$2y$12$VzPzTUg3XSJxLr69JZ1UPOYSav1CbmEgYFqO4nqRgw7IKLFB3lKli', '2025-01-19 12:23:36', NULL, 'ASpovLxqv06Oz23jeBeAzWWtoUdFmW1Ap2pBjqq6DX3JgNZaP75eKyEoOsJr', NULL, 0, 0, 0, 0, 0, 0, 1, NULL, '2025-01-19 15:53:36', '2025-01-19 15:53:36'),
(171, '09176745975', 'ูุฌูู', 'ุฑุถุง', 2, 1, 0, NULL, NULL, NULL, NULL, NULL, NULL, NULL, NULL, NULL, NULL, NULL, NULL, NULL, NULL, 'avatar.png', NULL, -1, NULL, '9384', '1737318343', '$2y$12$Wxsa.I5Q4C3FIN8JyMKApOdjKrCvZVDm5XYnf22Hsq3nWtcwrQ0EK', '2025-01-19 16:54:07', NULL, 'VXkzcS85hB6o40CvWf3z0d3usN9Op0g6cvxnoyVhrXgNBxfsxzbhkmjLxe1B', NULL, 0, 0, 0, 0, 0, 0, 1, NULL, '2025-01-19 20:24:07', '2025-01-19 20:24:07'),
(172, '09139445701', 'ุณููู', 'ุดูฺฉ', 2, 1, 0, NULL, NULL, NULL, NULL, NULL, NULL, NULL, NULL, NULL, NULL, NULL, NULL, NULL, NULL, 'avatar.png', NULL, -1, NULL, '3245', '1737347401', '$2y$12$hGvRB1HK95U5xkns6nRhqOR/KD3BVvLuRs3j41vFVSoWAGFseFyFm', '2025-01-20 00:58:24', NULL, 'tY8T6NtZQoURHcYhhc6bt5OBHheoXYEgl0fR3trihvhIUu1qZ6qqAuobInNp', NULL, 0, 0, 0, 0, 0, 0, 1, NULL, '2025-01-20 04:28:24', '2025-01-20 04:28:24'),
(173, '09116154056', 'ุงูุงุณ', 'ุขูุงุฒุงุฏู', 2, 1, 0, NULL, NULL, NULL, NULL, NULL, NULL, NULL, NULL, NULL, NULL, NULL, NULL, NULL, NULL, 'avatar.png', NULL, -1, NULL, '4492', '1737355611', '$2y$12$D5Ea/eXTT.c2GPL8Sbqqj.KTPNg78Ol6FN8WiaZ6lPva94irzPpou', '2025-01-20 03:14:55', NULL, 'n2qB3Q6USsgtNCVSGVFJHGCgrXOV4xOSpF0HQPG8OVD9SNJ9oLWx909WWbv7', NULL, 0, 0, 0, 0, 0, 0, 1, NULL, '2025-01-20 06:44:55', '2025-01-20 06:44:55'),
(174, '09168618006', 'ูพูุงู', 'ุงุฎุชุฑ', 2, 1, 0, '4190300489', '225391', NULL, NULL, NULL, '0323098889005', 182, 6, 'ุฏุฑู ุดูุฑ', 'ุงุณุฏุขุจุงุฏ ุณูู', 26, 352, NULL, '6844119356', 'image92991737369616.jpg', 3, -1, NULL, '2329', '1737369308', '$2y$12$PpW6BkCoSyRS.b5fmzNCOOdUrMLMeHt6An1UpbQh9qqnmMie28ZaS', '2025-01-20 07:03:30', NULL, 'f8I90f5NLt2jPtOYK2djWhoqqfxEZYAVVBLhgd13Olc43XF2ztbaagskagvu', 174, 1, 0, 0, 0, 0, 0, 1, NULL, '2025-01-20 10:40:20', '2025-01-20 07:10:20'),
(175, '09145519622', 'ูุงุทูู', 'ูุญููุฏุชุงุด', 2, 1, 0, NULL, NULL, NULL, NULL, NULL, NULL, NULL, NULL, NULL, NULL, NULL, NULL, NULL, NULL, 'avatar.png', NULL, -1, NULL, '3982', '1737369521', '$2y$12$0W2Zhp3REL8mAVWFLW4sluvTqu2JEYQfcsSe9zq81g0KUjHJHdklS', '2025-01-20 07:07:59', NULL, '4A4JXp1GfXm73mLggKk94js4uUriVk5uHughPHYnmOy37FFJ1Ni3ZAC7xFsT', NULL, 0, 0, 0, 0, 0, 1, 1, NULL, '2025-02-01 08:58:23', '2025-02-01 05:28:23'),
(176, '09192888162', 'ุฑูู', 'ุนุจุฏู', 2, 1, 0, NULL, NULL, NULL, NULL, NULL, NULL, NULL, NULL, NULL, NULL, NULL, NULL, NULL, NULL, 'avatar.png', NULL, -1, NULL, '1158', '1737847604', '$2y$12$nhDYPS7Z/oI0nio1GjnbR.SaxNBtXfW6OEGjerspwoniqWenQRuAy', '2025-01-25 19:54:56', NULL, 'cOtG1kpb01hdI1Evmc4xfqf4MlxVRdt5ClsKzwHYbkNNMHehuDCWEDuB6tIN', NULL, 0, 0, 0, 0, 0, 0, 1, NULL, '2025-01-25 23:24:56', '2025-01-25 23:24:56'),
(177, '09158543150', 'ุนู', 'ุจุงูุฑ', 2, 1, 0, NULL, NULL, NULL, NULL, NULL, NULL, NULL, NULL, NULL, NULL, NULL, NULL, NULL, NULL, 'avatar.png', NULL, -1, NULL, '3496', '1738397034', '$2y$12$.1vGr1T16wMowx2VGPO7Ue1XpsM/GFA.MacyhhnMAqE/onv/eiITC', '2025-02-01 04:32:02', NULL, 'ub2cH7J7w42exqctra0ZNZXuCO81WY5XJuA0mp5VJa0XOoJpxja5BcNcHHGB', NULL, 0, 0, 0, 0, 0, 1, 1, NULL, '2025-02-01 08:03:27', '2025-02-01 04:33:27'),
(178, '09136517762', 'ุฒูุฑุง', 'ุจุงุถ ูพูุฑ ุฑูุณูุฌุงู ุฒุงุฏู', 2, 1, 0, NULL, NULL, NULL, NULL, NULL, NULL, NULL, NULL, NULL, NULL, NULL, NULL, NULL, NULL, 'avatar.png', NULL, -1, NULL, '3025', '1738397174', '$2y$12$EFQtCkqf1RbHJ7pqFlSHze1B.F9LIZhs148dWCCOmDxPqeaP174nu', '2025-02-01 04:34:35', NULL, 'NnwFUtEi5lIyExYU8ByEslZCNWE44jB39wFTWsO00yzWzEGiExvJlg9hi8aa', NULL, 0, 0, 0, 0, 0, 0, 1, NULL, '2025-02-01 08:04:35', '2025-02-01 08:04:35'),
(179, '09103416470', 'ุดูุง', 'ุฌุฒู ุฒุงุฏู', 2, 1, 0, NULL, NULL, NULL, NULL, NULL, NULL, NULL, NULL, NULL, NULL, NULL, NULL, NULL, NULL, 'avatar.png', NULL, -1, NULL, '6451', '1738399470', '$2y$12$GPDlDc6yPlo/cl1XqWs.Vu1cAlliG6P5J7Bw3ell8wBHAt5vFahOi', NULL, NULL, NULL, NULL, 0, 0, 0, 0, 0, 0, 1, NULL, '2025-02-01 08:42:25', '2025-02-01 05:12:25'),
(180, '09025264542', 'ุดูุง', 'ุฌุฒู ุฒุงุฏู', 2, 1, 0, NULL, NULL, NULL, NULL, NULL, NULL, NULL, NULL, NULL, NULL, NULL, NULL, NULL, NULL, 'avatar.png', NULL, -1, NULL, '2734', '1738399616', '$2y$12$1TmVqV53p1tzOqCOU0STdO1kByBpsYjoq.e/AehPjN1jD4vnd.SY2', NULL, NULL, NULL, NULL, 0, 0, 0, 0, 0, 0, 1, NULL, '2025-02-01 08:44:51', '2025-02-01 05:14:51'),
(181, '09158790527', 'ุฑุงุถู', 'ูฺฉุจุฎุช', 2, 1, 0, NULL, NULL, NULL, NULL, NULL, NULL, NULL, NULL, NULL, NULL, NULL, NULL, NULL, NULL, 'avatar.png', NULL, -1, NULL, '9652', '1738402701', '$2y$12$kVGFud0Tk3SryXSqVMh4Y.uBUUrEGuqKT8oulQCts6nZpk3oY9yoW', '2025-02-01 06:06:29', NULL, 'XA1Ue9mQDAeFdlkZBNg2M3iVn3D2sCDR5V4n9iTmqZM7W0BUnb1CXUnkESJ1', NULL, 0, 0, 0, 0, 0, 1, 1, NULL, '2025-02-01 09:37:21', '2025-02-01 06:07:21'),
(182, '09164156254', 'ูุญูุฏ', 'ุงููุงุฑ', 2, 1, 0, '2560087510', 'ฑธทดถท', NULL, 'ฒตถฐฐธทตฑฐ', NULL, '0305803135004', 309, 17, NULL, 'ุฏุณุชุฌู ฺฉูฺู ฒทูุฌุชูุน ุฎุฑู ุดูุฏ ูุณูุงู', 17, 309, 'ูุณุง ุฑูุณุชุง ุฏุณุชุฌู ฺฉูฺูฒท ูุฌุชูุน ุฎุฑู ุดูุฏ ูุณูุงู', '7461614488', 'image67111738414547.png', 3, -1, NULL, '8875', '1738405230', '$2y$12$KlpgcNDI4pZNAPFO08yx1eV7uIUIv18Xu3FomC6OumjNpaETbeC5O', '2025-02-01 06:48:38', NULL, 'QHOHRapMRv7NVxmMVRTGcO2tVd1ZMD5rVRGIPClw4dLzMt0iXGlAh7QN2Drp', 182, 1, 0, 1, 0, 0, 1, 1, NULL, '2025-02-01 12:55:51', '2025-02-01 09:25:51'),
(183, '09174867513', 'ุณูุงูู', 'ุฑุฆุณ', 2, 1, 0, NULL, NULL, NULL, NULL, NULL, NULL, NULL, NULL, NULL, NULL, NULL, NULL, NULL, NULL, 'avatar.png', NULL, -1, NULL, '3413', '1738405238', '$2y$12$aQShmvy3/bag3vG7USBIIujjtM3/LR.EHMZv1fOx0LuDt6L1AOhue', '2025-02-01 06:48:48', NULL, 'bBdVv3nVuoL46cl406z4QiVw5q9FSnfPpgqOwzIV1Fs6z0ZP4TqBqRg9rkxS', NULL, 0, 0, 0, 0, 0, 1, 1, NULL, '2025-02-01 10:19:13', '2025-02-01 06:49:13'),
(184, '09368503150', 'ุทุงูุฑู', 'ุนูุจุฑ', 2, 1, 0, NULL, NULL, NULL, NULL, NULL, NULL, NULL, NULL, NULL, NULL, NULL, NULL, NULL, NULL, 'avatar.png', NULL, -1, NULL, '7637', '1738407998', '$2y$12$EQ5OihjXWOD6O0wTmTzWZOd6hraX2fZXZEMwvWcFX4Q4sgzEoT3L6', '2025-02-01 07:35:01', NULL, '04OBuNqqClhWZjM5Aavn6dRvhmO34UhbxuFjZWpNb2kHbskD0Y8Sm5vfISP3', NULL, 0, 0, 0, 0, 0, 1, 1, NULL, '2025-02-01 11:08:55', '2025-02-01 07:38:55'),
(185, '09186730713', 'ูุฑุฒุงูู', 'ุณูุฑ', 2, 1, 0, NULL, NULL, NULL, NULL, NULL, NULL, NULL, NULL, NULL, NULL, NULL, NULL, NULL, NULL, 'avatar.png', NULL, -1, NULL, '7888', '1738408976', '$2y$12$v4i9KIvWL5uVr4WSsunFAObGAIzrfiCwCgCFgiBRcVUXo34wKj.4.', '2025-02-01 07:51:13', NULL, '2cOXBSf8RmXcyoZFAEXec9O6g4ztSQXZtxLFK95SLdVhXlzdqwC12DGGU4ec', NULL, 0, 0, 0, 0, 0, 1, 1, NULL, '2025-02-01 11:23:12', '2025-02-01 07:53:12'),
(186, '09153188130', 'ุณุฏ ุฎุฏุงุฏุงุฏ', 'ุตุงุฏู', 2, 1, 1, NULL, '101919', '50396', NULL, NULL, '040170000000306120028005', 396, 11, 'ูุดูุฏ', NULL, 11, 396, 'ูุดูุฏ ุดูุฑฺฉ ุดูุฏ ุฑุฌุง-ุญุฑฒธ ุงุฑููุฏ นูพูุงฺฉ 24 ุทุจูู ุณูู', NULL, 'image48311738412640.jpeg', 3, -1, NULL, '3703', '1738412209', '$2y$12$HO8Q4tzj7l4JFUJzdBO5pu8eMzyNucZD0R1T7yGrN/fzIKJ/CUauC', '2025-02-01 08:45:31', NULL, NULL, 186, 1, 1, 0, 0, 0, 1, 1, NULL, '2025-02-01 12:26:16', '2025-02-01 08:56:16'),
(187, '09373317195', 'ูุฑุถู', 'ูุฌูุงู ูุฌู ุขุจุงุฏ', 2, 1, 0, NULL, NULL, NULL, NULL, NULL, NULL, NULL, NULL, NULL, NULL, NULL, NULL, NULL, NULL, 'avatar.png', NULL, -1, NULL, '7385', '1738413426', '$2y$12$B3BMhRfvyKfT7F9wB/aLkuX6KhLZ.i059o5UISu6.jdomLgCdCwhy', '2025-02-01 09:06:25', NULL, 'NXI2jtjGuJpaRCWUvezcVzn5hNPrE6DJoRmJTzPP37w3Guowa6jg9MqpA7tJ', NULL, 0, 0, 0, 0, 0, 0, 1, NULL, '2025-02-01 12:36:25', '2025-02-01 09:06:25'),
(188, '09136358095', 'ููุฑ', 'ุฒุงุจู ุบุถููุฑ ุงุจุงุฏ', 2, 1, 0, NULL, NULL, NULL, NULL, NULL, NULL, NULL, NULL, NULL, NULL, NULL, NULL, NULL, NULL, 'avatar.png', NULL, -1, NULL, '3123', '1738416532', '$2y$12$AEwXfml0.Mb7ghtW7ibZx.lh411qSaGXM3x.l1FuMf7Jfq7SSk6Zu', '2025-02-01 09:57:08', NULL, 'Atx3j53vHMCS8h85xP8xdYdAvmNoyMqZfELgAFocKDlIkQuds2D04vw06W61', NULL, 0, 0, 0, 0, 0, 1, 1, NULL, '2025-02-01 13:29:09', '2025-02-01 09:59:09'),
(189, '09176433522', 'ุฑูุญ ุงููู', 'ููุดููุฏ', 2, 1, 0, NULL, NULL, NULL, NULL, NULL, NULL, NULL, NULL, NULL, NULL, NULL, NULL, NULL, NULL, 'avatar.png', NULL, -1, NULL, '5164', '1738424979', '$2y$12$tTpNATlEpgQU.2zFemCBIuhS/wWQarRqEKKsvlYr/krsqndUBaSti', '2025-02-01 12:17:52', NULL, '41TFtKOCgoXMFMAsgijcD9nJjDNIjW1zGJUbJK7b6Q1RGPfr7VHC0zggGRcx', NULL, 0, 0, 0, 0, 0, 1, 1, NULL, '2025-02-01 15:48:23', '2025-02-01 12:18:23'),
(190, '09390646231', 'ุฑุงุญูู', 'ุชุฑฺฉุงุดููุฏ', 2, 1, 0, NULL, NULL, NULL, NULL, NULL, NULL, NULL, NULL, NULL, NULL, NULL, NULL, NULL, NULL, 'avatar.png', NULL, -1, NULL, '4400', '1738430270', '$2y$12$TRGTxGUe2VzHsJxdItTykO6u1P4K.n4YPwIR1C.NMJAqRPxKhIHEO', '2025-02-01 13:45:57', NULL, 'nWvSsEOUSdgVYNdhFSB9F04ShD373QFMwPtBCrqHi7B0ox8TrNhkHlIKuKGo', NULL, 0, 0, 0, 0, 0, 1, 1, NULL, '2025-02-01 17:16:36', '2025-02-01 13:46:36'),
(191, '09190487425', 'ูุธูุฑ ุนุจุงุณ', 'ุฑุงุฌุง', 2, 1, 0, NULL, NULL, NULL, NULL, NULL, NULL, NULL, NULL, NULL, NULL, NULL, NULL, NULL, NULL, 'avatar.png', NULL, -1, NULL, '1566', '1738434221', '$2y$12$rDLHzE7Mwqypdj3uQ/f.Ke/RPrllpU98t0vdKipQ8Q7I0J1tViDre', '2025-02-01 14:51:53', NULL, 'PwLqBCKD3sH9OK7LZzcOv3Pp2dEmOR6lRn991qdQwcSG5ebljdVpx02whzSj', NULL, 0, 0, 0, 0, 0, 1, 1, NULL, '2025-02-01 18:22:40', '2025-02-01 14:52:40'),
(192, '09039646690', 'ุณุฏู ููุณู', 'ุญุณู ูฺุงุฏ', 2, 1, 0, NULL, NULL, NULL, NULL, NULL, NULL, NULL, NULL, NULL, NULL, NULL, NULL, NULL, NULL, 'avatar.png', NULL, -1, NULL, '5657', '1738441824', '$2y$12$h/4Vk6vbBJGOYGg7S6ovhOvw5Id32CzAY8T52AiTYYsQIbpUH4TqC', '2025-02-01 16:58:49', NULL, 'gDEBUBKs8rZvqMD4UgzsHtQX4FICOiTkHyLrEF3MvnLMRtadCqhpNYqQDdZA', NULL, 0, 0, 0, 0, 0, 0, 1, NULL, '2025-02-01 20:28:49', '2025-02-01 20:28:49'),
(193, '09029380978', 'ุณุนุฏ', 'ุฎูู ูุง', 2, 1, 0, '5260310985', NULL, NULL, NULL, NULL, '750170000000341489144002', 276, 13, 'ุดูุด', 'ฺฉู ุงุจูุฐุฑุบูุงุฑ ุฎุงุจุงู ุงูุงู', 13, 276, 'ุดูุด ฺฉู ุงุจูุฐุฑุบูุงุฑ  ุฎุงุจุงู ุงูุงู ุฑูุจุฑู ูุณุฌุฏ ุฌุงูุน ูพต', NULL, 'avatar.pngimage85461738448911.webp', 2, -1, NULL, '7501', '1738448621', '$2y$12$8rwo5vSIuAaCr012YeSXuOCBeThvWnd2tVIcDIMHNVjpn9mMiZSb2', '2025-02-01 18:51:53', NULL, 'W30kyC6okSbbAwE81g90AgQ7zzfw4HjewsyWyTZWW5XG7I6FHvUwBdBndSEs', 193, 0, 0, 0, 0, 0, 1, 1, NULL, '2025-02-01 22:29:53', '2025-02-01 18:59:53'),
(194, '09903794800', 'ุนู', 'ูฺฉุงู', 2, 1, 0, NULL, NULL, NULL, NULL, NULL, NULL, NULL, NULL, NULL, NULL, NULL, NULL, NULL, NULL, 'avatar.png', NULL, -1, NULL, '7000', '1738465165', '$2y$12$9AUFYSG5vgiSfueeatIjFuv2ELxmI1QahLNNKsIWJSJkiw67pgZsG', '2025-02-01 23:27:36', NULL, 'yVdr2AP5PgLkuF7PsGnsV1Db6J44bM0jq3YbfFvm3Sqj9G79Xeffbxpxv0bc', NULL, 0, 0, 0, 0, 0, 1, 1, NULL, '2025-02-02 02:59:08', '2025-02-01 23:29:08'),
(195, '09159046301', 'ูุซู', 'ูุตุฑุช', 2, 1, 0, '0939918862', '111858', '55253', NULL, NULL, '0201032223007', 396, 11, 'ูุดูุฏ', NULL, 11, 396, 'ูุงุณู ุขุจุงุฏ ุฏฺฉุชุฑ ุญุณุงุจ ุฌููุจ น', '9189788796', 'image31921738475820.jpg', 4, -1, NULL, '1702', '1738475704', '$2y$12$ZfPE0wr4FvtI3m/8Rk2jTOCYxt4JamBWJyUGKO9WhSSdVp08Ep8PW', '2025-02-02 02:23:23', NULL, 'FvrbhbIWOF5RwIonQ2QlTRBedjP1eGwVQGkisUecuQAtQSGkMsDsJMVURZ7R', 195, 1, 1, 0, 0, 0, 1, 1, NULL, '2025-02-02 06:04:13', '2025-02-02 06:04:13'),
(196, '09910378058', 'ุซุฑุง', 'ุฌูุดุฏ', 2, 1, 0, NULL, NULL, NULL, NULL, NULL, NULL, NULL, NULL, NULL, NULL, NULL, NULL, NULL, NULL, 'avatar.png', NULL, -1, NULL, '1324', '1738513443', '$2y$12$RAoruzK.1MgcnXaZ.LkD2.IZGelqe939QzEQUVnb2jclkbf0PtJ5K', '2025-02-02 12:52:14', NULL, 'FsXGwxnmkYfq6ECljN4VU042YkJQnC5S5N41wPaL6zBMMhbnsVoVslpivTAH', NULL, 0, 0, 0, 0, 0, 1, 1, NULL, '2025-02-02 16:23:25', '2025-02-02 12:53:25'),
(197, '09149090672', 'ุญุณู', 'ูุญูุฏูพูุฑ ฺฏูุดู ุขุจุงุฏ', 2, 1, 0, NULL, NULL, NULL, NULL, NULL, NULL, NULL, NULL, NULL, NULL, NULL, NULL, NULL, NULL, 'avatar.png', NULL, -1, NULL, '5713', '1738514199', '$2y$12$kkKv4LM7wsUPNagCpklBROO4cJB0QFWVXE.TIZLzyH3ZQyy3ypgJe', '2025-02-02 13:04:50', NULL, 'c34nCoLDs3aX3h9Ny2fQ0bDLGn3m3n8Qq5qlXTdRPF1cszTFKqDDWFbxOIV2', NULL, 0, 0, 0, 0, 0, 0, 1, NULL, '2025-02-02 16:34:50', '2025-02-02 16:34:50'),
(198, '09191519138', 'ุฒูุฑุง', 'ูุญูุฏ', 2, 2, 0, '1234567875', NULL, NULL, NULL, NULL, '1234', 327, 19, NULL, NULL, 19, 327, NULL, '983432', 'image81321738607203.jpg', 1, 1, '3', NULL, NULL, '$2y$12$BvWqAyDGS4TYsLDczPcGS.rZ6yAxcTXFHLuOpI8uT5Daexxh6urwq', '2025-02-03 14:59:42', 1, NULL, NULL, 0, 0, 0, 0, 0, 1, 1, NULL, '2025-02-03 18:30:26', '2025-02-03 15:00:26');

-- --------------------------------------------------------

--
-- Table structure for table `user_notes`
--

CREATE TABLE `user_notes` (
  `id` bigint(20) UNSIGNED NOT NULL,
  `promoter_id` int(11) NOT NULL,
  `creator_id` int(11) DEFAULT NULL,
  `content` text DEFAULT NULL,
  `status_id` int(1) DEFAULT 1,
  `deleted_at` timestamp NULL DEFAULT NULL,
  `created_at` timestamp NULL DEFAULT NULL ON UPDATE current_timestamp(),
  `updated_at` timestamp NULL DEFAULT NULL ON UPDATE current_timestamp()
) ENGINE=MyISAM DEFAULT CHARSET=utf8mb4 COLLATE=utf8mb4_unicode_ci;

-- --------------------------------------------------------

--
-- Table structure for table `user_notif`
--

CREATE TABLE `user_notif` (
  `id` int(11) NOT NULL,
  `promoter_id` int(11) DEFAULT NULL,
  `creator_id` int(11) DEFAULT NULL,
  `content` varchar(255) DEFAULT NULL,
  `status_id` int(1) DEFAULT 1,
  `display` int(1) DEFAULT 1,
  `deleted_at` timestamp NULL DEFAULT NULL,
  `created_at` timestamp NULL DEFAULT NULL ON UPDATE current_timestamp(),
  `updated_at` timestamp NULL DEFAULT NULL ON UPDATE current_timestamp()
) ENGINE=MyISAM DEFAULT CHARSET=utf8mb3 COLLATE=utf8mb3_persian_ci;

--
-- Dumping data for table `user_notif`
--

INSERT INTO `user_notif` (`id`, `promoter_id`, `creator_id`, `content`, `status_id`, `display`, `deleted_at`, `created_at`, `updated_at`) VALUES
(2, 3, 1, 'ุงู ุงุทูุงุนู ุจุฑุง ุชุณุช ู ุจุงุดุฏ', 1, 0, NULL, '2024-12-11 13:25:23', '2024-12-11 09:55:23'),
(3, 3, 1, 'ุณูฺฉุญุฏุฑุดูุญ ุณุชุจุดุถููุจุดุตูุฏ ุญุด', 1, 0, NULL, '2024-12-11 13:25:24', '2024-12-11 09:55:24'),
(4, 10, 1, 'ุงู ฺฉ ุงุทูุงุนู ุงุณุช', 1, 1, NULL, '2024-12-14 05:07:58', NULL),
(5, 10, NULL, 'salam b shoma', 1, 1, NULL, '2024-12-15 15:39:49', '2024-12-15 15:39:49'),
(6, 10, NULL, 'new for test salam b shoma', 1, 1, '2024-12-15 15:40:05', '2024-12-15 19:10:05', '2024-12-15 15:40:05'),
(7, 9, NULL, 'salam', 1, 1, NULL, '2024-12-15 15:40:19', '2024-12-15 15:40:19'),
(8, 3, NULL, 'ุชุณุช ฺฉูุฏ', 1, 0, NULL, '2024-12-15 19:28:54', '2024-12-15 15:58:54'),
(9, 13, NULL, 'ุณูุงู ูุจูุบ ฺฏุฑุงู  ุฌูุงุจ ุขูุง ุฑุฎ ูุฑูุฒ \nุฎูุด ุขูุฏุฏ \nููุงุธุจ ุฎูุฏุช ุจุงุด!\nูุง ุนู', 1, 0, NULL, '2024-12-17 18:28:07', '2024-12-17 14:58:07'),
(10, 5, NULL, 'ุณูุงู ุนูฺฉู \nุฎูุด ุขูุฏุฏ', 1, 0, NULL, '2024-12-17 16:11:24', '2024-12-17 12:41:24'),
(11, 14, NULL, 'ุจุง ุณูุงู ุฎุงูู ูฺฉุฒุง ูุทูุง ุงุฒ ูุณูุช ูพุฑููุงู ูุดุฎุตุงุช ูุฑุฏ ุ ุชุจูุบ ุ ูุนุงูู ูุฑููฺฏ ุฑุง ุชฺฉูู ููุงุฏ \nุจุง ุชุดฺฉุฑ', 1, 1, NULL, '2024-12-24 11:41:24', '2024-12-24 11:41:24'),
(12, 64, NULL, 'ุณูุงู ุนูฺฉู  . ุดูุงุฑู 09118599711 ุดูุง ุซุจุช ุดุฏ ู ุฌุงฺฏุฒู ุดุฏ', 1, 1, NULL, '2025-01-07 04:26:19', '2025-01-07 04:26:19');

-- --------------------------------------------------------

--
-- Table structure for table `user_promotions`
--

CREATE TABLE `user_promotions` (
  `id` bigint(20) UNSIGNED NOT NULL,
  `promoter_id` int(11) DEFAULT NULL,
  `position_id` int(11) DEFAULT NULL,
  `city_id` int(11) DEFAULT NULL,
  `province_id` int(11) DEFAULT NULL,
  `city` varchar(255) DEFAULT NULL,
  `village` varchar(255) DEFAULT NULL,
  `place_name` varchar(255) DEFAULT NULL,
  `status_id` int(11) DEFAULT NULL,
  `deleted_at` timestamp NULL DEFAULT NULL,
  `created_at` timestamp NULL DEFAULT NULL ON UPDATE current_timestamp(),
  `updated_at` timestamp NULL DEFAULT NULL ON UPDATE current_timestamp()
) ENGINE=MyISAM DEFAULT CHARSET=utf8mb4 COLLATE=utf8mb4_unicode_ci;

--
-- Dumping data for table `user_promotions`
--

INSERT INTO `user_promotions` (`id`, `promoter_id`, `position_id`, `city_id`, `province_id`, `city`, `village`, `place_name`, `status_id`, `deleted_at`, `created_at`, `updated_at`) VALUES
(70, 3, NULL, NULL, 2, NULL, NULL, NULL, NULL, NULL, NULL, NULL),
(68, 6, 3, 94, 8, 'ุดูุฑุงูุงุช', NULL, 'ูพุฑุฏุณ', NULL, NULL, NULL, NULL),
(67, 6, 4, 94, 8, 'ูพุฑุฏุณ', 'ุฑูุณุชุง ูพุฑุฏุณ', 'ุงูู ุจุช', NULL, NULL, NULL, NULL),
(27, 10, NULL, 89, 2, NULL, NULL, NULL, NULL, NULL, NULL, NULL),
(66, 5, 3, 327, 19, 'ูู', NULL, 'ุงูุงู ุญุณู ุนูู ุงูุณูุงู', NULL, NULL, NULL, NULL),
(47, 20, NULL, NULL, 5, NULL, NULL, NULL, NULL, NULL, NULL, NULL),
(88, 32, NULL, 327, 19, NULL, NULL, NULL, NULL, NULL, NULL, NULL),
(52, 46, 2, 396, 11, 'ูุดูุฏ', NULL, 'ุนู ุจู ููุณ ุงูุฑุถุง ุน', NULL, NULL, NULL, NULL),
(69, 4, NULL, 349, 3, NULL, NULL, NULL, NULL, NULL, NULL, NULL),
(43, 61, 4, 53, 6, 'ููุฑุงู', NULL, 'ุชูุญุฏ', NULL, NULL, NULL, NULL),
(44, 62, 4, 48, 1, NULL, 'ุนุฑุจ', 'ุชูุญุฏ', NULL, NULL, NULL, NULL),
(115, 64, 2, 424, 27, 'ูฺฉุง', 'ุฏููุงููู', 'ุญุถุฑุช ุงุจูุงููุถู ุน', NULL, NULL, NULL, NULL),
(50, 56, NULL, 327, 19, NULL, NULL, NULL, NULL, NULL, NULL, NULL),
(49, 28, 4, 281, 9, 'ฺฉุงู', NULL, 'ุญุฌุงุจ', NULL, NULL, NULL, NULL),
(117, 44, 2, 117, 11, 'ุชุฑุจุช ุญุฏุฑู', NULL, 'ุญุถุฑุช ูุงุณู ุงุจู ุงูุญุณู', NULL, NULL, NULL, NULL),
(116, 44, 2, 117, 11, 'ุชุฑุจุช ุญุฏุฑู', NULL, 'ุงุฏุงุฑู ุฑุงูุฏุงุฑ ู ุญูู ู ููู', NULL, NULL, NULL, NULL),
(61, 66, 4, 13, 24, 'ุงูุจุงุฑุงููู', 'ฺฏูฺฉ ุชูพู ฑ', 'ุขูู ุจ ุจ ุขููฺฏุฑ', NULL, NULL, NULL, NULL),
(90, 69, 2, 409, 31, 'ููุฑูุฒ', NULL, 'ุฌุงูุน ุจุฏฺฉ', NULL, NULL, NULL, NULL),
(64, 70, 4, 13, 24, 'ุขู ููุง', 'ุงูููุงุจ', 'ุงุณุชุงู ฺฏูุณุชุงู ุดูุฑุณุชุงู ุงู ููุง ุจุฎุด ุณุฏ ูุดูฺฏุฑ ุฑูุณุชุง ุงูููุงุจ', NULL, NULL, NULL, NULL),
(73, 77, NULL, 332, 4, NULL, NULL, NULL, NULL, NULL, NULL, NULL),
(128, 15, NULL, 125, 30, NULL, NULL, NULL, NULL, NULL, NULL, NULL),
(72, 13, NULL, 327, 19, NULL, NULL, NULL, NULL, NULL, NULL, NULL),
(78, 33, NULL, 334, 20, NULL, NULL, NULL, NULL, NULL, NULL, NULL),
(81, 78, 4, 423, 2, 'ููุฏู', NULL, 'ุดูุฏููุจุฑุงฺุฏุฑ', NULL, NULL, NULL, NULL),
(82, 14, NULL, 13, 24, NULL, NULL, NULL, NULL, NULL, NULL, NULL),
(111, 29, 2, 106, 8, 'ูพุงฺฉุฏุดุช', NULL, 'ุญุถุฑุช ูุงุฆู', NULL, NULL, NULL, NULL),
(142, 120, 2, 216, 29, 'ุฏูุจุงุฑุฒ', NULL, 'ุฏุจุฑุณุชุงู ูฺฉุชุจ ุงูุฒูุฑุง', NULL, NULL, NULL, NULL),
(85, 94, NULL, 327, 19, NULL, NULL, NULL, NULL, NULL, NULL, NULL),
(86, 141, 4, 335, 30, 'ฺฉุจูุฏุขููฺฏ', 'ูุฑูุชู', 'ุดูุฏ ุฎุถุฑุง ูพุงฺฏุงู ุดูุฏ ููฺู', NULL, NULL, NULL, NULL),
(87, 141, 2, 335, 30, 'ฺฉุจูุฏุฑุงููฺฏ', 'ูุจูุฏู', 'ููุงุฒ ุฎุงูู ุขููุฒุดฺฏุงู', NULL, NULL, NULL, NULL),
(89, 143, NULL, 304, 5, NULL, NULL, NULL, NULL, NULL, NULL, NULL),
(93, 38, 2, 443, 30, NULL, 'ุงุฑุฒุงูููุฏ', 'ุตุงุญุจ ุงูุฒูุงู', NULL, NULL, NULL, NULL),
(94, 38, 1, 443, 30, 'ูุฑุงูุฌ', NULL, 'ุงุจูุงููุถู ฺฉู ุจุฏ ุขุจุงุฏ', NULL, NULL, NULL, NULL),
(98, 155, 4, 423, 2, 'ููุฏู ุจุฎุด ูุญูุฏุงุฑ', NULL, 'ุฑุงูููุงฒฒ ุจููู ูุญูุฏุงุฒ', NULL, NULL, NULL, NULL),
(99, 27, 2, 37, 4, 'ุจุงุบุจูุงุฏุฑุงู', 'ฺฉุฑฺฺฏุงู', 'ูุณุฌุฏ ุฌุงูุน', NULL, NULL, NULL, NULL),
(103, 39, 2, 407, 6, 'ููุฑุงู', 'ููุฑุงู', 'ุจุนุซุช', NULL, NULL, NULL, NULL),
(102, 39, 2, 407, 6, 'ูุฑฺฉุฒ', NULL, 'ุจุนุซุช', NULL, NULL, NULL, NULL),
(131, 53, 4, 222, 21, 'ูุญูุฏ ุขุจุงุฏ', NULL, 'ูุฏุฑุณู ูุชูุณุทู ุฏูุฑู ุฏูู ุฒูุจ ฺฉุจุฑ ุณ', NULL, NULL, NULL, NULL),
(107, 67, 4, 44, 21, 'ุงูุงุฑ', NULL, 'ุดูุฏ ุนูุฒุงุฏู', NULL, NULL, NULL, NULL),
(108, 67, NULL, 44, 21, NULL, 'ุจุงุถ', NULL, NULL, NULL, NULL, NULL),
(110, 137, NULL, 336, 5, NULL, NULL, NULL, NULL, NULL, NULL, NULL),
(113, 111, NULL, 176, 22, NULL, NULL, NULL, NULL, NULL, NULL, NULL),
(114, 114, NULL, 327, 19, NULL, NULL, NULL, NULL, NULL, NULL, NULL),
(118, 186, NULL, 396, NULL, NULL, NULL, NULL, NULL, NULL, NULL, NULL),
(121, 182, NULL, 309, 17, NULL, NULL, NULL, NULL, NULL, NULL, NULL),
(122, 122, NULL, NULL, 17, NULL, NULL, NULL, NULL, NULL, NULL, NULL),
(123, 103, NULL, 417, 24, NULL, NULL, NULL, NULL, NULL, NULL, NULL),
(124, 51, NULL, 432, 11, NULL, NULL, NULL, NULL, NULL, NULL, NULL),
(125, 17, NULL, 375, 17, NULL, NULL, NULL, NULL, NULL, NULL, NULL),
(130, 159, 4, 7, 4, 'ุงุจูุฒุฏุขุจุงุฏ', 'ุญุณู ุขุจุงุฏ ฺฉูุฑ', 'ุดูุงุฏุช', NULL, NULL, NULL, NULL),
(132, 58, NULL, NULL, 1, NULL, NULL, NULL, NULL, NULL, NULL, NULL),
(134, 21, 2, 43, 13, 'ุงูุฏู', 'ุงูุฏู', 'ุดูุฏุฎุฏุงุฏุงุฏุฒุงุฏู', NULL, NULL, NULL, NULL),
(135, 25, 4, 423, 2, 'ุดูุฑููุฏู', NULL, 'ูุฏุฑุณู ูพุณุฑุงูู ุงุจุชุฏุง', NULL, NULL, NULL, NULL),
(136, 195, 2, 396, 11, 'ุจููุงุฑ ุดุงููุงูู ทถ', 'ูุญูุฏ ุขุจุงุฏ', 'ุงูุงู ุญุณู ุน', NULL, NULL, NULL, NULL),
(137, 195, 4, 396, 11, 'ูุดูุฏ', NULL, 'ุฑุงุฒุฏุงู', NULL, NULL, NULL, NULL),
(139, 23, 4, 332, 4, 'ฺฉุงุดุงู', NULL, 'ฺฉูุซุฑ', NULL, NULL, NULL, NULL);

-- --------------------------------------------------------

--
-- Table structure for table `user_roles`
--

CREATE TABLE `user_roles` (
  `id` bigint(20) UNSIGNED NOT NULL,
  `name` varchar(255) NOT NULL,
  `description` text NOT NULL,
  `status_id` int(11) NOT NULL,
  `deleted_at` timestamp NULL DEFAULT NULL,
  `created_at` timestamp NULL DEFAULT NULL,
  `updated_at` timestamp NULL DEFAULT NULL
) ENGINE=MyISAM DEFAULT CHARSET=utf8mb4 COLLATE=utf8mb4_unicode_ci;

--
-- Dumping data for table `user_roles`
--

INSERT INTO `user_roles` (`id`, `name`, `description`, `status_id`, `deleted_at`, `created_at`, `updated_at`) VALUES
(1, 'ูุฏุฑุช', '', 1, NULL, NULL, NULL),
(2, 'ูุจูุบ', '', 1, NULL, NULL, NULL);

--
-- Indexes for dumped tables
--

--
-- Indexes for table `audience_types`
--
ALTER TABLE `audience_types`
  ADD PRIMARY KEY (`id`);

--
-- Indexes for table `base_cities`
--
ALTER TABLE `base_cities`
  ADD PRIMARY KEY (`id`);

--
-- Indexes for table `base_genders`
--
ALTER TABLE `base_genders`
  ADD PRIMARY KEY (`id`) USING BTREE;

--
-- Indexes for table `base_languages`
--
ALTER TABLE `base_languages`
  ADD PRIMARY KEY (`id`) USING BTREE;

--
-- Indexes for table `base_provinces`
--
ALTER TABLE `base_provinces`
  ADD PRIMARY KEY (`id`);

--
-- Indexes for table `base_statuses`
--
ALTER TABLE `base_statuses`
  ADD PRIMARY KEY (`id`) USING BTREE;

--
-- Indexes for table `blogs`
--
ALTER TABLE `blogs`
  ADD PRIMARY KEY (`id`);

--
-- Indexes for table `blog_comments`
--
ALTER TABLE `blog_comments`
  ADD PRIMARY KEY (`id`);

--
-- Indexes for table `blog_subjects`
--
ALTER TABLE `blog_subjects`
  ADD PRIMARY KEY (`id`);

--
-- Indexes for table `cache`
--
ALTER TABLE `cache`
  ADD PRIMARY KEY (`key`) USING BTREE;

--
-- Indexes for table `cache_locks`
--
ALTER TABLE `cache_locks`
  ADD PRIMARY KEY (`key`) USING BTREE;

--
-- Indexes for table `courses`
--
ALTER TABLE `courses`
  ADD PRIMARY KEY (`id`);

--
-- Indexes for table `cultural_users`
--
ALTER TABLE `cultural_users`
  ADD PRIMARY KEY (`id`);

--
-- Indexes for table `education`
--
ALTER TABLE `education`
  ADD PRIMARY KEY (`id`);

--
-- Indexes for table `levels`
--
ALTER TABLE `levels`
  ADD PRIMARY KEY (`id`);

--
-- Indexes for table `migrations`
--
ALTER TABLE `migrations`
  ADD PRIMARY KEY (`id`);

--
-- Indexes for table `promotions`
--
ALTER TABLE `promotions`
  ADD PRIMARY KEY (`id`);

--
-- Indexes for table `promotion_agree`
--
ALTER TABLE `promotion_agree`
  ADD PRIMARY KEY (`id`);

--
-- Indexes for table `promotion_agree_item`
--
ALTER TABLE `promotion_agree_item`
  ADD PRIMARY KEY (`id`);

--
-- Indexes for table `promotion_positions`
--
ALTER TABLE `promotion_positions`
  ADD PRIMARY KEY (`id`);

--
-- Indexes for table `promotion_reports`
--
ALTER TABLE `promotion_reports`
  ADD PRIMARY KEY (`id`);

--
-- Indexes for table `promotion_ritual`
--
ALTER TABLE `promotion_ritual`
  ADD PRIMARY KEY (`id`);

--
-- Indexes for table `rituals`
--
ALTER TABLE `rituals`
  ADD PRIMARY KEY (`id`);

--
-- Indexes for table `ritual_reports`
--
ALTER TABLE `ritual_reports`
  ADD PRIMARY KEY (`id`);

--
-- Indexes for table `supports`
--
ALTER TABLE `supports`
  ADD PRIMARY KEY (`id`);

--
-- Indexes for table `support_types`
--
ALTER TABLE `support_types`
  ADD PRIMARY KEY (`id`);

--
-- Indexes for table `support_users`
--
ALTER TABLE `support_users`
  ADD PRIMARY KEY (`id`);

--
-- Indexes for table `tickets`
--
ALTER TABLE `tickets`
  ADD PRIMARY KEY (`id`);

--
-- Indexes for table `ticket_items`
--
ALTER TABLE `ticket_items`
  ADD PRIMARY KEY (`id`);

--
-- Indexes for table `ticket_subjects`
--
ALTER TABLE `ticket_subjects`
  ADD PRIMARY KEY (`id`);

--
-- Indexes for table `tribunes`
--
ALTER TABLE `tribunes`
  ADD PRIMARY KEY (`id`);

--
-- Indexes for table `users`
--
ALTER TABLE `users`
  ADD PRIMARY KEY (`id`);

--
-- Indexes for table `user_notes`
--
ALTER TABLE `user_notes`
  ADD PRIMARY KEY (`id`);

--
-- Indexes for table `user_notif`
--
ALTER TABLE `user_notif`
  ADD PRIMARY KEY (`id`);

--
-- Indexes for table `user_promotions`
--
ALTER TABLE `user_promotions`
  ADD PRIMARY KEY (`id`);

--
-- Indexes for table `user_roles`
--
ALTER TABLE `user_roles`
  ADD PRIMARY KEY (`id`);

--
-- AUTO_INCREMENT for dumped tables
--

--
-- AUTO_INCREMENT for table `audience_types`
--
ALTER TABLE `audience_types`
  MODIFY `id` bigint(20) UNSIGNED NOT NULL AUTO_INCREMENT, AUTO_INCREMENT=6;

--
-- AUTO_INCREMENT for table `base_cities`
--
ALTER TABLE `base_cities`
  MODIFY `id` bigint(20) UNSIGNED NOT NULL AUTO_INCREMENT, AUTO_INCREMENT=449;

--
-- AUTO_INCREMENT for table `base_genders`
--
ALTER TABLE `base_genders`
  MODIFY `id` bigint(20) UNSIGNED NOT NULL AUTO_INCREMENT, AUTO_INCREMENT=3;

--
-- AUTO_INCREMENT for table `base_languages`
--
ALTER TABLE `base_languages`
  MODIFY `id` bigint(20) UNSIGNED NOT NULL AUTO_INCREMENT, AUTO_INCREMENT=4;

--
-- AUTO_INCREMENT for table `base_provinces`
--
ALTER TABLE `base_provinces`
  MODIFY `id` bigint(20) UNSIGNED NOT NULL AUTO_INCREMENT, AUTO_INCREMENT=32;

--
-- AUTO_INCREMENT for table `base_statuses`
--
ALTER TABLE `base_statuses`
  MODIFY `id` bigint(20) UNSIGNED NOT NULL AUTO_INCREMENT, AUTO_INCREMENT=37;

--
-- AUTO_INCREMENT for table `blogs`
--
ALTER TABLE `blogs`
  MODIFY `id` bigint(20) UNSIGNED NOT NULL AUTO_INCREMENT, AUTO_INCREMENT=10;

--
-- AUTO_INCREMENT for table `blog_comments`
--
ALTER TABLE `blog_comments`
  MODIFY `id` bigint(20) UNSIGNED NOT NULL AUTO_INCREMENT, AUTO_INCREMENT=65;

--
-- AUTO_INCREMENT for table `blog_subjects`
--
ALTER TABLE `blog_subjects`
  MODIFY `id` bigint(20) UNSIGNED NOT NULL AUTO_INCREMENT;

--
-- AUTO_INCREMENT for table `courses`
--
ALTER TABLE `courses`
  MODIFY `id` bigint(20) UNSIGNED NOT NULL AUTO_INCREMENT, AUTO_INCREMENT=272;

--
-- AUTO_INCREMENT for table `cultural_users`
--
ALTER TABLE `cultural_users`
  MODIFY `id` bigint(20) UNSIGNED NOT NULL AUTO_INCREMENT, AUTO_INCREMENT=68;

--
-- AUTO_INCREMENT for table `education`
--
ALTER TABLE `education`
  MODIFY `id` bigint(20) UNSIGNED NOT NULL AUTO_INCREMENT, AUTO_INCREMENT=5;

--
-- AUTO_INCREMENT for table `levels`
--
ALTER TABLE `levels`
  MODIFY `id` bigint(20) UNSIGNED NOT NULL AUTO_INCREMENT, AUTO_INCREMENT=6;

--
-- AUTO_INCREMENT for table `migrations`
--
ALTER TABLE `migrations`
  MODIFY `id` int(10) UNSIGNED NOT NULL AUTO_INCREMENT;

--
-- AUTO_INCREMENT for table `promotions`
--
ALTER TABLE `promotions`
  MODIFY `id` bigint(20) UNSIGNED NOT NULL AUTO_INCREMENT, AUTO_INCREMENT=6;

--
-- AUTO_INCREMENT for table `promotion_agree`
--
ALTER TABLE `promotion_agree`
  MODIFY `id` int(11) NOT NULL AUTO_INCREMENT, AUTO_INCREMENT=158;

--
-- AUTO_INCREMENT for table `promotion_agree_item`
--
ALTER TABLE `promotion_agree_item`
  MODIFY `id` int(11) NOT NULL AUTO_INCREMENT, AUTO_INCREMENT=357;

--
-- AUTO_INCREMENT for table `promotion_positions`
--
ALTER TABLE `promotion_positions`
  MODIFY `id` bigint(20) UNSIGNED NOT NULL AUTO_INCREMENT, AUTO_INCREMENT=5;

--
-- AUTO_INCREMENT for table `promotion_reports`
--
ALTER TABLE `promotion_reports`
  MODIFY `id` bigint(20) UNSIGNED NOT NULL AUTO_INCREMENT, AUTO_INCREMENT=142;

--
-- AUTO_INCREMENT for table `promotion_ritual`
--
ALTER TABLE `promotion_ritual`
  MODIFY `id` int(11) NOT NULL AUTO_INCREMENT, AUTO_INCREMENT=25;

--
-- AUTO_INCREMENT for table `rituals`
--
ALTER TABLE `rituals`
  MODIFY `id` bigint(20) UNSIGNED NOT NULL AUTO_INCREMENT, AUTO_INCREMENT=7;

--
-- AUTO_INCREMENT for table `ritual_reports`
--
ALTER TABLE `ritual_reports`
  MODIFY `id` bigint(20) UNSIGNED NOT NULL AUTO_INCREMENT, AUTO_INCREMENT=56;

--
-- AUTO_INCREMENT for table `supports`
--
ALTER TABLE `supports`
  MODIFY `id` int(11) UNSIGNED NOT NULL AUTO_INCREMENT, AUTO_INCREMENT=6;

--
-- AUTO_INCREMENT for table `support_types`
--
ALTER TABLE `support_types`
  MODIFY `id` bigint(20) UNSIGNED NOT NULL AUTO_INCREMENT, AUTO_INCREMENT=4;

--
-- AUTO_INCREMENT for table `support_users`
--
ALTER TABLE `support_users`
  MODIFY `id` int(11) NOT NULL AUTO_INCREMENT, AUTO_INCREMENT=15;

--
-- AUTO_INCREMENT for table `tickets`
--
ALTER TABLE `tickets`
  MODIFY `id` bigint(20) UNSIGNED NOT NULL AUTO_INCREMENT, AUTO_INCREMENT=11;

--
-- AUTO_INCREMENT for table `ticket_items`
--
ALTER TABLE `ticket_items`
  MODIFY `id` bigint(20) UNSIGNED NOT NULL AUTO_INCREMENT, AUTO_INCREMENT=18;

--
-- AUTO_INCREMENT for table `ticket_subjects`
--
ALTER TABLE `ticket_subjects`
  MODIFY `id` bigint(20) UNSIGNED NOT NULL AUTO_INCREMENT, AUTO_INCREMENT=4;

--
-- AUTO_INCREMENT for table `tribunes`
--
ALTER TABLE `tribunes`
  MODIFY `id` bigint(20) UNSIGNED NOT NULL AUTO_INCREMENT, AUTO_INCREMENT=159;

--
-- AUTO_INCREMENT for table `users`
--
ALTER TABLE `users`
  MODIFY `id` bigint(20) UNSIGNED NOT NULL AUTO_INCREMENT, AUTO_INCREMENT=199;

--
-- AUTO_INCREMENT for table `user_notes`
--
ALTER TABLE `user_notes`
  MODIFY `id` bigint(20) UNSIGNED NOT NULL AUTO_INCREMENT;

--
-- AUTO_INCREMENT for table `user_notif`
--
ALTER TABLE `user_notif`
  MODIFY `id` int(11) NOT NULL AUTO_INCREMENT, AUTO_INCREMENT=13;

--
-- AUTO_INCREMENT for table `user_promotions`
--
ALTER TABLE `user_promotions`
  MODIFY `id` bigint(20) UNSIGNED NOT NULL AUTO_INCREMENT, AUTO_INCREMENT=143;

--
-- AUTO_INCREMENT for table `user_roles`
--
ALTER TABLE `user_roles`
  MODIFY `id` bigint(20) UNSIGNED NOT NULL AUTO_INCREMENT, AUTO_INCREMENT=3;
COMMIT;

/*!40101 SET CHARACTER_SET_CLIENT=@OLD_CHARACTER_SET_CLIENT */;
/*!40101 SET CHARACTER_SET_RESULTS=@OLD_CHARACTER_SET_RESULTS */;
/*!40101 SET COLLATION_CONNECTION=@OLD_COLLATION_CONNECTION */;
